{"type": "FeatureCollection", "features": [{"type": "Feature", "properties": {"id": "042.005.MARE_MARE", "nmkec": "Bontomanai", "nmdesa": "Mare Mare", "kdkec": "042", "kddesa": "005", "dominan": "kelapa", "total_ha": 320.0}, "geometry": {"type": "Polygon", "coordinates": [[[120.48857, -6.06052], [120.48823, -6.0603], [120.48815, -6.06024], [120.48776, -6.05998], [120.48776, -6.05998], [120.48776, -6.05997], [120.48774, -6.05985], [120.48793, -6.05982], [120.48796, -6.0598], [120.48804, -6.05974], [120.48816, -6.05961], [120.48816, -6.05961], [120.48816, -6.05961], [120.48821, -6.05946], [120.48816, -6.05931], [120.48801, -6.05915], [120.48797, -6.05911], [120.48796, -6.0591], [120.48791, -6.05906], [120.48768, -6.05887], [120.48767, -6.05887], [120.48744, -6.05881], [120.48716, -6.05878], [120.48709, -6.05878], [120.48695, -6.05885], [120.48689, -6.05887], [120.48676, -6.05891], [120.48651, -6.05895], [120.48639, -6.05888], [120.48639, -6.05888], [120.48635, -6.05884], [120.48626, -6.05873], [120.48606, -6.05853], [120.48606, -6.05852], [120.48584, -6.05802], [120.48584, -6.05802], [120.48579, -6.05798], [120.48568, -6.05789], [120.48567, -6.05789], [120.48555, -6.05789], [120.48545, -6.05791], [120.48524, -6.05797], [120.48524, -6.05797], [120.48508, -6.058], [120.48507, -6.058], [120.48503, -6.05801], [120.48483, -6.05808], [120.48471, -6.05814], [120.48462, -6.05819], [120.48447, -6.05816], [120.48433, -6.05814], [120.48422, -6.05812], [120.48412, -6.0581], [120.48411, -6.0581], [120.48378, -6.05803], [120.48348, -6.05799], [120.48347, -6.05799], [120.48343, -6.05798], [120.48335, -6.05797], [120.48334, -6.05797], [120.48327, -6.05785], [120.48333, -6.05769], [120.48338, -6.05755], [120.48334, -6.05746], [120.48333, -6.05744], [120.48328, -6.05735], [120.48313, -6.05721], [120.48308, -6.05716], [120.48307, -6.05716], [120.48302, -6.05713], [120.4827, -6.05696], [120.48266, -6.05696], [120.48258, -6.05695], [120.48258, -6.05695], [120.4824, -6.0568], [120.48157, -6.05589], [120.48108, -6.05579], [120.48059, -6.05605], [120.48025, -6.0565], [120.47994, -6.05691], [120.4793, -6.05677], [120.47876, -6.05687], [120.47855, -6.05712], [120.47784, -6.05723], [120.47768, -6.05697], [120.47787, -6.05642], [120.47771, -6.05584], [120.47722, -6.05588], [120.47648, -6.05539], [120.476, -6.05516], [120.4757, -6.05542], [120.47548, -6.05591], [120.47512, -6.05633], [120.47467, -6.05632], [120.47427, -6.05586], [120.47339, -6.05559], [120.47302, -6.05541], [120.47267, -6.05519], [120.47212, -6.0548], [120.47148, -6.05425], [120.47094, -6.05355], [120.47054, -6.0529], [120.47015, -6.05203], [120.46972, -6.05166], [120.46917, -6.05133], [120.46914, -6.05132], [120.4691, -6.05131], [120.46892, -6.05128], [120.46872, -6.05117], [120.46872, -6.05117], [120.46868, -6.05115], [120.46853, -6.05101], [120.46845, -6.05084], [120.46854, -6.05064], [120.46855, -6.05062], [120.46855, -6.05062], [120.46858, -6.05047], [120.46858, -6.05046], [120.46862, -6.05042], [120.46872, -6.05029], [120.469, -6.05002], [120.46905, -6.04998], [120.46909, -6.04993], [120.46909, -6.04993], [120.46909, -6.04987], [120.46909, -6.04987], [120.46913, -6.04979], [120.46914, -6.04963], [120.46909, -6.04944], [120.46909, -6.04943], [120.46889, -6.04937], [120.46873, -6.0494], [120.46851, -6.04941], [120.46837, -6.0493], [120.46793, -6.04712], [120.46757, -6.04566], [120.46757, -6.04566], [120.46761, -6.04398], [120.46762, -6.04309], [120.4675, -6.0421], [120.46783, -6.04081], [120.46783, -6.04081], [120.47222, -6.03991], [120.47596, -6.03919], [120.48016, -6.03924], [120.48329, -6.03906], [120.48545, -6.03894], [120.48615, -6.03894], [120.48675, -6.03894], [120.48919, -6.03894], [120.49039, -6.03897], [120.49377, -6.03909], [120.49396, -6.0391], [120.49523, -6.03936], [120.49647, -6.03962], [120.49749, -6.03981], [120.49936, -6.04024], [120.49936, -6.04024], [120.4994, -6.04336], [120.49945, -6.0453], [120.49948, -6.04656], [120.49953, -6.04894], [120.49956, -6.05019], [120.5002, -6.0512], [120.50118, -6.05276], [120.50196, -6.054], [120.49756, -6.05602], [120.49541, -6.05728], [120.49373, -6.05827], [120.49075, -6.05919], [120.48923, -6.06019], [120.4889, -6.06035], [120.48857, -6.06052]]]}}, {"type": "Feature", "properties": {"id": "042.008.BONEA_MAKMUR", "nmkec": "Bontomanai", "nmdesa": "Bonea Makmur", "kdkec": "042", "kddesa": "008", "dominan": "kelapa", "total_ha": 265.3}, "geometry": {"type": "Polygon", "coordinates": [[[120.52762, -6.00405], [120.52798, -6.00269], [120.52815, -6.00272], [120.53888, -5.99639], [120.54109, -5.99508], [120.54349, -5.99054], [120.54521, -5.98945], [120.54729, -5.98754], [120.55001, -5.98388], [120.55038, -5.98118], [120.55168, -5.97753], [120.55208, -5.97731], [120.55225, -5.9773], [120.55222, -5.97743], [120.55236, -5.9778], [120.55239, -5.9783], [120.55284, -5.97873], [120.55303, -5.97908], [120.55302, -5.97937], [120.5529, -5.97965], [120.55278, -5.97979], [120.55273, -5.98009], [120.55252, -5.98026], [120.55236, -5.98024], [120.55213, -5.98027], [120.55192, -5.98024], [120.55191, -5.98025], [120.5517, -5.98032], [120.55184, -5.9804], [120.55196, -5.98059], [120.55205, -5.98072], [120.55208, -5.98105], [120.55218, -5.98124], [120.55231, -5.98132], [120.55257, -5.98139], [120.55277, -5.9814], [120.55294, -5.9814], [120.55297, -5.98139], [120.55309, -5.98138], [120.55326, -5.9814], [120.5535, -5.98149], [120.55367, -5.98163], [120.55369, -5.98159], [120.55386, -5.98187], [120.55394, -5.98183], [120.55404, -5.98221], [120.55413, -5.98232], [120.55423, -5.98248], [120.55424, -5.98269], [120.55433, -5.98286], [120.5543, -5.98303], [120.55434, -5.98327], [120.55443, -5.98352], [120.55449, -5.98413], [120.55436, -5.98448], [120.55424, -5.98457], [120.55434, -5.98467], [120.5545, -5.98487], [120.55463, -5.98514], [120.55462, -5.9852], [120.55463, -5.98525], [120.55449, -5.98534], [120.5545, -5.98556], [120.55453, -5.98565], [120.55462, -5.98561], [120.55481, -5.98565], [120.55503, -5.98589], [120.55522, -5.98642], [120.55516, -5.98685], [120.55528, -5.98702], [120.55537, -5.98733], [120.55556, -5.98754], [120.55568, -5.98751], [120.55598, -5.98781], [120.55633, -5.98821], [120.55682, -5.98891], [120.55691, -5.98896], [120.55702, -5.98909], [120.55706, -5.98923], [120.55719, -5.98943], [120.55717, -5.98967], [120.55714, -5.98971], [120.55712, -5.98974], [120.55728, -5.98999], [120.55739, -5.99011], [120.55764, -5.99055], [120.55749, -5.99075], [120.55778, -5.99081], [120.55804, -5.99108], [120.55839, -5.99115], [120.55851, -5.99157], [120.55854, -5.99197], [120.55872, -5.99222], [120.55873, -5.99264], [120.55863, -5.99301], [120.55849, -5.99308], [120.55856, -5.99316], [120.55873, -5.99338], [120.55873, -5.99365], [120.55867, -5.994], [120.55861, -5.99407], [120.55848, -5.99414], [120.55828, -5.99409], [120.55806, -5.99401], [120.55784, -5.99409], [120.55815, -5.99455], [120.55831, -5.99471], [120.55841, -5.99472], [120.55844, -5.99478], [120.55868, -5.99482], [120.55869, -5.99497], [120.5587, -5.99526], [120.55876, -5.99543], [120.55882, -5.99568], [120.55878, -5.99602], [120.55868, -5.9962], [120.55871, -5.99642], [120.55861, -5.99656], [120.55871, -5.9967], [120.55868, -5.99697], [120.55879, -5.99701], [120.55883, -5.99718], [120.55873, -5.99716], [120.55882, -5.99741], [120.55892, -5.99772], [120.55891, -5.99792], [120.55872, -5.99805], [120.55856, -5.99834], [120.55871, -5.9986], [120.55891, -5.99888], [120.55895, -5.9991], [120.55901, -5.99953], [120.5589, -5.99971], [120.55872, -5.99971], [120.55862, -5.99986], [120.55857, -6.00008], [120.55861, -6.00022], [120.55884, -6.00029], [120.55902, -6.00047], [120.55904, -6.00072], [120.55904, -6.00094], [120.55913, -6.00115], [120.55909, -6.00147], [120.559, -6.00169], [120.5589, -6.00192], [120.55901, -6.00221], [120.55928, -6.00225], [120.55936, -6.00246], [120.55956, -6.00284], [120.55967, -6.00304], [120.55961, -6.00319], [120.5596, -6.00329], [120.55954, -6.00337], [120.55955, -6.00361], [120.55954, -6.00385], [120.55961, -6.00418], [120.55968, -6.00453], [120.55972, -6.00487], [120.55981, -6.00521], [120.55992, -6.00542], [120.55997, -6.0057], [120.56002, -6.00602], [120.56, -6.00635], [120.55978, -6.0065], [120.55981, -6.00673], [120.55987, -6.00694], [120.55982, -6.00708], [120.56, -6.0072], [120.56012, -6.00724], [120.56027, -6.0074], [120.56045, -6.00747], [120.56055, -6.00759], [120.56066, -6.00771], [120.56072, -6.00785], [120.56066, -6.00801], [120.56067, -6.00819], [120.56071, -6.00835], [120.56077, -6.00861], [120.56082, -6.00883], [120.56078, -6.00906], [120.5608, -6.00926], [120.5608, -6.00939], [120.56068, -6.00961], [120.56081, -6.00968], [120.56081, -6.00985], [120.56092, -6.00997], [120.56107, -6.01001], [120.56112, -6.01024], [120.56121, -6.01043], [120.56131, -6.01074], [120.56137, -6.01105], [120.56141, -6.01137], [120.56138, -6.0117], [120.56134, -6.01189], [120.56124, -6.01195], [120.56122, -6.01217], [120.56114, -6.0123], [120.56107, -6.01239], [120.56101, -6.01258], [120.5609, -6.01265], [120.56082, -6.01273], [120.56096, -6.01282], [120.56104, -6.01292], [120.56117, -6.01293], [120.56132, -6.01299], [120.56141, -6.01316], [120.56154, -6.01341], [120.56175, -6.01354], [120.56186, -6.0138], [120.56186, -6.01396], [120.56182, -6.01408], [120.56193, -6.01416], [120.56203, -6.01433], [120.56206, -6.01453], [120.56213, -6.01473], [120.56222, -6.01495], [120.56228, -6.01544], [120.56219, -6.01576], [120.56224, -6.01624], [120.56237, -6.01666], [120.56243, -6.01691], [120.56251, -6.01706], [120.56279, -6.01744], [120.56286, -6.01775], [120.56295, -6.01797], [120.56297, -6.01821], [120.56305, -6.01845], [120.56313, -6.01875], [120.56318, -6.01905], [120.56317, -6.01932], [120.56309, -6.01944], [120.56316, -6.01955], [120.56332, -6.01949], [120.56369, -6.01995], [120.56397, -6.02043], [120.56404, -6.02097], [120.56416, -6.02143], [120.56407, -6.02158], [120.564, -6.02163], [120.56401, -6.0218], [120.56405, -6.02205], [120.56407, -6.02241], [120.56408, -6.02283], [120.56402, -6.02314], [120.56401, -6.02327], [120.564, -6.02342], [120.56404, -6.0235], [120.56407, -6.02365], [120.56389, -6.02373], [120.5637, -6.02393], [120.56367, -6.02414], [120.5636, -6.0242], [120.56366, -6.02435], [120.56384, -6.02444], [120.56396, -6.02448], [120.56408, -6.02443], [120.56424, -6.02453], [120.56429, -6.02449], [120.56432, -6.0247], [120.56439, -6.025], [120.56456, -6.02527], [120.56463, -6.02556], [120.56467, -6.02576], [120.56469, -6.02591], [120.56469, -6.02615], [120.56464, -6.02645], [120.5647, -6.02675], [120.5646, -6.02697], [120.56455, -6.02705], [120.56432, -6.02721], [120.56442, -6.02725], [120.56455, -6.02732], [120.56467, -6.0275], [120.56464, -6.02764], [120.56464, -6.02779], [120.56485, -6.028], [120.56489, -6.02819], [120.5649, -6.02835], [120.56486, -6.02838], [120.56485, -6.02853], [120.56488, -6.02869], [120.56488, -6.02871], [120.56496, -6.02891], [120.56499, -6.0291], [120.565, -6.02923], [120.56505, -6.02937], [120.56508, -6.02946], [120.56507, -6.02957], [120.56503, -6.02964], [120.56505, -6.02982], [120.56508, -6.0299], [120.56517, -6.03009], [120.5651, -6.03025], [120.5649, -6.03034], [120.56502, -6.0306], [120.56518, -6.03076], [120.56535, -6.03085], [120.56548, -6.03106], [120.56558, -6.03133], [120.56545, -6.03146], [120.56538, -6.03146], [120.56537, -6.03171], [120.56537, -6.03229], [120.55961, -6.0323], [120.5562, -6.02726], [120.55065, -6.02726], [120.54741, -6.02693], [120.5445, -6.0269], [120.54192, -6.02713], [120.53915, -6.0274], [120.5377, -6.02746], [120.53431, -6.02745], [120.53265, -6.02739], [120.52923, -6.02733], [120.52302, -6.02674], [120.5211, -6.02614], [120.5198, -6.02588], [120.51469, -6.02614], [120.51448, -6.02617], [120.51452, -6.02482], [120.51455, -6.02336], [120.51357, -6.0212], [120.50687, -6.0212], [120.50707, -6.01905], [120.50757, -6.01656], [120.50754, -6.01225], [120.50754, -6.01114], [120.51016, -6.01116], [120.51224, -6.011], [120.5166, -6.00928], [120.51741, -6.00896], [120.51779, -6.00882], [120.51962, -6.00816], [120.52305, -6.0064], [120.52762, -6.00405]]]}}, {"type": "Feature", "properties": {"id": "011.002.GARAUPA", "nmkec": "Pasilambena", "nmdesa": "Garaupa", "kdkec": "011", "kddesa": "002", "dominan": "kelapa", "total_ha": 1668.8}, "geometry": {"type": "Polygon", "coordinates": [[[121.77192, -7.39959], [121.77102, -7.39929], [121.76706, -7.39796], [121.76127, -7.39603], [121.75916, -7.39578], [121.74889, -7.39458], [121.74536, -7.39424], [121.74508, -7.39422], [121.74511, -7.39409], [121.74533, -7.39386], [121.74544, -7.39378], [121.74552, -7.39355], [121.74531, -7.39344], [121.74526, -7.39323], [121.74504, -7.39314], [121.74491, -7.39294], [121.74481, -7.39279], [121.74474, -7.39267], [121.74474, -7.39251], [121.74483, -7.39229], [121.74495, -7.39213], [121.74506, -7.39203], [121.74517, -7.39162], [121.74513, -7.39145], [121.745, -7.39132], [121.74485, -7.39131], [121.74481, -7.39111], [121.74492, -7.39095], [121.7448, -7.39094], [121.74472, -7.39081], [121.74464, -7.39035], [121.7447, -7.39009], [121.74494, -7.38972], [121.74532, -7.38958], [121.74522, -7.38899], [121.74515, -7.38883], [121.74513, -7.3886], [121.74516, -7.38821], [121.74492, -7.38763], [121.74498, -7.38739], [121.74496, -7.38705], [121.74521, -7.38669], [121.74539, -7.38666], [121.74526, -7.38577], [121.74511, -7.38507], [121.74495, -7.38465], [121.74499, -7.38425], [121.74518, -7.3841], [121.74533, -7.38367], [121.74538, -7.38351], [121.74529, -7.38326], [121.7453, -7.38293], [121.74555, -7.38273], [121.74568, -7.38258], [121.74601, -7.38264], [121.74626, -7.38267], [121.74643, -7.38201], [121.74654, -7.38132], [121.7468, -7.38059], [121.74678, -7.38029], [121.74673, -7.37991], [121.74678, -7.37967], [121.74674, -7.37934], [121.7467, -7.3793], [121.74675, -7.37918], [121.74668, -7.37914], [121.74666, -7.37901], [121.74659, -7.37888], [121.74684, -7.37886], [121.74818, -7.37892], [121.7489, -7.3793], [121.74939, -7.37958], [121.74977, -7.37939], [121.75003, -7.37927], [121.75074, -7.37889], [121.75129, -7.3788], [121.75192, -7.37834], [121.7522, -7.37812], [121.75248, -7.37789], [121.75264, -7.37765], [121.75314, -7.37695], [121.75333, -7.3765], [121.75345, -7.37624], [121.7537, -7.37603], [121.75381, -7.37585], [121.75392, -7.37565], [121.75405, -7.37373], [121.75403, -7.37272], [121.75399, -7.37215], [121.75392, -7.37081], [121.75386, -7.36997], [121.75398, -7.36719], [121.75396, -7.3639], [121.75412, -7.36323], [121.75411, -7.36286], [121.75451, -7.36093], [121.75417, -7.35884], [121.75422, -7.35833], [121.75368, -7.35665], [121.75392, -7.35585], [121.75387, -7.35473], [121.75388, -7.35371], [121.75397, -7.35299], [121.75404, -7.35267], [121.75415, -7.35236], [121.75443, -7.35186], [121.75455, -7.35146], [121.75476, -7.35116], [121.75488, -7.35096], [121.7552, -7.35052], [121.75535, -7.35009], [121.7556, -7.34968], [121.75593, -7.34942], [121.75624, -7.34921], [121.75638, -7.3487], [121.75666, -7.3481], [121.75688, -7.34789], [121.75696, -7.3476], [121.75731, -7.34712], [121.75776, -7.34654], [121.75819, -7.34588], [121.75861, -7.34545], [121.75885, -7.34501], [121.75914, -7.3446], [121.7597, -7.34446], [121.76016, -7.34422], [121.76077, -7.34447], [121.76155, -7.34524], [121.76206, -7.34558], [121.76275, -7.34602], [121.76367, -7.34621], [121.76408, -7.34632], [121.76429, -7.34649], [121.76447, -7.34631], [121.76545, -7.34586], [121.76613, -7.34555], [121.76627, -7.34548], [121.76681, -7.34533], [121.76746, -7.34513], [121.76846, -7.34474], [121.76911, -7.34453], [121.76993, -7.34452], [121.77013, -7.34454], [121.77074, -7.34349], [121.77107, -7.34266], [121.77155, -7.34156], [121.772, -7.34057], [121.77212, -7.34025], [121.77248, -7.33972], [121.77304, -7.3395], [121.77322, -7.33943], [121.77334, -7.33939], [121.77342, -7.33939], [121.77434, -7.33899], [121.77527, -7.33931], [121.7756, -7.33937], [121.77591, -7.33959], [121.77643, -7.33934], [121.77783, -7.33933], [121.77817, -7.33928], [121.77873, -7.3392], [121.77934, -7.33914], [121.77986, -7.33906], [121.78043, -7.33887], [121.78119, -7.33839], [121.78133, -7.33809], [121.78146, -7.33788], [121.78173, -7.33769], [121.78198, -7.3374], [121.7826, -7.33697], [121.78339, -7.33667], [121.78345, -7.33668], [121.78369, -7.33639], [121.7836, -7.33598], [121.78398, -7.33594], [121.78437, -7.33549], [121.78482, -7.33494], [121.78486, -7.3345], [121.78532, -7.33397], [121.78581, -7.33397], [121.78594, -7.33415], [121.78608, -7.33421], [121.7864, -7.33419], [121.78652, -7.33433], [121.78678, -7.3344], [121.78689, -7.33451], [121.78721, -7.33454], [121.78773, -7.33453], [121.78795, -7.33459], [121.78828, -7.33462], [121.78879, -7.33469], [121.78965, -7.33478], [121.79092, -7.33474], [121.79126, -7.33479], [121.79143, -7.33468], [121.79152, -7.33456], [121.79181, -7.33461], [121.79198, -7.33442], [121.79225, -7.33431], [121.79257, -7.33431], [121.79274, -7.33423], [121.7932, -7.33417], [121.79344, -7.3341], [121.79353, -7.33399], [121.79386, -7.33388], [121.79421, -7.33386], [121.79448, -7.33372], [121.79476, -7.33365], [121.79494, -7.33358], [121.79517, -7.33345], [121.79546, -7.33329], [121.79565, -7.33322], [121.79583, -7.33319], [121.79606, -7.33319], [121.79617, -7.3331], [121.79636, -7.3331], [121.7966, -7.33303], [121.79679, -7.33302], [121.79707, -7.33291], [121.7974, -7.3329], [121.79767, -7.33282], [121.7983, -7.33261], [121.79881, -7.33255], [121.79919, -7.33254], [121.79938, -7.33248], [121.79962, -7.33249], [121.79979, -7.33245], [121.80005, -7.33254], [121.80014, -7.33269], [121.80036, -7.33265], [121.80058, -7.3325], [121.80083, -7.33234], [121.80112, -7.33231], [121.80126, -7.33218], [121.80157, -7.33211], [121.80172, -7.33205], [121.80187, -7.33212], [121.80196, -7.33201], [121.80247, -7.33196], [121.80323, -7.33182], [121.8037, -7.3318], [121.80425, -7.33165], [121.80474, -7.3316], [121.80504, -7.33174], [121.80566, -7.33162], [121.80628, -7.33163], [121.80669, -7.3315], [121.807, -7.33145], [121.80756, -7.33131], [121.80773, -7.33144], [121.80791, -7.33152], [121.80802, -7.33169], [121.80858, -7.33162], [121.80872, -7.33152], [121.80906, -7.33143], [121.80931, -7.33139], [121.8095, -7.33132], [121.81008, -7.3311], [121.81056, -7.33101], [121.81075, -7.33102], [121.81096, -7.33085], [121.8111, -7.33092], [121.81139, -7.33096], [121.81204, -7.33086], [121.81216, -7.33084], [121.8123, -7.33087], [121.81251, -7.33095], [121.81281, -7.33094], [121.81292, -7.33084], [121.81319, -7.33083], [121.81335, -7.33093], [121.81376, -7.33088], [121.8142, -7.3308], [121.81464, -7.33088], [121.81481, -7.33083], [121.8153, -7.33085], [121.81553, -7.33083], [121.81592, -7.33067], [121.81605, -7.33047], [121.81601, -7.33005], [121.81627, -7.32998], [121.81643, -7.33018], [121.81676, -7.33031], [121.81704, -7.33032], [121.81752, -7.33041], [121.81784, -7.33057], [121.81798, -7.33062], [121.81808, -7.33062], [121.81828, -7.33064], [121.8184, -7.33066], [121.81854, -7.33062], [121.81891, -7.33062], [121.81907, -7.33071], [121.81922, -7.33069], [121.81933, -7.33058], [121.81939, -7.33048], [121.81963, -7.33044], [121.81977, -7.33054], [121.81987, -7.33058], [121.82003, -7.33058], [121.82022, -7.33067], [121.82034, -7.33075], [121.82054, -7.33084], [121.82069, -7.33089], [121.81855, -7.3368], [121.81237, -7.35318], [121.80866, -7.36722], [121.79978, -7.37046], [121.78703, -7.37203], [121.77921, -7.37242], [121.77118, -7.37271], [121.7705, -7.37107], [121.76866, -7.37435], [121.7667, -7.37825], [121.76495, -7.38191], [121.76641, -7.38517], [121.76766, -7.38716], [121.7693, -7.38955], [121.77045, -7.39101], [121.77151, -7.39213], [121.77177, -7.39401], [121.77192, -7.39959]]]}}, {"type": "Feature", "properties": {"id": "022.006.UJUNG", "nmkec": "Pasimassunggu Timur", "nmdesa": "Ujung", "kdkec": "022", "kddesa": "006", "dominan": "kelapa", "total_ha": 1606.8}, "geometry": {"type": "Polygon", "coordinates": [[[120.75917, -7.09528], [120.75917, -7.09528], [120.75937, -7.09555], [120.76246, -7.10133], [120.76301, -7.10255], [120.7591, -7.10296], [120.75444, -7.10291], [120.75179, -7.10289], [120.75081, -7.10007], [120.74785, -7.09188], [120.74738, -7.09057], [120.74683, -7.08901], [120.74623, -7.08715], [120.74602, -7.08652], [120.74558, -7.08517], [120.74553, -7.08501], [120.74549, -7.08488], [120.7451, -7.08355], [120.74509, -7.08356], [120.74509, -7.08356], [120.74495, -7.08303], [120.74503, -7.08259], [120.74503, -7.08254], [120.74504, -7.08238], [120.74506, -7.0822], [120.74504, -7.08143], [120.74496, -7.08123], [120.74496, -7.08123], [120.74467, -7.0808], [120.74461, -7.08058], [120.74453, -7.08042], [120.74486, -7.08039], [120.74542, -7.08032], [120.74567, -7.08028], [120.74582, -7.08024], [120.74603, -7.08016], [120.74623, -7.08007], [120.74643, -7.08017], [120.74643, -7.08017], [120.74753, -7.08053], [120.74809, -7.08072], [120.74891, -7.081], [120.74907, -7.08105], [120.74958, -7.08122], [120.74958, -7.08122], [120.74964, -7.08201], [120.74964, -7.08214], [120.74966, -7.08222], [120.74966, -7.08222], [120.74966, -7.08222], [120.75007, -7.0828], [120.75062, -7.08357], [120.75082, -7.08386], [120.75108, -7.08423], [120.75119, -7.08438], [120.75204, -7.08562], [120.75225, -7.08592], [120.75228, -7.08595], [120.75264, -7.08644], [120.75358, -7.08777], [120.75392, -7.08824], [120.75498, -7.0897], [120.75656, -7.09189], [120.75829, -7.09414], [120.75874, -7.09473], [120.75917, -7.09528]]]}}, {"type": "Feature", "properties": {"id": "010.003.BONERATE", "nmkec": "Pasimarannu", "nmdesa": "Bonerate", "kdkec": "010", "kddesa": "003", "dominan": "kelapa", "total_ha": 1107.4}, "geometry": {"type": "Polygon", "coordinates": [[[121.09592, -7.36024], [121.09581, -7.36063], [121.0951, -7.36056], [121.09372, -7.36041], [121.09327, -7.36033], [121.09223, -7.36024], [121.09144, -7.36014], [121.09144, -7.36014], [121.08867, -7.35984], [121.08836, -7.35979], [121.08823, -7.35977], [121.08809, -7.35975], [121.08763, -7.35965], [121.08732, -7.35951], [121.08681, -7.35933], [121.08675, -7.3593], [121.08672, -7.35929], [121.08672, -7.35929], [121.08648, -7.35921], [121.08648, -7.35921], [121.08648, -7.35921], [121.08649, -7.35894], [121.08599, -7.35886], [121.08583, -7.35884], [121.08567, -7.35881], [121.08536, -7.35876], [121.08536, -7.35876], [121.08489, -7.35868], [121.08488, -7.35868], [121.08488, -7.35868], [121.08428, -7.35858], [121.08427, -7.35858], [121.08427, -7.35858], [121.08403, -7.35856], [121.08375, -7.3585], [121.08373, -7.3585], [121.08373, -7.3585], [121.08367, -7.35849], [121.08345, -7.35845], [121.0833, -7.35843], [121.08315, -7.35841], [121.08315, -7.35841], [121.08284, -7.35838], [121.08287, -7.35833], [121.0829, -7.35827], [121.08291, -7.35811], [121.08293, -7.35791], [121.08294, -7.35791], [121.08293, -7.35791], [121.08294, -7.35764], [121.08295, -7.3574], [121.08295, -7.35715], [121.08297, -7.35688], [121.08299, -7.35643], [121.08299, -7.35638], [121.08298, -7.3563], [121.083, -7.35608], [121.08299, -7.35594], [121.08298, -7.3557], [121.08333, -7.35574], [121.08333, -7.35574], [121.08333, -7.35574], [121.08333, -7.35574], [121.08352, -7.35578], [121.08359, -7.35578], [121.08485, -7.35603], [121.08486, -7.35603], [121.08544, -7.35615], [121.08637, -7.35631], [121.08854, -7.35634], [121.09047, -7.35636], [121.09239, -7.35637], [121.09436, -7.35639], [121.09601, -7.3568], [121.09635, -7.35684], [121.09738, -7.35712], [121.09836, -7.35751], [121.09759, -7.35848], [121.0967, -7.35901], [121.09635, -7.35949], [121.09613, -7.35985], [121.09592, -7.36024]]]}}, {"type": "Feature", "properties": {"id": "041.002.BENTENG", "nmkec": "Benteng", "nmdesa": "Benteng", "kdkec": "041", "kddesa": "002", "dominan": "kelapa", "total_ha": 1141.7}, "geometry": {"type": "Polygon", "coordinates": [[[120.46091, -6.12095], [120.46091, -6.12094], [120.46088, -6.12091], [120.46088, -6.1209], [120.46038, -6.12039], [120.46033, -6.12035], [120.45992, -6.11988], [120.4599, -6.11983], [120.45989, -6.11982], [120.4598, -6.11966], [120.45979, -6.11964], [120.45971, -6.1195], [120.45964, -6.11939], [120.45963, -6.11939], [120.45963, -6.11939], [120.45939, -6.11899], [120.45936, -6.11898], [120.45931, -6.11894], [120.45931, -6.11894], [120.4593, -6.11894], [120.45916, -6.11886], [120.45892, -6.11876], [120.45873, -6.11871], [120.45873, -6.1187], [120.45848, -6.11866], [120.45848, -6.11865], [120.45843, -6.11865], [120.4584, -6.11872], [120.4583, -6.11894], [120.45829, -6.11894], [120.45829, -6.11894], [120.45818, -6.11889], [120.45818, -6.11889], [120.45763, -6.11866], [120.45719, -6.11846], [120.45722, -6.11834], [120.45622, -6.11803], [120.45627, -6.11799], [120.45643, -6.1179], [120.45654, -6.11778], [120.4566, -6.1177], [120.4567, -6.11756], [120.45681, -6.11742], [120.45684, -6.11739], [120.45695, -6.11728], [120.45702, -6.11716], [120.45705, -6.11697], [120.45715, -6.11667], [120.45718, -6.11657], [120.45718, -6.11653], [120.45716, -6.11651], [120.45708, -6.11643], [120.45704, -6.11638], [120.45699, -6.11631], [120.457, -6.11627], [120.4571, -6.11619], [120.45719, -6.1161], [120.45737, -6.11586], [120.45749, -6.11572], [120.45752, -6.11569], [120.45762, -6.11557], [120.45759, -6.11553], [120.45795, -6.11507], [120.45829, -6.11462], [120.45836, -6.1146], [120.45841, -6.11459], [120.45854, -6.11445], [120.45892, -6.11405], [120.45903, -6.11414], [120.45922, -6.11398], [120.45935, -6.11387], [120.45961, -6.11363], [120.45983, -6.11342], [120.4599, -6.11334], [120.46, -6.11324], [120.46017, -6.11302], [120.4603, -6.11285], [120.46043, -6.11267], [120.46067, -6.11235], [120.4607, -6.11231], [120.46081, -6.11217], [120.46093, -6.11201], [120.46106, -6.11185], [120.46123, -6.11162], [120.46126, -6.11158], [120.46164, -6.11108], [120.46169, -6.11101], [120.46219, -6.11134], [120.46274, -6.11165], [120.46298, -6.11179], [120.46298, -6.11179], [120.46302, -6.11182], [120.46302, -6.11182], [120.46303, -6.11182], [120.46305, -6.11183], [120.46336, -6.11201], [120.46357, -6.11212], [120.46358, -6.11212], [120.46358, -6.11212], [120.46359, -6.11212], [120.46359, -6.11213], [120.46361, -6.11214], [120.46409, -6.11241], [120.46474, -6.11277], [120.46478, -6.11279], [120.46478, -6.11279], [120.46479, -6.1128], [120.46479, -6.1128], [120.4648, -6.11281], [120.46518, -6.11304], [120.46584, -6.11346], [120.46587, -6.11347], [120.46586, -6.11348], [120.46587, -6.11349], [120.46587, -6.11349], [120.46591, -6.1135], [120.46606, -6.11355], [120.46606, -6.11355], [120.46618, -6.11359], [120.46649, -6.11363], [120.4665, -6.11363], [120.46667, -6.11365], [120.46668, -6.11364], [120.46695, -6.11367], [120.46704, -6.11368], [120.46717, -6.1137], [120.46735, -6.11373], [120.46747, -6.11376], [120.46755, -6.11378], [120.46755, -6.11378], [120.47032, -6.11458], [120.47106, -6.1148], [120.47106, -6.1148], [120.4753, -6.11616], [120.4753, -6.11876], [120.4753, -6.11933], [120.4753, -6.12014], [120.4753, -6.12181], [120.4753, -6.12531], [120.4753, -6.12667], [120.47264, -6.12521], [120.47264, -6.12521], [120.47264, -6.1252], [120.47264, -6.12519], [120.47265, -6.12518], [120.47265, -6.12518], [120.47229, -6.12501], [120.46989, -6.12392], [120.46793, -6.12303], [120.4674, -6.12289], [120.46737, -6.12289], [120.46711, -6.12282], [120.46717, -6.12268], [120.46514, -6.12224], [120.46513, -6.12227], [120.46513, -6.12228], [120.46513, -6.12228], [120.46513, -6.12228], [120.46513, -6.1223], [120.46511, -6.12236], [120.46306, -6.12166], [120.46306, -6.12166], [120.46303, -6.12165], [120.46159, -6.12117], [120.46158, -6.12117], [120.46093, -6.12096], [120.46093, -6.12096], [120.46091, -6.12095], [120.46091, -6.12095], [120.46091, -6.12095]]]}}, {"type": "Feature", "properties": {"id": "011.001.PULO_MADU", "nmkec": "Pasilambena", "nmdesa": "Pulo Madu", "kdkec": "011", "kddesa": "001", "dominan": "kelapa", "total_ha": 879.2}, "geometry": {"type": "MultiPolygon", "coordinates": [[[[121.76891, -7.4906], [121.76826, -7.49085], [121.76732, -7.49133], [121.7669, -7.49155], [121.76636, -7.49192], [121.7656, -7.49202], [121.76493, -7.4921], [121.76394, -7.49212], [121.76292, -7.49203], [121.76232, -7.49212], [121.76162, -7.49223], [121.76098, -7.49267], [121.76068, -7.49294], [121.76044, -7.49308], [121.76017, -7.49324], [121.75968, -7.49334], [121.75929, -7.49363], [121.7591, -7.49379], [121.75895, -7.49385], [121.7587, -7.49404], [121.75848, -7.49403], [121.75817, -7.49406], [121.75786, -7.49405], [121.75774, -7.49411], [121.75751, -7.49408], [121.75739, -7.4939], [121.75708, -7.49381], [121.75612, -7.49425], [121.75546, -7.49447], [121.7547, -7.49455], [121.75439, -7.49473], [121.75364, -7.49493], [121.7528, -7.49484], [121.75255, -7.49487], [121.75199, -7.49504], [121.75179, -7.49513], [121.75159, -7.49524], [121.75133, -7.49511], [121.75121, -7.49506], [121.75109, -7.49499], [121.75049, -7.4947], [121.74969, -7.49454], [121.74892, -7.49432], [121.74754, -7.4944], [121.74665, -7.49455], [121.7457, -7.49454], [121.74476, -7.49455], [121.74381, -7.49468], [121.74347, -7.49459], [121.74308, -7.49454], [121.74285, -7.49454], [121.74233, -7.4945], [121.74199, -7.49428], [121.74144, -7.49416], [121.74036, -7.49425], [121.73978, -7.49423], [121.73887, -7.49433], [121.73789, -7.494], [121.7362, -7.49318], [121.73504, -7.49268], [121.73418, -7.49277], [121.73367, -7.49285], [121.73272, -7.49339], [121.73231, -7.49314], [121.73222, -7.49305], [121.73162, -7.49314], [121.73106, -7.49322], [121.73017, -7.49316], [121.72983, -7.49331], [121.72941, -7.49368], [121.72902, -7.4936], [121.72877, -7.49363], [121.72829, -7.49376], [121.72773, -7.49393], [121.72743, -7.4938], [121.72671, -7.49384], [121.72576, -7.49363], [121.72556, -7.49293], [121.72385, -7.49267], [121.72343, -7.49216], [121.72314, -7.49052], [121.72328, -7.48921], [121.72402, -7.48864], [121.72556, -7.48857], [121.72776, -7.48844], [121.72824, -7.48879], [121.72894, -7.48925], [121.73097, -7.4902], [121.73324, -7.49022], [121.73403, -7.49006], [121.73456, -7.48992], [121.73492, -7.48971], [121.73509, -7.48951], [121.73536, -7.48928], [121.73607, -7.48905], [121.73665, -7.48874], [121.73728, -7.4883], [121.73762, -7.4878], [121.73776, -7.48749], [121.73794, -7.48729], [121.7383, -7.48699], [121.73848, -7.48689], [121.73859, -7.48672], [121.73873, -7.48652], [121.73892, -7.4863], [121.73926, -7.48585], [121.73984, -7.48569], [121.74029, -7.48561], [121.74098, -7.48559], [121.74147, -7.4856], [121.7417, -7.48552], [121.7423, -7.48523], [121.74252, -7.48528], [121.74282, -7.48512], [121.74297, -7.485], [121.74332, -7.48495], [121.74372, -7.48491], [121.74395, -7.48484], [121.74441, -7.48462], [121.74467, -7.48461], [121.74582, -7.4844], [121.74674, -7.48441], [121.74685, -7.48392], [121.74836, -7.48398], [121.74858, -7.48431], [121.74921, -7.48449], [121.74941, -7.48446], [121.75011, -7.48464], [121.75089, -7.4848], [121.75203, -7.48441], [121.75288, -7.48434], [121.75359, -7.48467], [121.75397, -7.4848], [121.75428, -7.48498], [121.75455, -7.48517], [121.75528, -7.48559], [121.75603, -7.4857], [121.75682, -7.48542], [121.75806, -7.48456], [121.75875, -7.48437], [121.75926, -7.48416], [121.75937, -7.48395], [121.75963, -7.48382], [121.76025, -7.4837], [121.76058, -7.48378], [121.76122, -7.48374], [121.76143, -7.48357], [121.76185, -7.48346], [121.76252, -7.48338], [121.76306, -7.48306], [121.76319, -7.48303], [121.76341, -7.48303], [121.76372, -7.48286], [121.76401, -7.48286], [121.76421, -7.48295], [121.76469, -7.48296], [121.76504, -7.48291], [121.76555, -7.48264], [121.76613, -7.48256], [121.76673, -7.48206], [121.76698, -7.48184], [121.76724, -7.48162], [121.76755, -7.4815], [121.7678, -7.48155], [121.76821, -7.48125], [121.76824, -7.48102], [121.76899, -7.48084], [121.76926, -7.48079], [121.7698, -7.48072], [121.77026, -7.48079], [121.77064, -7.4807], [121.77132, -7.48047], [121.77198, -7.48011], [121.77277, -7.48], [121.77326, -7.47994], [121.77413, -7.47948], [121.77479, -7.4791], [121.77517, -7.47874], [121.77558, -7.47848], [121.77636, -7.47802], [121.77677, -7.47772], [121.77686, -7.47737], [121.77715, -7.47718], [121.77799, -7.47716], [121.77803, -7.47703], [121.77835, -7.47672], [121.77848, -7.47662], [121.77882, -7.47646], [121.77895, -7.47635], [121.77912, -7.4762], [121.77957, -7.47588], [121.77985, -7.47602], [121.78011, -7.47613], [121.78036, -7.47623], [121.78046, -7.47639], [121.78066, -7.47651], [121.78084, -7.47652], [121.78108, -7.47661], [121.78122, -7.47684], [121.78158, -7.47695], [121.78209, -7.47684], [121.78227, -7.47731], [121.78299, -7.47753], [121.78362, -7.47756], [121.78405, -7.47741], [121.78436, -7.47719], [121.78507, -7.47727], [121.78568, -7.47723], [121.7861, -7.47718], [121.78655, -7.47752], [121.78681, -7.47741], [121.78742, -7.4771], [121.78781, -7.47713], [121.7881, -7.47694], [121.78833, -7.47685], [121.78883, -7.47642], [121.7889, -7.47622], [121.78913, -7.4761], [121.78939, -7.47587], [121.78937, -7.47576], [121.78947, -7.47569], [121.78963, -7.47545], [121.79002, -7.47535], [121.79007, -7.47547], [121.79047, -7.4754], [121.79069, -7.47514], [121.79083, -7.47498], [121.79113, -7.47493], [121.79158, -7.47476], [121.79168, -7.47455], [121.79181, -7.47447], [121.79198, -7.47412], [121.79211, -7.47363], [121.79206, -7.47353], [121.79216, -7.47336], [121.7921, -7.47318], [121.79192, -7.47284], [121.79197, -7.47253], [121.79219, -7.47231], [121.79287, -7.47219], [121.79308, -7.47256], [121.79319, -7.47265], [121.79355, -7.47257], [121.79375, -7.4724], [121.79398, -7.47218], [121.7941, -7.47219], [121.79436, -7.47219], [121.79454, -7.47208], [121.79476, -7.472], [121.79496, -7.47184], [121.79516, -7.47153], [121.79571, -7.47183], [121.79587, -7.47205], [121.79611, -7.47212], [121.7963, -7.47216], [121.79663, -7.47216], [121.79683, -7.47216], [121.79728, -7.47216], [121.79759, -7.47232], [121.79799, -7.47236], [121.79813, -7.47243], [121.79848, -7.4726], [121.79878, -7.47265], [121.79899, -7.47262], [121.79919, -7.47248], [121.79947, -7.47261], [121.79955, -7.47279], [121.79963, -7.47286], [121.79981, -7.47317], [121.79995, -7.47366], [121.80014, -7.47418], [121.80024, -7.47426], [121.80027, -7.47458], [121.80041, -7.47518], [121.80084, -7.47552], [121.80083, -7.47566], [121.80103, -7.47586], [121.80132, -7.476], [121.80198, -7.4762], [121.80224, -7.4766], [121.80234, -7.47695], [121.80255, -7.4773], [121.80289, -7.47783], [121.80295, -7.47838], [121.80307, -7.4791], [121.80313, -7.47942], [121.80335, -7.48027], [121.80334, -7.48053], [121.80335, -7.48086], [121.80336, -7.48113], [121.80323, -7.48153], [121.80308, -7.48167], [121.80293, -7.48192], [121.80294, -7.48221], [121.80288, -7.48259], [121.80279, -7.48274], [121.80271, -7.48281], [121.80221, -7.48265], [121.80183, -7.48306], [121.80163, -7.48334], [121.80148, -7.48406], [121.80127, -7.48441], [121.80113, -7.48508], [121.80093, -7.48554], [121.80066, -7.4861], [121.80057, -7.48699], [121.80044, -7.48727], [121.79997, -7.48728], [121.79951, -7.48724], [121.79847, -7.48735], [121.79767, -7.48795], [121.79734, -7.48808], [121.79702, -7.48807], [121.79675, -7.48808], [121.79655, -7.48795], [121.79601, -7.48774], [121.79535, -7.48745], [121.79432, -7.48732], [121.79352, -7.48736], [121.79329, -7.48734], [121.79252, -7.4871], [121.79187, -7.48691], [121.79101, -7.48669], [121.78983, -7.48685], [121.78935, -7.48722], [121.78873, -7.48774], [121.78757, -7.48769], [121.78673, -7.48787], [121.7865, -7.48782], [121.78596, -7.4879], [121.78558, -7.48808], [121.78552, -7.48806], [121.78513, -7.48815], [121.78489, -7.48832], [121.78436, -7.48845], [121.78401, -7.48867], [121.78375, -7.4888], [121.78319, -7.48893], [121.78284, -7.48876], [121.78249, -7.48859], [121.78206, -7.48832], [121.78182, -7.48818], [121.78138, -7.48809], [121.78083, -7.48816], [121.78031, -7.48827], [121.78011, -7.48814], [121.77992, -7.48785], [121.77943, -7.48794], [121.77872, -7.48827], [121.77809, -7.48813], [121.77807, -7.48854], [121.77762, -7.48877], [121.77725, -7.48877], [121.77708, -7.48876], [121.77659, -7.4885], [121.77607, -7.48866], [121.7758, -7.48881], [121.7755, -7.48882], [121.77452, -7.48884], [121.77424, -7.48891], [121.77397, -7.48884], [121.77385, -7.4889], [121.77361, -7.48888], [121.77317, -7.48902], [121.77167, -7.48957], [121.77126, -7.48988], [121.77111, -7.49016], [121.77107, -7.49016], [121.77085, -7.4902], [121.76996, -7.49019], [121.76922, -7.49038], [121.76898, -7.49055], [121.76891, -7.4906]]], [[[121.4236, -7.45203], [121.42371, -7.45217], [121.4238, -7.45225], [121.42387, -7.45233], [121.42389, -7.45242], [121.42386, -7.45253], [121.42386, -7.45264], [121.42392, -7.45269], [121.42402, -7.45269], [121.42413, -7.45266], [121.42423, -7.45264], [121.42445, -7.45288], [121.42464, -7.45304], [121.42475, -7.45315], [121.4249, -7.45335], [121.42501, -7.45353], [121.42518, -7.45379], [121.42539, -7.45397], [121.42568, -7.45424], [121.42581, -7.45437], [121.42617, -7.45495], [121.42625, -7.45505], [121.4263, -7.45516], [121.42635, -7.45529], [121.42642, -7.4554], [121.42652, -7.45552], [121.4266, -7.45558], [121.42671, -7.45572], [121.42676, -7.45579], [121.42686, -7.45621], [121.42695, -7.45632], [121.42707, -7.4565], [121.42714, -7.45663], [121.42732, -7.45698], [121.42746, -7.45715], [121.42755, -7.45727], [121.42768, -7.45747], [121.42791, -7.45776], [121.42801, -7.4579], [121.4281, -7.45805], [121.42817, -7.45824], [121.42824, -7.4584], [121.4283, -7.45861], [121.42831, -7.45874], [121.42837, -7.45888], [121.42846, -7.45935], [121.42848, -7.45956], [121.42848, -7.45985], [121.42848, -7.45993], [121.42848, -7.4604], [121.4285, -7.4606], [121.42853, -7.46087], [121.42854, -7.46105], [121.42855, -7.46128], [121.42854, -7.46152], [121.42854, -7.46162], [121.42858, -7.46217], [121.42854, -7.46252], [121.42846, -7.46285], [121.42802, -7.46381], [121.42788, -7.46399], [121.42774, -7.46422], [121.42759, -7.46435], [121.42682, -7.46503], [121.42662, -7.46532], [121.42641, -7.46547], [121.42616, -7.46549], [121.42586, -7.46548], [121.42572, -7.46554], [121.42561, -7.46569], [121.42545, -7.46572], [121.42517, -7.46568], [121.425, -7.46557], [121.42485, -7.46561], [121.42483, -7.46577], [121.42478, -7.46593], [121.42437, -7.46591], [121.42351, -7.46587], [121.42309, -7.46581], [121.42305, -7.46575], [121.42306, -7.46556], [121.42313, -7.46544], [121.42334, -7.46538], [121.4235, -7.46531], [121.42362, -7.46521], [121.42371, -7.46505], [121.42373, -7.46466], [121.42331, -7.46417], [121.42287, -7.4641], [121.42251, -7.46414], [121.42174, -7.46395], [121.42143, -7.4638], [121.4213, -7.46378], [121.42115, -7.46377], [121.42098, -7.46383], [121.42084, -7.46395], [121.42076, -7.46403], [121.42065, -7.4642], [121.42063, -7.46427], [121.42063, -7.46443], [121.42059, -7.46455], [121.42048, -7.46461], [121.42031, -7.46456], [121.42014, -7.4644], [121.41997, -7.4643], [121.4198, -7.46423], [121.41953, -7.46407], [121.41943, -7.46397], [121.41931, -7.46406], [121.41916, -7.46411], [121.41895, -7.46408], [121.41867, -7.464], [121.41853, -7.46388], [121.41846, -7.46373], [121.41842, -7.46349], [121.41828, -7.46331], [121.41754, -7.46282], [121.41736, -7.46276], [121.41711, -7.4627], [121.41694, -7.46264], [121.41665, -7.46266], [121.41646, -7.46258], [121.41617, -7.46248], [121.41602, -7.46238], [121.41593, -7.46228], [121.41593, -7.46201], [121.41595, -7.46185], [121.41584, -7.4617], [121.41544, -7.46125], [121.41531, -7.46104], [121.41495, -7.46011], [121.41483, -7.45992], [121.41467, -7.45976], [121.41434, -7.45964], [121.4139, -7.45957], [121.4137, -7.45944], [121.4137, -7.45923], [121.41377, -7.45907], [121.41378, -7.45861], [121.41342, -7.45804], [121.41342, -7.45787], [121.41334, -7.45761], [121.41293, -7.45715], [121.41294, -7.45671], [121.4131, -7.45618], [121.41368, -7.45535], [121.41368, -7.455], [121.41366, -7.45458], [121.41365, -7.45425], [121.41371, -7.45405], [121.41419, -7.45309], [121.41426, -7.4529], [121.41432, -7.45271], [121.41433, -7.4525], [121.41426, -7.45227], [121.41423, -7.45208], [121.41412, -7.4517], [121.41424, -7.45149], [121.4144, -7.45126], [121.41459, -7.4511], [121.41493, -7.45075], [121.41503, -7.45064], [121.4152, -7.45053], [121.41531, -7.45044], [121.41541, -7.45038], [121.41553, -7.45033], [121.41565, -7.45033], [121.41574, -7.45037], [121.41583, -7.45044], [121.41593, -7.45052], [121.41602, -7.45054], [121.41612, -7.45054], [121.41627, -7.4505], [121.41649, -7.45043], [121.41659, -7.45034], [121.41659, -7.45022], [121.41657, -7.45008], [121.41661, -7.44998], [121.41667, -7.44994], [121.41678, -7.44989], [121.41701, -7.44985], [121.41714, -7.44982], [121.41722, -7.4498], [121.41735, -7.44978], [121.41745, -7.44982], [121.41749, -7.44986], [121.41758, -7.44994], [121.41762, -7.45006], [121.41773, -7.45018], [121.41788, -7.45024], [121.41822, -7.45025], [121.41841, -7.45019], [121.41854, -7.4501], [121.41866, -7.45003], [121.41885, -7.44996], [121.41894, -7.44987], [121.41901, -7.44977], [121.41957, -7.44965], [121.41971, -7.44968], [121.41998, -7.44971], [121.42017, -7.44977], [121.42041, -7.44986], [121.42057, -7.44992], [121.42081, -7.44998], [121.42102, -7.45013], [121.4212, -7.45024], [121.42137, -7.45038], [121.42172, -7.45079], [121.42189, -7.45091], [121.42203, -7.451], [121.42219, -7.45108], [121.42235, -7.45119], [121.42289, -7.45153], [121.42307, -7.45164], [121.4232, -7.45174], [121.42333, -7.45184], [121.42345, -7.45194], [121.4236, -7.45203]]]]}}, {"type": "Feature", "properties": {"id": "030.007.LAIYOLO", "nmkec": "Bontosikuyu", "nmdesa": "Laiyolo", "kdkec": "030", "kddesa": "007", "dominan": "cengkeh", "total_ha": 829.6}, "geometry": {"type": "MultiPolygon", "coordinates": [[[[120.53692, -6.32701], [120.53334, -6.32754], [120.52697, -6.32257], [120.5259, -6.32222], [120.51537, -6.32111], [120.51175, -6.32006], [120.50675, -6.31713], [120.50304, -6.3166], [120.49986, -6.3178], [120.49575, -6.31713], [120.4919, -6.31634], [120.48859, -6.31693], [120.486, -6.31766], [120.48295, -6.31554], [120.48, -6.31583], [120.47694, -6.31719], [120.47637, -6.31742], [120.47636, -6.31641], [120.47633, -6.31601], [120.47636, -6.31586], [120.47631, -6.31555], [120.47634, -6.31459], [120.47627, -6.31398], [120.47667, -6.31405], [120.47652, -6.313], [120.4766, -6.31144], [120.47672, -6.3104], [120.47681, -6.30963], [120.47692, -6.30908], [120.47693, -6.30898], [120.47687, -6.30831], [120.47658, -6.30786], [120.47665, -6.30757], [120.4765, -6.30719], [120.47665, -6.30685], [120.47651, -6.3065], [120.47599, -6.30681], [120.47613, -6.30654], [120.47622, -6.30624], [120.47633, -6.30603], [120.47594, -6.30581], [120.47568, -6.30493], [120.47568, -6.30465], [120.47553, -6.30457], [120.47535, -6.30444], [120.4752, -6.30429], [120.47433, -6.30393], [120.47384, -6.30387], [120.47347, -6.30375], [120.47318, -6.30363], [120.47299, -6.30326], [120.47297, -6.30296], [120.47297, -6.30264], [120.47293, -6.30248], [120.47296, -6.30237], [120.47286, -6.30229], [120.47291, -6.3021], [120.47287, -6.30191], [120.47283, -6.30177], [120.47285, -6.30167], [120.47275, -6.30156], [120.47278, -6.30142], [120.47266, -6.30133], [120.47254, -6.30125], [120.47249, -6.30112], [120.47246, -6.30094], [120.47234, -6.30083], [120.47207, -6.30056], [120.47193, -6.30047], [120.47182, -6.30029], [120.47168, -6.30011], [120.47163, -6.29997], [120.47157, -6.29982], [120.47147, -6.29964], [120.47141, -6.29937], [120.47152, -6.29915], [120.47186, -6.29929], [120.47202, -6.29943], [120.47226, -6.29944], [120.47233, -6.29952], [120.47243, -6.29961], [120.47248, -6.29969], [120.47258, -6.29968], [120.47266, -6.29963], [120.47273, -6.29961], [120.47277, -6.29965], [120.47342, -6.29919], [120.47382, -6.29899], [120.47422, -6.29877], [120.47446, -6.29851], [120.47466, -6.29822], [120.47484, -6.29794], [120.4749, -6.29781], [120.475, -6.29768], [120.4751, -6.29758], [120.47515, -6.29749], [120.47523, -6.29742], [120.4753, -6.29735], [120.47539, -6.29711], [120.47562, -6.29687], [120.47587, -6.29652], [120.47621, -6.29587], [120.47637, -6.29553], [120.47668, -6.29473], [120.47704, -6.29417], [120.47773, -6.29325], [120.47813, -6.29233], [120.47874, -6.29136], [120.47889, -6.29098], [120.47962, -6.28988], [120.47996, -6.28896], [120.48001, -6.28853], [120.48017, -6.28772], [120.48024, -6.28713], [120.48101, -6.28679], [120.48313, -6.28582], [120.48722, -6.28476], [120.49406, -6.28554], [120.50055, -6.28427], [120.50577, -6.2818], [120.51015, -6.28145], [120.51396, -6.28215], [120.52339, -6.28155], [120.53004, -6.28138], [120.53526, -6.28286], [120.53746, -6.28343], [120.53767, -6.28348], [120.5379, -6.28438], [120.53801, -6.28476], [120.53811, -6.28492], [120.53822, -6.28499], [120.53836, -6.28494], [120.53846, -6.28508], [120.53854, -6.28525], [120.53854, -6.28541], [120.53859, -6.28563], [120.53871, -6.28579], [120.53879, -6.28591], [120.53855, -6.28607], [120.53842, -6.28627], [120.53819, -6.28648], [120.53809, -6.28673], [120.53805, -6.28708], [120.53799, -6.28727], [120.53768, -6.28832], [120.53792, -6.2891], [120.53812, -6.28948], [120.53835, -6.28981], [120.53859, -6.29018], [120.53881, -6.29042], [120.53896, -6.29047], [120.53913, -6.2905], [120.53922, -6.29073], [120.53915, -6.29106], [120.53938, -6.29128], [120.53924, -6.29159], [120.53928, -6.29182], [120.53952, -6.29184], [120.53954, -6.29201], [120.53957, -6.29215], [120.53948, -6.29229], [120.53941, -6.29237], [120.53938, -6.29255], [120.53924, -6.29262], [120.53907, -6.29264], [120.53897, -6.29275], [120.53882, -6.29284], [120.53862, -6.29284], [120.53853, -6.29296], [120.53851, -6.29322], [120.53844, -6.29335], [120.53831, -6.29352], [120.53829, -6.29395], [120.53841, -6.29518], [120.53841, -6.29596], [120.53826, -6.29709], [120.53809, -6.29727], [120.53804, -6.2975], [120.53771, -6.29754], [120.5375, -6.29748], [120.53729, -6.29737], [120.53696, -6.29737], [120.53669, -6.2976], [120.53627, -6.29799], [120.53572, -6.29859], [120.53568, -6.29915], [120.53577, -6.29955], [120.53608, -6.30013], [120.53631, -6.30043], [120.53634, -6.30067], [120.53665, -6.3012], [120.53682, -6.30127], [120.53687, -6.30156], [120.53683, -6.30183], [120.53677, -6.30233], [120.53672, -6.30261], [120.53658, -6.30396], [120.53679, -6.30488], [120.53698, -6.30534], [120.53697, -6.30564], [120.537, -6.30585], [120.53711, -6.30616], [120.5374, -6.30621], [120.53774, -6.30624], [120.53777, -6.30647], [120.53777, -6.30707], [120.53782, -6.3074], [120.53802, -6.30763], [120.53831, -6.30773], [120.53809, -6.30777], [120.53779, -6.30785], [120.5375, -6.30805], [120.53732, -6.30823], [120.53699, -6.3083], [120.53686, -6.30873], [120.53701, -6.30882], [120.53719, -6.30885], [120.53696, -6.30895], [120.53678, -6.3092], [120.53676, -6.31017], [120.53689, -6.31079], [120.5371, -6.31095], [120.53738, -6.31109], [120.53749, -6.31122], [120.53759, -6.31124], [120.53763, -6.31142], [120.53775, -6.31167], [120.53782, -6.31195], [120.53799, -6.31209], [120.53812, -6.31202], [120.53823, -6.31192], [120.5383, -6.31198], [120.53825, -6.3121], [120.53815, -6.31214], [120.53802, -6.31221], [120.53789, -6.31227], [120.53786, -6.31317], [120.53777, -6.31397], [120.53777, -6.3148], [120.53775, -6.31503], [120.5377, -6.31518], [120.53768, -6.31558], [120.53769, -6.31633], [120.53769, -6.3164], [120.5377, -6.31654], [120.53771, -6.31659], [120.53775, -6.31675], [120.53775, -6.31695], [120.53776, -6.31721], [120.53783, -6.31758], [120.53795, -6.31858], [120.53798, -6.3192], [120.53806, -6.31931], [120.53814, -6.31956], [120.53808, -6.31973], [120.53812, -6.31985], [120.53809, -6.32004], [120.538, -6.32003], [120.53799, -6.32012], [120.53801, -6.32056], [120.53802, -6.32071], [120.53807, -6.32094], [120.5381, -6.32113], [120.53799, -6.32129], [120.53788, -6.32142], [120.53774, -6.32146], [120.53775, -6.32154], [120.53784, -6.32157], [120.53782, -6.32165], [120.53769, -6.3217], [120.53762, -6.32231], [120.53751, -6.32278], [120.5372, -6.32425], [120.53734, -6.32495], [120.53725, -6.32509], [120.53692, -6.32701]]], [[[120.46107, -6.30739], [120.46122, -6.30748], [120.46133, -6.3076], [120.46153, -6.30767], [120.46168, -6.30775], [120.46183, -6.30785], [120.46202, -6.30796], [120.46218, -6.30806], [120.46251, -6.30836], [120.46268, -6.30844], [120.46286, -6.30848], [120.46307, -6.30845], [120.46329, -6.30843], [120.46355, -6.30846], [120.46387, -6.30836], [120.46412, -6.30778], [120.46419, -6.30878], [120.46434, -6.30919], [120.4643, -6.30981], [120.46395, -6.3105], [120.46337, -6.31103], [120.46326, -6.311], [120.4629, -6.31111], [120.46262, -6.3113], [120.46234, -6.31145], [120.4621, -6.31156], [120.46166, -6.31172], [120.46105, -6.31185], [120.46022, -6.31199], [120.45942, -6.31196], [120.45888, -6.31208], [120.45859, -6.31196], [120.45835, -6.31176], [120.45808, -6.31156], [120.45784, -6.3114], [120.4575, -6.31129], [120.45729, -6.3113], [120.457, -6.31118], [120.45678, -6.31098], [120.45671, -6.31077], [120.45655, -6.31058], [120.45624, -6.31045], [120.45576, -6.31025], [120.45557, -6.31024], [120.45521, -6.31015], [120.45493, -6.31013], [120.45452, -6.31009], [120.45413, -6.31002], [120.45381, -6.30996], [120.45363, -6.30988], [120.45359, -6.30956], [120.45376, -6.3094], [120.45393, -6.30932], [120.45422, -6.30913], [120.4546, -6.30822], [120.45472, -6.30796], [120.45491, -6.30781], [120.45562, -6.3075], [120.45601, -6.30738], [120.45616, -6.30744], [120.45642, -6.30761], [120.45687, -6.30785], [120.45718, -6.30802], [120.45744, -6.30817], [120.45768, -6.30821], [120.45802, -6.30817], [120.45814, -6.30802], [120.45829, -6.30769], [120.45847, -6.3075], [120.45863, -6.30738], [120.45888, -6.30732], [120.45911, -6.30731], [120.45981, -6.3074], [120.46012, -6.30741], [120.46044, -6.30741], [120.46074, -6.30739], [120.46107, -6.30739]]], [[[120.45398, -6.28714], [120.45437, -6.28734], [120.45484, -6.28767], [120.45533, -6.28814], [120.4557, -6.28858], [120.45617, -6.28901], [120.45652, -6.28934], [120.4566, -6.28972], [120.45666, -6.29014], [120.45688, -6.29091], [120.45715, -6.29131], [120.45736, -6.29163], [120.45763, -6.29177], [120.45812, -6.29166], [120.45883, -6.2936], [120.45928, -6.29374], [120.45925, -6.29351], [120.45962, -6.29318], [120.45997, -6.29315], [120.46026, -6.29312], [120.46062, -6.29324], [120.46109, -6.29311], [120.46142, -6.29278], [120.4608, -6.29185], [120.46066, -6.2915], [120.4606, -6.29106], [120.46082, -6.29062], [120.46116, -6.29028], [120.46156, -6.29015], [120.46231, -6.29088], [120.46286, -6.29108], [120.46341, -6.29117], [120.46402, -6.29171], [120.46426, -6.29222], [120.4647, -6.29258], [120.46496, -6.29301], [120.46472, -6.29345], [120.4649, -6.29409], [120.46505, -6.29446], [120.46521, -6.29493], [120.46526, -6.29519], [120.46546, -6.29539], [120.46554, -6.29539], [120.46561, -6.29523], [120.46581, -6.29519], [120.46605, -6.29538], [120.46632, -6.2958], [120.46655, -6.29629], [120.4667, -6.29668], [120.46682, -6.29708], [120.46785, -6.29891], [120.46796, -6.29937], [120.46801, -6.29975], [120.46801, -6.30008], [120.46797, -6.30041], [120.46786, -6.3007], [120.46781, -6.30095], [120.46757, -6.30123], [120.46736, -6.30092], [120.46709, -6.30075], [120.4668, -6.30056], [120.4665, -6.30053], [120.46626, -6.30058], [120.46605, -6.30066], [120.46583, -6.3008], [120.46564, -6.30094], [120.46539, -6.30113], [120.46557, -6.30141], [120.46543, -6.30161], [120.46537, -6.30168], [120.46517, -6.30203], [120.46499, -6.30226], [120.46489, -6.30245], [120.46477, -6.30267], [120.46443, -6.30303], [120.46425, -6.30311], [120.46413, -6.30336], [120.46368, -6.30371], [120.46351, -6.30376], [120.46326, -6.30386], [120.46304, -6.30401], [120.4628, -6.30404], [120.46257, -6.30412], [120.46224, -6.30425], [120.4621, -6.30433], [120.46132, -6.30451], [120.46093, -6.30453], [120.46073, -6.30455], [120.46049, -6.30451], [120.46018, -6.30456], [120.45992, -6.30445], [120.45962, -6.30451], [120.45924, -6.30451], [120.45855, -6.30447], [120.45794, -6.30439], [120.45723, -6.30441], [120.45688, -6.30434], [120.45648, -6.30389], [120.45621, -6.30383], [120.4557, -6.30348], [120.4552, -6.30331], [120.45475, -6.30308], [120.45464, -6.30261], [120.45442, -6.30231], [120.45403, -6.30084], [120.45325, -6.29948], [120.45335, -6.2987], [120.45307, -6.29713], [120.45296, -6.29656], [120.45264, -6.29583], [120.45236, -6.29512], [120.4519, -6.29527], [120.45145, -6.295], [120.45109, -6.29454], [120.451, -6.2941], [120.45111, -6.2937], [120.4515, -6.29351], [120.45187, -6.29345], [120.45243, -6.2938], [120.45278, -6.29408], [120.45298, -6.29397], [120.45249, -6.29341], [120.45231, -6.29316], [120.45204, -6.29281], [120.45184, -6.29231], [120.45173, -6.29139], [120.45185, -6.29114], [120.45211, -6.29105], [120.45235, -6.29115], [120.45258, -6.2915], [120.45276, -6.29161], [120.45309, -6.29143], [120.45331, -6.29146], [120.45352, -6.29122], [120.45341, -6.29095], [120.45322, -6.29046], [120.45313, -6.29005], [120.45314, -6.28971], [120.45325, -6.28936], [120.45273, -6.28846], [120.45286, -6.28809], [120.45273, -6.28743], [120.45304, -6.28656], [120.45346, -6.28686], [120.45345, -6.28711], [120.45369, -6.28708], [120.45398, -6.28714]]]]}}, {"type": "Feature", "properties": {"id": "030.012.KHUSUS_BAHULUANG", "nmkec": "Bontosikuyu", "nmdesa": "Khusus Bahuluang", "kdkec": "030", "kddesa": "012", "dominan": "kelapa", "total_ha": 360.7}, "geometry": {"type": "MultiPolygon", "coordinates": [[[[120.43231, -6.48354], [120.43221, -6.48398], [120.43219, -6.48421], [120.43199, -6.48422], [120.43177, -6.48402], [120.4314, -6.48434], [120.43106, -6.48493], [120.43045, -6.48606], [120.42971, -6.48748], [120.42961, -6.48762], [120.42944, -6.48768], [120.42921, -6.488], [120.42902, -6.48832], [120.42863, -6.48899], [120.42799, -6.4893], [120.42711, -6.48947], [120.42674, -6.48964], [120.42656, -6.48972], [120.42615, -6.48971], [120.42603, -6.4898], [120.42582, -6.48976], [120.4257, -6.4898], [120.42568, -6.4898], [120.42555, -6.48966], [120.42527, -6.48972], [120.42495, -6.48967], [120.42463, -6.4897], [120.42439, -6.48958], [120.42405, -6.48961], [120.42383, -6.48949], [120.42364, -6.48942], [120.42329, -6.4894], [120.42309, -6.48914], [120.42281, -6.48896], [120.42244, -6.48889], [120.42234, -6.48886], [120.42228, -6.48884], [120.42209, -6.48881], [120.42198, -6.48881], [120.42191, -6.48872], [120.42186, -6.48863], [120.42176, -6.48865], [120.42164, -6.48858], [120.42153, -6.48859], [120.42147, -6.48845], [120.42136, -6.48847], [120.42128, -6.48845], [120.42133, -6.48837], [120.42122, -6.48831], [120.42102, -6.48791], [120.42096, -6.48773], [120.42091, -6.4876], [120.42094, -6.48747], [120.42094, -6.48732], [120.421, -6.48724], [120.42098, -6.48714], [120.42108, -6.48696], [120.42105, -6.48668], [120.42119, -6.48668], [120.42118, -6.48643], [120.42114, -6.48629], [120.42129, -6.48577], [120.42138, -6.48542], [120.42134, -6.48522], [120.42142, -6.4851], [120.42149, -6.48503], [120.42149, -6.48477], [120.42163, -6.48457], [120.42171, -6.4845], [120.42155, -6.48456], [120.42151, -6.48453], [120.42152, -6.48437], [120.42156, -6.4843], [120.42166, -6.48428], [120.42177, -6.48419], [120.42173, -6.48398], [120.42169, -6.48386], [120.42162, -6.48369], [120.42163, -6.48349], [120.42171, -6.48335], [120.42182, -6.48314], [120.42195, -6.48302], [120.42197, -6.48281], [120.422, -6.48273], [120.42199, -6.48259], [120.42206, -6.48244], [120.4221, -6.48239], [120.42208, -6.48227], [120.42213, -6.48222], [120.42219, -6.4821], [120.42224, -6.48203], [120.42232, -6.48183], [120.42232, -6.48175], [120.42234, -6.48154], [120.42221, -6.48147], [120.4223, -6.48129], [120.42243, -6.48109], [120.42248, -6.48103], [120.42256, -6.48086], [120.42269, -6.48077], [120.42274, -6.48063], [120.42283, -6.48053], [120.42292, -6.48038], [120.42299, -6.48025], [120.42315, -6.48025], [120.42322, -6.48016], [120.42322, -6.48013], [120.42336, -6.48003], [120.42341, -6.47984], [120.42339, -6.47974], [120.42355, -6.47963], [120.42367, -6.47955], [120.42377, -6.47947], [120.42387, -6.47929], [120.42396, -6.47921], [120.42401, -6.47909], [120.42401, -6.47893], [120.42407, -6.47888], [120.42412, -6.47835], [120.42433, -6.47807], [120.42442, -6.47788], [120.42435, -6.47773], [120.4244, -6.47757], [120.42454, -6.47743], [120.42456, -6.47724], [120.42458, -6.47689], [120.4247, -6.47655], [120.42509, -6.47556], [120.4252, -6.47531], [120.42526, -6.47489], [120.4252, -6.47453], [120.42501, -6.47423], [120.42494, -6.47399], [120.42494, -6.47374], [120.42491, -6.47355], [120.42507, -6.47334], [120.42514, -6.47353], [120.42533, -6.47357], [120.4255, -6.47355], [120.42553, -6.47321], [120.42557, -6.47286], [120.42562, -6.47263], [120.42566, -6.47248], [120.42567, -6.47226], [120.42567, -6.47211], [120.42548, -6.47213], [120.42531, -6.47203], [120.42527, -6.47164], [120.4252, -6.47123], [120.4253, -6.47096], [120.42558, -6.47096], [120.42557, -6.47076], [120.42561, -6.47062], [120.42556, -6.4704], [120.4254, -6.47022], [120.42534, -6.47001], [120.425, -6.47014], [120.42487, -6.46995], [120.42478, -6.46985], [120.42454, -6.46966], [120.42477, -6.46951], [120.42497, -6.46948], [120.42507, -6.46942], [120.42527, -6.46929], [120.42555, -6.46917], [120.42599, -6.46906], [120.4263, -6.46894], [120.42663, -6.46886], [120.42675, -6.46885], [120.42697, -6.46888], [120.42718, -6.46888], [120.42732, -6.46892], [120.42746, -6.46896], [120.42757, -6.46894], [120.4277, -6.46889], [120.42797, -6.46883], [120.42813, -6.46893], [120.42829, -6.46887], [120.42842, -6.46884], [120.42867, -6.4689], [120.4289, -6.46897], [120.42937, -6.46904], [120.4296, -6.46922], [120.42978, -6.46929], [120.43018, -6.46952], [120.43022, -6.4696], [120.4304, -6.46962], [120.43099, -6.46912], [120.43139, -6.46898], [120.43181, -6.46882], [120.4317, -6.46923], [120.4311, -6.47005], [120.43081, -6.47036], [120.43146, -6.47107], [120.43164, -6.47148], [120.43181, -6.47204], [120.43142, -6.47401], [120.4314, -6.47609], [120.43141, -6.47762], [120.43139, -6.4792], [120.43143, -6.48004], [120.43147, -6.48066], [120.43153, -6.48138], [120.43175, -6.4818], [120.43227, -6.48205], [120.43244, -6.48231], [120.43265, -6.48305], [120.43249, -6.48315], [120.43237, -6.4834], [120.43231, -6.48354]]], [[[120.4337, -6.45368], [120.43367, -6.45363], [120.43366, -6.45359], [120.4337, -6.45354], [120.43368, -6.4535], [120.43359, -6.45344], [120.43356, -6.45341], [120.43352, -6.45336], [120.43346, -6.45336], [120.43341, -6.45338], [120.43334, -6.45345], [120.43325, -6.45345], [120.43317, -6.45338], [120.4331, -6.45331], [120.43306, -6.45332], [120.43301, -6.45331], [120.43297, -6.45333], [120.43292, -6.45338], [120.43285, -6.45339], [120.43278, -6.45338], [120.43271, -6.45336], [120.43261, -6.45334], [120.43253, -6.45338], [120.43246, -6.4534], [120.43232, -6.45339], [120.43224, -6.45339], [120.43215, -6.45342], [120.43206, -6.45333], [120.43202, -6.45323], [120.432, -6.45316], [120.43205, -6.4531], [120.43212, -6.4531], [120.43221, -6.45311], [120.43224, -6.45316], [120.43235, -6.45318], [120.43243, -6.45319], [120.43248, -6.45319], [120.43255, -6.45319], [120.43263, -6.45319], [120.43269, -6.45319], [120.43277, -6.4532], [120.43284, -6.45319], [120.43292, -6.45319], [120.433, -6.45315], [120.43308, -6.45306], [120.43312, -6.45306], [120.43322, -6.45306], [120.43324, -6.4531], [120.43331, -6.45315], [120.43336, -6.45317], [120.43343, -6.45324], [120.43348, -6.45324], [120.43353, -6.45317], [120.43361, -6.45319], [120.43368, -6.45326], [120.43371, -6.45328], [120.43373, -6.45332], [120.43378, -6.45337], [120.43383, -6.45342], [120.43383, -6.45353], [120.43384, -6.45361], [120.43383, -6.45368], [120.43376, -6.45369], [120.4337, -6.45368]]], [[[120.43134, -6.45302], [120.43133, -6.45295], [120.43127, -6.45288], [120.43123, -6.45285], [120.43117, -6.45286], [120.43113, -6.45281], [120.43107, -6.45285], [120.43103, -6.4529], [120.43095, -6.45295], [120.43091, -6.45299], [120.43087, -6.45302], [120.43081, -6.45295], [120.43073, -6.45293], [120.43067, -6.45296], [120.43058, -6.45301], [120.43055, -6.45311], [120.43048, -6.45313], [120.43042, -6.45314], [120.43036, -6.4531], [120.43033, -6.45309], [120.43026, -6.45307], [120.43018, -6.45306], [120.43012, -6.45304], [120.43008, -6.45304], [120.43007, -6.45312], [120.43002, -6.45315], [120.42995, -6.45317], [120.42982, -6.45317], [120.4297, -6.45317], [120.42964, -6.45316], [120.42959, -6.45314], [120.42957, -6.45306], [120.42969, -6.45303], [120.42978, -6.45296], [120.42987, -6.45297], [120.42994, -6.45302], [120.43005, -6.45296], [120.43006, -6.45289], [120.43015, -6.45286], [120.43022, -6.45285], [120.43032, -6.45287], [120.43038, -6.45286], [120.43046, -6.45293], [120.43055, -6.45288], [120.43063, -6.45282], [120.43073, -6.45279], [120.43078, -6.45276], [120.43083, -6.45274], [120.43088, -6.45272], [120.43108, -6.45268], [120.43134, -6.45266], [120.43152, -6.45273], [120.43164, -6.45278], [120.43177, -6.45289], [120.43184, -6.45298], [120.43185, -6.45312], [120.43175, -6.45313], [120.43171, -6.45312], [120.43169, -6.45308], [120.43168, -6.45304], [120.43161, -6.45305], [120.43156, -6.45296], [120.4315, -6.45296], [120.43148, -6.45301], [120.43143, -6.45304], [120.4314, -6.45306], [120.43134, -6.45302]]]]}}, {"type": "Feature", "properties": {"id": "030.004.LOWA", "nmkec": "Bontosikuyu", "nmdesa": "Lowa", "kdkec": "030", "kddesa": "004", "dominan": "cengkeh", "total_ha": 2272.8}, "geometry": {"type": "Polygon", "coordinates": [[[120.49715, -6.41025], [120.49769, -6.41087], [120.49842, -6.41138], [120.49926, -6.412], [120.49964, -6.41282], [120.49982, -6.41332], [120.50023, -6.41445], [120.50037, -6.41484], [120.5012, -6.41624], [120.50107, -6.419], [120.50011, -6.42057], [120.49897, -6.42163], [120.49831, -6.42217], [120.49858, -6.42401], [120.49878, -6.42454], [120.49919, -6.42557], [120.49923, -6.42618], [120.49932, -6.42671], [120.5, -6.42884], [120.50141, -6.43241], [120.50346, -6.43669], [120.50361, -6.43697], [120.50512, -6.43864], [120.50636, -6.43899], [120.50708, -6.43933], [120.50822, -6.44026], [120.5089, -6.4413], [120.50987, -6.44239], [120.50977, -6.44393], [120.50938, -6.44485], [120.50896, -6.44551], [120.50763, -6.44626], [120.50594, -6.44692], [120.50469, -6.44712], [120.50368, -6.44785], [120.50245, -6.44898], [120.50174, -6.4509], [120.50078, -6.45464], [120.50071, -6.45541], [120.50062, -6.45685], [120.49876, -6.45543], [120.49173, -6.45357], [120.48206, -6.44986], [120.47573, -6.45395], [120.47583, -6.45122], [120.47563, -6.45093], [120.47538, -6.45033], [120.47513, -6.45021], [120.47474, -6.44836], [120.47478, -6.44804], [120.47478, -6.44611], [120.47446, -6.44561], [120.47436, -6.44448], [120.47418, -6.44418], [120.47412, -6.44399], [120.47411, -6.44301], [120.47402, -6.44148], [120.47382, -6.43842], [120.47355, -6.43732], [120.47295, -6.43734], [120.4725, -6.4371], [120.47253, -6.43682], [120.47232, -6.43615], [120.47219, -6.43534], [120.47157, -6.43481], [120.47156, -6.43457], [120.47139, -6.43298], [120.471, -6.43277], [120.47053, -6.43272], [120.47024, -6.43258], [120.46979, -6.43186], [120.46953, -6.43108], [120.46897, -6.43068], [120.46846, -6.42991], [120.46852, -6.42938], [120.46838, -6.42863], [120.46824, -6.42753], [120.46776, -6.42679], [120.46747, -6.42647], [120.467, -6.42611], [120.46692, -6.42572], [120.4666, -6.42532], [120.4663, -6.42489], [120.46607, -6.42458], [120.46596, -6.42414], [120.46576, -6.42303], [120.4656, -6.42295], [120.4653, -6.42254], [120.46513, -6.42233], [120.46491, -6.42218], [120.46466, -6.4218], [120.46448, -6.4213], [120.46435, -6.42058], [120.46441, -6.41993], [120.46415, -6.41953], [120.46406, -6.41922], [120.46384, -6.41868], [120.46351, -6.41846], [120.46327, -6.41798], [120.46318, -6.41742], [120.46285, -6.41681], [120.46271, -6.41637], [120.46246, -6.41596], [120.46219, -6.41516], [120.46184, -6.41466], [120.46188, -6.41375], [120.4616, -6.41353], [120.46142, -6.41331], [120.46122, -6.4126], [120.46124, -6.41215], [120.46115, -6.41188], [120.46095, -6.41176], [120.46091, -6.41135], [120.46093, -6.41091], [120.46091, -6.41053], [120.46073, -6.41032], [120.4606, -6.41025], [120.46057, -6.41002], [120.46066, -6.40981], [120.46069, -6.4095], [120.46049, -6.40881], [120.4604, -6.40876], [120.46024, -6.40858], [120.46037, -6.40835], [120.46034, -6.40796], [120.46029, -6.40717], [120.46033, -6.4067], [120.46027, -6.4063], [120.46028, -6.40609], [120.46016, -6.4058], [120.46018, -6.40564], [120.46004, -6.40556], [120.45991, -6.40529], [120.45997, -6.40497], [120.4601, -6.40481], [120.45999, -6.40471], [120.46014, -6.40444], [120.46026, -6.40432], [120.46046, -6.40416], [120.46058, -6.404], [120.46063, -6.40368], [120.46058, -6.40336], [120.46063, -6.40318], [120.46063, -6.40289], [120.46101, -6.40281], [120.46192, -6.40316], [120.46219, -6.40321], [120.46243, -6.40316], [120.46266, -6.40322], [120.46283, -6.40319], [120.46321, -6.40332], [120.46349, -6.40339], [120.46363, -6.4033], [120.46402, -6.40357], [120.46444, -6.40367], [120.46417, -6.40313], [120.4644, -6.4029], [120.46474, -6.40275], [120.46565, -6.40296], [120.46692, -6.4032], [120.46804, -6.40387], [120.46849, -6.40438], [120.46903, -6.40386], [120.46959, -6.40282], [120.46978, -6.40213], [120.47016, -6.40131], [120.46987, -6.40079], [120.46943, -6.40085], [120.46935, -6.40041], [120.46937, -6.40003], [120.46947, -6.39943], [120.46938, -6.39889], [120.46902, -6.39857], [120.4679, -6.3986], [120.46754, -6.3985], [120.46682, -6.3985], [120.46609, -6.39832], [120.46531, -6.39793], [120.46442, -6.39809], [120.46359, -6.39834], [120.46342, -6.39838], [120.46325, -6.39873], [120.4626, -6.39859], [120.46176, -6.39916], [120.46097, -6.39899], [120.46083, -6.39867], [120.46055, -6.39763], [120.46018, -6.39612], [120.46017, -6.39576], [120.4598, -6.39391], [120.45938, -6.39379], [120.45899, -6.3937], [120.45862, -6.39363], [120.45797, -6.39325], [120.45821, -6.39301], [120.45832, -6.39259], [120.45799, -6.39212], [120.45774, -6.39181], [120.45777, -6.39151], [120.45754, -6.39117], [120.45719, -6.39123], [120.45701, -6.39097], [120.45701, -6.39058], [120.45727, -6.39028], [120.45759, -6.39017], [120.45796, -6.38955], [120.45791, -6.38809], [120.45757, -6.38791], [120.45744, -6.38795], [120.45749, -6.38777], [120.45745, -6.38741], [120.45729, -6.38712], [120.45694, -6.38706], [120.45645, -6.3872], [120.45659, -6.38698], [120.45669, -6.38679], [120.45653, -6.38643], [120.45628, -6.38636], [120.4562, -6.3858], [120.45586, -6.38578], [120.45572, -6.38596], [120.45546, -6.38566], [120.45533, -6.3852], [120.45559, -6.38486], [120.45607, -6.38465], [120.45586, -6.38425], [120.45537, -6.3841], [120.45531, -6.38432], [120.45499, -6.38385], [120.45513, -6.38362], [120.45549, -6.38344], [120.45515, -6.38296], [120.45484, -6.38284], [120.45466, -6.38258], [120.45441, -6.38192], [120.45414, -6.38165], [120.45429, -6.38147], [120.45455, -6.38135], [120.45531, -6.3817], [120.45638, -6.38215], [120.45676, -6.38216], [120.45786, -6.38239], [120.45844, -6.38328], [120.45931, -6.38345], [120.45986, -6.38385], [120.46057, -6.38452], [120.46105, -6.38471], [120.46224, -6.38605], [120.46217, -6.38688], [120.46226, -6.38721], [120.46298, -6.38777], [120.46331, -6.38796], [120.46357, -6.38842], [120.46404, -6.38899], [120.46425, -6.38906], [120.4644, -6.38899], [120.46464, -6.38903], [120.46477, -6.38898], [120.46509, -6.38892], [120.46552, -6.38871], [120.46618, -6.38832], [120.46688, -6.38783], [120.46749, -6.38735], [120.46811, -6.38674], [120.47, -6.38519], [120.47048, -6.38466], [120.47084, -6.38413], [120.47116, -6.38322], [120.47135, -6.38252], [120.47146, -6.38229], [120.47163, -6.38167], [120.47173, -6.38154], [120.47176, -6.38098], [120.47182, -6.37952], [120.47212, -6.37638], [120.4725, -6.3756], [120.47255, -6.3756], [120.47278, -6.37562], [120.47614, -6.37597], [120.47845, -6.37632], [120.48197, -6.37745], [120.48599, -6.38078], [120.49667, -6.39029], [120.49642, -6.39111], [120.49597, -6.39124], [120.49559, -6.39171], [120.4953, -6.39185], [120.49524, -6.39204], [120.49544, -6.3925], [120.49548, -6.39287], [120.49576, -6.39314], [120.49663, -6.39404], [120.49687, -6.39496], [120.49706, -6.39624], [120.49666, -6.39774], [120.49602, -6.39811], [120.49542, -6.39858], [120.49485, -6.39865], [120.49437, -6.3992], [120.49364, -6.3996], [120.49303, -6.39992], [120.4933, -6.40043], [120.49322, -6.40103], [120.49313, -6.40217], [120.4928, -6.4023], [120.49343, -6.40262], [120.49475, -6.40335], [120.49533, -6.40405], [120.49622, -6.40448], [120.49661, -6.40509], [120.49655, -6.40552], [120.49666, -6.40639], [120.49682, -6.40765], [120.49688, -6.40802], [120.49693, -6.40854], [120.49697, -6.40905], [120.49702, -6.40951], [120.49714, -6.41013], [120.49715, -6.41025]]]}}, {"type": "Feature", "properties": {"id": "042.009.BONTOKORAANG", "nmkec": "Bontomanai", "nmdesa": "Bontokoraang", "kdkec": "042", "kddesa": "009", "dominan": "kelapa", "total_ha": 2491.5}, "geometry": {"type": "Polygon", "coordinates": [[[120.53764, -6.14673], [120.53925, -6.14367], [120.54067, -6.14026], [120.54073, -6.13813], [120.53918, -6.13606], [120.53648, -6.13417], [120.53275, -6.13167], [120.53007, -6.13038], [120.52813, -6.12886], [120.5264, -6.12688], [120.52555, -6.12549], [120.52559, -6.12392], [120.52601, -6.12195], [120.52644, -6.11962], [120.52644, -6.11933], [120.51958, -6.10964], [120.51845, -6.10908], [120.51396, -6.10692], [120.51162, -6.10239], [120.5102, -6.10208], [120.51021, -6.09604], [120.51233, -6.09495], [120.51454, -6.09169], [120.52559, -6.08998], [120.52761, -6.09098], [120.53274, -6.09349], [120.53445, -6.09644], [120.54594, -6.10658], [120.54572, -6.10653], [120.54559, -6.10656], [120.54542, -6.10676], [120.54526, -6.10693], [120.5451, -6.10719], [120.54504, -6.10736], [120.54483, -6.10756], [120.54466, -6.10801], [120.54462, -6.10818], [120.5446, -6.10838], [120.54455, -6.10853], [120.54433, -6.1088], [120.54422, -6.10908], [120.54444, -6.10945], [120.54463, -6.10998], [120.54465, -6.11015], [120.54471, -6.1103], [120.54478, -6.11051], [120.54473, -6.11084], [120.54459, -6.11127], [120.54446, -6.11154], [120.54455, -6.11175], [120.54474, -6.1121], [120.54517, -6.11265], [120.54535, -6.1127], [120.54537, -6.11273], [120.54546, -6.11327], [120.54566, -6.1135], [120.54581, -6.11393], [120.54605, -6.11432], [120.54616, -6.11455], [120.54622, -6.11482], [120.54661, -6.11499], [120.54679, -6.11492], [120.54713, -6.11519], [120.54734, -6.11529], [120.54748, -6.11547], [120.5477, -6.11567], [120.54777, -6.11581], [120.5481, -6.11617], [120.54813, -6.11654], [120.54826, -6.11683], [120.54843, -6.11691], [120.54849, -6.11684], [120.54867, -6.11673], [120.54917, -6.11716], [120.54959, -6.11765], [120.55034, -6.11844], [120.55074, -6.11928], [120.55074, -6.11967], [120.55096, -6.11993], [120.55114, -6.12], [120.55109, -6.12028], [120.55116, -6.12051], [120.55135, -6.12064], [120.55141, -6.12102], [120.55146, -6.1213], [120.5514, -6.12169], [120.55125, -6.12222], [120.55118, -6.12236], [120.55122, -6.12254], [120.55103, -6.12288], [120.55081, -6.12302], [120.55057, -6.12324], [120.55049, -6.12339], [120.55033, -6.12339], [120.55025, -6.12323], [120.55008, -6.12313], [120.54975, -6.1231], [120.5495, -6.12311], [120.54903, -6.12321], [120.54855, -6.12334], [120.54811, -6.12335], [120.54712, -6.12356], [120.54656, -6.12358], [120.54576, -6.1235], [120.54478, -6.12323], [120.5446, -6.12325], [120.54437, -6.12331], [120.54423, -6.12315], [120.54407, -6.12303], [120.54397, -6.1231], [120.54381, -6.12303], [120.54364, -6.12297], [120.54331, -6.12291], [120.54305, -6.12286], [120.54293, -6.12302], [120.54263, -6.12333], [120.54222, -6.12338], [120.54189, -6.12342], [120.5417, -6.12337], [120.54157, -6.1232], [120.54143, -6.12307], [120.54121, -6.12287], [120.54107, -6.12281], [120.54097, -6.12291], [120.54077, -6.12283], [120.54073, -6.12276], [120.54061, -6.12292], [120.54037, -6.12318], [120.54012, -6.12336], [120.54004, -6.12355], [120.53991, -6.12378], [120.53976, -6.12387], [120.53976, -6.12402], [120.53984, -6.12407], [120.53985, -6.12426], [120.53997, -6.12436], [120.54007, -6.12447], [120.54016, -6.12442], [120.54027, -6.12441], [120.54041, -6.12451], [120.54053, -6.12465], [120.54076, -6.12481], [120.54101, -6.12495], [120.54115, -6.12509], [120.54122, -6.12528], [120.54131, -6.12554], [120.54135, -6.12569], [120.54135, -6.12587], [120.5414, -6.12603], [120.5416, -6.12614], [120.54168, -6.12626], [120.54203, -6.12623], [120.5422, -6.12617], [120.54242, -6.12604], [120.54263, -6.12621], [120.54303, -6.12646], [120.54341, -6.12665], [120.54397, -6.12677], [120.54451, -6.12685], [120.5448, -6.12677], [120.54513, -6.12696], [120.54547, -6.12724], [120.54567, -6.12737], [120.54589, -6.12753], [120.54614, -6.12762], [120.54625, -6.12777], [120.5465, -6.12804], [120.54667, -6.12804], [120.54676, -6.12819], [120.5468, -6.12834], [120.54703, -6.12841], [120.54721, -6.12843], [120.54721, -6.12829], [120.54744, -6.1284], [120.54784, -6.12844], [120.54803, -6.12863], [120.5482, -6.12871], [120.54844, -6.1289], [120.5485, -6.12898], [120.5485, -6.12923], [120.54859, -6.12934], [120.54866, -6.12966], [120.54871, -6.12998], [120.54872, -6.13017], [120.54888, -6.1306], [120.54897, -6.13074], [120.54914, -6.13104], [120.54921, -6.13123], [120.5491, -6.13144], [120.54906, -6.13169], [120.54902, -6.13201], [120.54904, -6.13215], [120.54888, -6.13227], [120.54884, -6.13243], [120.54877, -6.13261], [120.54855, -6.13274], [120.54843, -6.13292], [120.54837, -6.13316], [120.54832, -6.1334], [120.54828, -6.13356], [120.5484, -6.13383], [120.54835, -6.13398], [120.54837, -6.13413], [120.54843, -6.13435], [120.54844, -6.13454], [120.54857, -6.13492], [120.54864, -6.13544], [120.54833, -6.1358], [120.54805, -6.13624], [120.54785, -6.13652], [120.5475, -6.13676], [120.54717, -6.13689], [120.54694, -6.13717], [120.54685, -6.13755], [120.5467, -6.13811], [120.54666, -6.13852], [120.54659, -6.13902], [120.54672, -6.13919], [120.54673, -6.13936], [120.54659, -6.13961], [120.54665, -6.13996], [120.54673, -6.14013], [120.54664, -6.14024], [120.54654, -6.14039], [120.54647, -6.14088], [120.54639, -6.14128], [120.54633, -6.1416], [120.54625, -6.14194], [120.54609, -6.14234], [120.546, -6.14246], [120.546, -6.14264], [120.5459, -6.14314], [120.54591, -6.14341], [120.54587, -6.14365], [120.54607, -6.14364], [120.54618, -6.14365], [120.54617, -6.14378], [120.54608, -6.14382], [120.54603, -6.14397], [120.54602, -6.14415], [120.54591, -6.14425], [120.54591, -6.14449], [120.54596, -6.14469], [120.54601, -6.14484], [120.54594, -6.14511], [120.54587, -6.14531], [120.5457, -6.14536], [120.54563, -6.14564], [120.54563, -6.14612], [120.54561, -6.14642], [120.54556, -6.14655], [120.5457, -6.14678], [120.54545, -6.14697], [120.54527, -6.14728], [120.54501, -6.1476], [120.54475, -6.14773], [120.54442, -6.14825], [120.54421, -6.14843], [120.5441, -6.14849], [120.54395, -6.14853], [120.54379, -6.14849], [120.54356, -6.14838], [120.54319, -6.14844], [120.54304, -6.14862], [120.54298, -6.14894], [120.54286, -6.14928], [120.54269, -6.14949], [120.54242, -6.15038], [120.54188, -6.15085], [120.54158, -6.15147], [120.54169, -6.15207], [120.5419, -6.1525], [120.54201, -6.15297], [120.54227, -6.15356], [120.54249, -6.15413], [120.5428, -6.15446], [120.54278, -6.15453], [120.54255, -6.15469], [120.54268, -6.15483], [120.54281, -6.15504], [120.54282, -6.15517], [120.5428, -6.15525], [120.54269, -6.15537], [120.54258, -6.15549], [120.54231, -6.15555], [120.54201, -6.15559], [120.54195, -6.15561], [120.54172, -6.15562], [120.54178, -6.15547], [120.5419, -6.15538], [120.54169, -6.15534], [120.54145, -6.15533], [120.54113, -6.15545], [120.54057, -6.15585], [120.54012, -6.1562], [120.53971, -6.15603], [120.53407, -6.15362], [120.53551, -6.15059], [120.53764, -6.14673]]]}}, {"type": "Feature", "properties": {"id": "011.006.GARAUPA_RAYA", "nmkec": "Pasilambena", "nmdesa": "Garaupa Raya", "kdkec": "011", "kddesa": "006", "dominan": "kelapa", "total_ha": 609.2}, "geometry": {"type": "Polygon", "coordinates": [[[121.77277, -7.42328], [121.77264, -7.4234], [121.77241, -7.42359], [121.77229, -7.4237], [121.772, -7.42384], [121.77171, -7.42405], [121.77157, -7.42413], [121.77135, -7.42423], [121.77125, -7.42425], [121.77076, -7.42424], [121.77058, -7.42417], [121.77053, -7.42408], [121.77037, -7.42402], [121.77033, -7.424], [121.77025, -7.42397], [121.77013, -7.42389], [121.77001, -7.42391], [121.76978, -7.42382], [121.76958, -7.42367], [121.76931, -7.42368], [121.76896, -7.42373], [121.76879, -7.42373], [121.76869, -7.42367], [121.76855, -7.42368], [121.76846, -7.42357], [121.76838, -7.42346], [121.76835, -7.42326], [121.76682, -7.42286], [121.76638, -7.42281], [121.76625, -7.42278], [121.76611, -7.42291], [121.76607, -7.42293], [121.76564, -7.42296], [121.7649, -7.42295], [121.76439, -7.42307], [121.76348, -7.42326], [121.76292, -7.42343], [121.76268, -7.42343], [121.76211, -7.42313], [121.76204, -7.42309], [121.76154, -7.42276], [121.76134, -7.42265], [121.76093, -7.42257], [121.7607, -7.42248], [121.76046, -7.4224], [121.7602, -7.42226], [121.75961, -7.4219], [121.75934, -7.42183], [121.75912, -7.42188], [121.75881, -7.42202], [121.75845, -7.42205], [121.75825, -7.42211], [121.75821, -7.42212], [121.75804, -7.4222], [121.75787, -7.42221], [121.7578, -7.42228], [121.75762, -7.42231], [121.75741, -7.42237], [121.75719, -7.42239], [121.75695, -7.42251], [121.75689, -7.42258], [121.75677, -7.42268], [121.75672, -7.4228], [121.75667, -7.42289], [121.7566, -7.42303], [121.75641, -7.42319], [121.75618, -7.42321], [121.75594, -7.4231], [121.75558, -7.42293], [121.75544, -7.42289], [121.75526, -7.42288], [121.75511, -7.42288], [121.75502, -7.423], [121.75485, -7.42301], [121.75475, -7.42293], [121.75462, -7.42292], [121.75457, -7.42284], [121.75462, -7.42276], [121.7547, -7.42261], [121.75423, -7.4221], [121.75393, -7.42186], [121.75365, -7.42163], [121.75359, -7.42159], [121.75348, -7.42139], [121.75323, -7.42121], [121.75305, -7.42114], [121.75286, -7.42103], [121.75277, -7.42076], [121.75257, -7.42041], [121.75184, -7.41953], [121.75128, -7.41904], [121.75075, -7.41828], [121.74961, -7.41713], [121.74939, -7.41705], [121.74922, -7.41698], [121.74911, -7.41695], [121.74899, -7.41687], [121.74874, -7.41678], [121.74864, -7.41663], [121.74845, -7.41641], [121.74768, -7.41579], [121.74722, -7.41554], [121.74699, -7.4154], [121.74693, -7.41542], [121.74683, -7.41538], [121.74682, -7.41529], [121.74681, -7.41523], [121.74661, -7.41505], [121.74649, -7.41494], [121.74644, -7.41486], [121.74636, -7.41489], [121.74631, -7.41487], [121.74619, -7.41475], [121.74613, -7.41459], [121.74613, -7.41448], [121.74612, -7.41434], [121.74608, -7.41421], [121.74604, -7.41415], [121.74599, -7.41397], [121.74596, -7.4138], [121.74582, -7.41366], [121.74575, -7.41353], [121.74565, -7.41339], [121.7456, -7.41334], [121.74559, -7.41304], [121.74565, -7.41274], [121.74563, -7.41254], [121.74555, -7.41236], [121.74556, -7.41217], [121.74563, -7.41198], [121.74562, -7.41186], [121.74552, -7.41168], [121.74548, -7.41156], [121.74547, -7.41144], [121.74542, -7.41136], [121.7453, -7.41132], [121.74523, -7.41129], [121.74506, -7.41125], [121.745, -7.41122], [121.74495, -7.41098], [121.74493, -7.41087], [121.74486, -7.41076], [121.74483, -7.41063], [121.74478, -7.41058], [121.74479, -7.41024], [121.74488, -7.41001], [121.74491, -7.40973], [121.74481, -7.40965], [121.74473, -7.40949], [121.74468, -7.40939], [121.74462, -7.40923], [121.74478, -7.40922], [121.74488, -7.40916], [121.74489, -7.40907], [121.74482, -7.4089], [121.74485, -7.40881], [121.7448, -7.40875], [121.74474, -7.40854], [121.74465, -7.40839], [121.74463, -7.40822], [121.74465, -7.40817], [121.74457, -7.40809], [121.74448, -7.40795], [121.74451, -7.40786], [121.74453, -7.40772], [121.74445, -7.40766], [121.74446, -7.40751], [121.7446, -7.40721], [121.74465, -7.40683], [121.745, -7.40657], [121.74518, -7.40661], [121.74509, -7.40631], [121.74508, -7.40618], [121.74504, -7.40607], [121.74489, -7.40593], [121.74484, -7.40573], [121.74488, -7.40552], [121.74483, -7.40511], [121.74474, -7.40503], [121.74465, -7.40499], [121.74462, -7.40487], [121.74453, -7.40477], [121.74448, -7.40463], [121.74438, -7.40462], [121.74433, -7.40457], [121.74434, -7.40417], [121.74449, -7.40382], [121.74453, -7.40378], [121.7445, -7.4037], [121.74449, -7.40358], [121.74462, -7.4035], [121.74467, -7.40342], [121.74474, -7.40329], [121.7448, -7.40293], [121.74473, -7.40281], [121.74467, -7.40277], [121.7446, -7.40262], [121.74461, -7.40244], [121.74465, -7.40234], [121.74463, -7.40227], [121.74455, -7.40204], [121.74464, -7.40156], [121.74482, -7.40127], [121.74497, -7.40108], [121.7451, -7.40099], [121.74511, -7.4009], [121.74515, -7.40076], [121.74514, -7.40058], [121.74513, -7.40045], [121.74509, -7.40038], [121.745, -7.40027], [121.7449, -7.40016], [121.74514, -7.39983], [121.74534, -7.39944], [121.74538, -7.39916], [121.74553, -7.39901], [121.74575, -7.3989], [121.74591, -7.39889], [121.74606, -7.39873], [121.74607, -7.39856], [121.74571, -7.39839], [121.74559, -7.39826], [121.74543, -7.39817], [121.74521, -7.3981], [121.74506, -7.39803], [121.74495, -7.39796], [121.74488, -7.39789], [121.74477, -7.39782], [121.7447, -7.39767], [121.74471, -7.3975], [121.74459, -7.39738], [121.74454, -7.39731], [121.74456, -7.39703], [121.74484, -7.39673], [121.74488, -7.39667], [121.74487, -7.39658], [121.74479, -7.39649], [121.74476, -7.39611], [121.74485, -7.39586], [121.74496, -7.39567], [121.74503, -7.39554], [121.74518, -7.39543], [121.74545, -7.39521], [121.74552, -7.39511], [121.74564, -7.39491], [121.74553, -7.39483], [121.74543, -7.39489], [121.74531, -7.39486], [121.74523, -7.39477], [121.74514, -7.39468], [121.74509, -7.39451], [121.74512, -7.39438], [121.74508, -7.39422], [121.74536, -7.39424], [121.74854, -7.39454], [121.75191, -7.39493], [121.75916, -7.39578], [121.76124, -7.39602], [121.7632, -7.39669], [121.76706, -7.39796], [121.77096, -7.39927], [121.77106, -7.39931], [121.77192, -7.39959], [121.77215, -7.40621], [121.7726, -7.41984], [121.77277, -7.42328]]]}}, {"type": "Feature", "properties": {"id": "011.005.KARUMPA", "nmkec": "Pasilambena", "nmdesa": "Karumpa", "kdkec": "011", "kddesa": "005", "dominan": "kelapa", "total_ha": 2204.4}, "geometry": {"type": "MultiPolygon", "coordinates": [[[[121.73178, -7.29426], [121.73131, -7.29461], [121.73069, -7.29486], [121.73027, -7.29504], [121.7298, -7.29505], [121.72951, -7.29509], [121.72913, -7.29503], [121.72839, -7.29514], [121.72818, -7.29505], [121.72781, -7.29476], [121.72757, -7.29448], [121.72743, -7.29406], [121.7274, -7.29344], [121.72744, -7.29257], [121.7275, -7.29188], [121.72757, -7.29137], [121.72784, -7.29062], [121.72808, -7.29035], [121.72831, -7.29011], [121.72891, -7.28982], [121.72915, -7.28973], [121.72937, -7.28938], [121.72979, -7.28908], [121.73016, -7.28866], [121.73028, -7.28837], [121.73071, -7.2855], [121.73071, -7.2843], [121.73071, -7.28377], [121.73078, -7.28288], [121.73069, -7.28186], [121.73014, -7.28065], [121.72958, -7.28041], [121.72978, -7.2789], [121.73008, -7.27824], [121.73035, -7.27791], [121.7307, -7.27774], [121.73095, -7.27757], [121.73113, -7.27732], [121.73125, -7.27763], [121.73117, -7.27795], [121.73102, -7.27872], [121.73094, -7.27891], [121.73083, -7.2795], [121.73121, -7.27985], [121.73174, -7.28012], [121.7321, -7.28027], [121.73307, -7.28042], [121.73331, -7.28025], [121.73403, -7.27995], [121.73531, -7.27983], [121.73605, -7.2795], [121.73639, -7.27928], [121.73691, -7.2788], [121.73723, -7.27872], [121.73752, -7.27832], [121.73767, -7.27818], [121.73767, -7.27808], [121.7378, -7.27774], [121.73813, -7.27751], [121.7384, -7.27701], [121.73874, -7.2764], [121.73887, -7.27612], [121.73898, -7.27566], [121.7394, -7.27513], [121.73971, -7.27417], [121.73982, -7.27378], [121.74006, -7.27339], [121.74028, -7.2727], [121.7403, -7.27263], [121.74077, -7.27154], [121.74104, -7.27155], [121.74155, -7.27156], [121.74198, -7.27134], [121.74254, -7.27183], [121.74265, -7.27192], [121.74406, -7.27109], [121.7448, -7.27009], [121.74555, -7.26822], [121.74593, -7.26663], [121.74607, -7.26621], [121.74624, -7.26594], [121.74742, -7.26707], [121.74904, -7.26737], [121.74954, -7.26686], [121.75008, -7.26678], [121.7503, -7.26656], [121.75073, -7.26643], [121.75111, -7.26636], [121.75151, -7.26599], [121.75163, -7.26533], [121.75195, -7.26483], [121.75271, -7.2631], [121.75209, -7.26234], [121.75194, -7.26157], [121.75264, -7.26192], [121.75367, -7.2621], [121.7545, -7.26199], [121.75546, -7.26153], [121.75671, -7.26252], [121.75754, -7.26326], [121.75799, -7.2636], [121.75898, -7.2638], [121.76025, -7.26413], [121.76078, -7.26492], [121.76099, -7.26525], [121.76125, -7.26576], [121.76167, -7.26586], [121.76194, -7.26531], [121.76197, -7.26445], [121.76186, -7.26363], [121.76184, -7.26288], [121.76174, -7.26257], [121.76151, -7.2623], [121.76113, -7.26227], [121.76083, -7.26214], [121.76047, -7.26219], [121.76026, -7.2618], [121.76012, -7.2615], [121.75993, -7.26116], [121.75974, -7.26094], [121.75963, -7.26071], [121.75991, -7.26069], [121.76049, -7.26069], [121.76092, -7.26097], [121.76124, -7.26127], [121.7621, -7.26143], [121.76272, -7.26133], [121.76333, -7.26169], [121.76366, -7.26175], [121.76375, -7.26164], [121.7641, -7.26137], [121.76462, -7.26114], [121.76479, -7.26073], [121.7652, -7.26078], [121.76565, -7.26106], [121.76652, -7.26257], [121.76741, -7.26311], [121.76916, -7.26374], [121.76993, -7.26392], [121.77008, -7.264], [121.771, -7.2649], [121.77183, -7.26564], [121.77198, -7.26575], [121.77327, -7.26683], [121.77432, -7.26766], [121.77538, -7.26805], [121.77588, -7.26862], [121.77677, -7.26988], [121.77743, -7.27095], [121.77805, -7.27163], [121.77835, -7.27193], [121.77863, -7.27219], [121.77892, -7.27279], [121.77895, -7.27326], [121.7788, -7.27363], [121.77892, -7.2742], [121.77927, -7.2747], [121.77949, -7.275], [121.77938, -7.27537], [121.77921, -7.27573], [121.77868, -7.27681], [121.77838, -7.27707], [121.77805, -7.27719], [121.77814, -7.27759], [121.77779, -7.27763], [121.77768, -7.27767], [121.77736, -7.27779], [121.77704, -7.27803], [121.77678, -7.27851], [121.77662, -7.27917], [121.77645, -7.27959], [121.77591, -7.2808], [121.77541, -7.28229], [121.77504, -7.28311], [121.77423, -7.28462], [121.77327, -7.28641], [121.77312, -7.28651], [121.77291, -7.28661], [121.7723, -7.28691], [121.77193, -7.28712], [121.77178, -7.28708], [121.77144, -7.28713], [121.77111, -7.28709], [121.77089, -7.28692], [121.77014, -7.28696], [121.76936, -7.2871], [121.76872, -7.28722], [121.76867, -7.2872], [121.76778, -7.28723], [121.76742, -7.28724], [121.76613, -7.28732], [121.76453, -7.28753], [121.76344, -7.28741], [121.76075, -7.28767], [121.75908, -7.28761], [121.75749, -7.287], [121.75544, -7.28657], [121.75454, -7.28671], [121.75407, -7.28675], [121.75344, -7.28692], [121.75272, -7.28715], [121.75232, -7.28734], [121.75192, -7.28767], [121.7515, -7.28805], [121.7511, -7.28815], [121.74997, -7.28902], [121.74927, -7.28922], [121.74891, -7.28944], [121.74863, -7.28969], [121.74812, -7.2898], [121.74754, -7.28972], [121.74709, -7.28972], [121.7467, -7.29004], [121.74588, -7.29021], [121.74509, -7.29047], [121.74456, -7.29074], [121.74382, -7.29085], [121.74334, -7.291], [121.74287, -7.29121], [121.74213, -7.29125], [121.7414, -7.2913], [121.74055, -7.2914], [121.73864, -7.29173], [121.73729, -7.29173], [121.73535, -7.29251], [121.73254, -7.29387], [121.73217, -7.29412], [121.73178, -7.29426]]], [[[121.7468, -7.23845], [121.74696, -7.23876], [121.74707, -7.23893], [121.74716, -7.23913], [121.74716, -7.23916], [121.74722, -7.23928], [121.74732, -7.23935], [121.7474, -7.23946], [121.74745, -7.23953], [121.74755, -7.23969], [121.74763, -7.2398], [121.74771, -7.23999], [121.74777, -7.24022], [121.74777, -7.24022], [121.74778, -7.24023], [121.74784, -7.24036], [121.74786, -7.24047], [121.74782, -7.24063], [121.74776, -7.24083], [121.74768, -7.24103], [121.74768, -7.24102], [121.74768, -7.24104], [121.74763, -7.24114], [121.74766, -7.24123], [121.74771, -7.24128], [121.74769, -7.24146], [121.74773, -7.24164], [121.74768, -7.24182], [121.74767, -7.2421], [121.74762, -7.24213], [121.74751, -7.242], [121.74744, -7.24187], [121.7474, -7.2418], [121.74741, -7.24174], [121.74734, -7.24162], [121.74737, -7.24154], [121.74735, -7.24143], [121.74735, -7.2413], [121.74723, -7.24118], [121.74725, -7.24109], [121.74717, -7.24107], [121.74715, -7.24098], [121.74719, -7.24087], [121.74711, -7.24076], [121.74708, -7.24068], [121.74703, -7.24056], [121.74706, -7.24044], [121.74707, -7.24034], [121.74706, -7.24024], [121.74702, -7.24015], [121.74705, -7.24006], [121.74705, -7.24005], [121.74709, -7.23991], [121.74699, -7.23973], [121.7469, -7.23959], [121.74679, -7.23958], [121.74673, -7.23961], [121.74669, -7.23958], [121.74656, -7.23948], [121.74657, -7.23936], [121.74648, -7.23929], [121.74644, -7.23921], [121.74634, -7.23908], [121.74629, -7.23897], [121.74619, -7.23891], [121.74612, -7.23883], [121.7461, -7.23879], [121.74606, -7.23859], [121.74608, -7.23837], [121.74609, -7.23836], [121.7461, -7.23833], [121.74611, -7.23823], [121.74629, -7.23817], [121.74641, -7.2382], [121.74651, -7.23821], [121.74663, -7.23822], [121.7468, -7.23845]]], [[[121.74218, -7.22735], [121.74249, -7.22728], [121.74279, -7.22735], [121.7434, -7.2271], [121.7436, -7.22691], [121.74362, -7.22683], [121.74364, -7.22672], [121.74363, -7.22669], [121.74354, -7.22655], [121.74367, -7.22643], [121.74387, -7.22639], [121.74432, -7.22625], [121.74436, -7.22608], [121.74454, -7.22604], [121.74474, -7.22608], [121.74499, -7.22608], [121.74535, -7.22593], [121.74559, -7.2259], [121.74604, -7.22609], [121.74638, -7.22623], [121.74663, -7.22624], [121.74704, -7.22624], [121.74731, -7.22606], [121.74749, -7.22595], [121.74754, -7.22587], [121.74758, -7.22579], [121.7479, -7.22551], [121.74795, -7.22536], [121.74808, -7.22544], [121.74812, -7.22546], [121.74816, -7.22547], [121.74825, -7.22544], [121.74841, -7.22536], [121.74846, -7.22531], [121.74842, -7.22523], [121.74829, -7.22467], [121.74803, -7.22428], [121.74788, -7.22421], [121.74779, -7.22402], [121.74769, -7.22384], [121.74752, -7.22341], [121.74749, -7.22335], [121.74749, -7.22328], [121.74759, -7.22312], [121.74765, -7.223], [121.74768, -7.22295], [121.74768, -7.22291], [121.7477, -7.22282], [121.74768, -7.22272], [121.74775, -7.2226], [121.74786, -7.22254], [121.74799, -7.22254], [121.74807, -7.22267], [121.74814, -7.22283], [121.74816, -7.22283], [121.74841, -7.22285], [121.74883, -7.22276], [121.74889, -7.22264], [121.74893, -7.2226], [121.74901, -7.22264], [121.74912, -7.22264], [121.74918, -7.22259], [121.74927, -7.22255], [121.74938, -7.22255], [121.74948, -7.22248], [121.74961, -7.22243], [121.74967, -7.22237], [121.74974, -7.22228], [121.7499, -7.22229], [121.75004, -7.22235], [121.75016, -7.22241], [121.75031, -7.22244], [121.75051, -7.22243], [121.75059, -7.22239], [121.75078, -7.22246], [121.75088, -7.22245], [121.75093, -7.22241], [121.75104, -7.22239], [121.75121, -7.22236], [121.75134, -7.22243], [121.75147, -7.22246], [121.75158, -7.22249], [121.75171, -7.22251], [121.75175, -7.22256], [121.75178, -7.22259], [121.75188, -7.22259], [121.75209, -7.22262], [121.75218, -7.22276], [121.75225, -7.22281], [121.75232, -7.2228], [121.75241, -7.22272], [121.75253, -7.22269], [121.75266, -7.2227], [121.75277, -7.22281], [121.75298, -7.22293], [121.75311, -7.22304], [121.75325, -7.22315], [121.75344, -7.22323], [121.75363, -7.22331], [121.75372, -7.22331], [121.75378, -7.22324], [121.75394, -7.22323], [121.75409, -7.2233], [121.75422, -7.2234], [121.75429, -7.22356], [121.75439, -7.2238], [121.75442, -7.22383], [121.75455, -7.22374], [121.75467, -7.22371], [121.75483, -7.22374], [121.75499, -7.22376], [121.75501, -7.22377], [121.75513, -7.22383], [121.75525, -7.22395], [121.75548, -7.22423], [121.75558, -7.22451], [121.7556, -7.22466], [121.75573, -7.22471], [121.75588, -7.22471], [121.75601, -7.22469], [121.75615, -7.22477], [121.75623, -7.22488], [121.75621, -7.22499], [121.75626, -7.2251], [121.75635, -7.22512], [121.75633, -7.22523], [121.75621, -7.22534], [121.75628, -7.22541], [121.75643, -7.22542], [121.75649, -7.22544], [121.75659, -7.22548], [121.75666, -7.22558], [121.75681, -7.22567], [121.75682, -7.22575], [121.75678, -7.2258], [121.75687, -7.22586], [121.7569, -7.22596], [121.7569, -7.22607], [121.75692, -7.22628], [121.75696, -7.22638], [121.75703, -7.22653], [121.7571, -7.22666], [121.75715, -7.22674], [121.7572, -7.22677], [121.75729, -7.22692], [121.75731, -7.22711], [121.7573, -7.22737], [121.75731, -7.22757], [121.75738, -7.22774], [121.7574, -7.2278], [121.75739, -7.22789], [121.75739, -7.22801], [121.75733, -7.22818], [121.75729, -7.22828], [121.75719, -7.22833], [121.7571, -7.22835], [121.75713, -7.22844], [121.75706, -7.22849], [121.75704, -7.22852], [121.757, -7.22858], [121.75699, -7.22865], [121.75705, -7.22869], [121.75709, -7.22875], [121.75716, -7.22886], [121.75717, -7.22904], [121.75711, -7.22902], [121.7571, -7.22908], [121.75712, -7.22923], [121.7571, -7.22931], [121.75705, -7.22937], [121.75709, -7.22957], [121.75688, -7.23001], [121.75664, -7.23047], [121.75655, -7.23068], [121.75641, -7.23078], [121.75627, -7.23086], [121.75615, -7.23112], [121.75589, -7.23138], [121.75573, -7.23143], [121.75563, -7.2315], [121.75551, -7.2316], [121.75534, -7.23175], [121.7552, -7.23181], [121.75496, -7.23182], [121.75493, -7.23181], [121.75487, -7.23185], [121.75478, -7.23196], [121.75452, -7.23202], [121.75418, -7.23198], [121.75398, -7.23198], [121.75383, -7.23204], [121.75369, -7.23202], [121.75322, -7.23226], [121.75291, -7.23247], [121.75279, -7.23245], [121.75268, -7.23244], [121.75258, -7.2325], [121.75251, -7.23254], [121.75245, -7.23265], [121.75226, -7.23267], [121.75206, -7.23268], [121.75194, -7.23269], [121.75181, -7.23271], [121.75174, -7.23265], [121.75152, -7.23248], [121.75143, -7.23238], [121.75134, -7.23225], [121.75125, -7.23211], [121.75124, -7.23209], [121.75087, -7.23205], [121.75075, -7.23208], [121.7506, -7.23211], [121.75025, -7.2322], [121.74994, -7.23213], [121.74971, -7.23209], [121.74916, -7.23246], [121.74876, -7.23307], [121.74872, -7.23313], [121.74827, -7.23409], [121.74818, -7.23429], [121.74814, -7.23466], [121.74814, -7.23494], [121.7482, -7.23508], [121.74831, -7.23514], [121.74837, -7.23524], [121.74839, -7.2354], [121.74846, -7.23552], [121.7485, -7.23559], [121.74861, -7.23566], [121.74862, -7.23576], [121.74855, -7.23592], [121.74849, -7.2362], [121.74835, -7.23674], [121.74824, -7.23681], [121.74794, -7.23687], [121.74799, -7.2372], [121.748, -7.23733], [121.74791, -7.23735], [121.74781, -7.23784], [121.74792, -7.23806], [121.74775, -7.23843], [121.74758, -7.23788], [121.74744, -7.23758], [121.74741, -7.23718], [121.74729, -7.23698], [121.74716, -7.23662], [121.74729, -7.23631], [121.74726, -7.23605], [121.74714, -7.23603], [121.74705, -7.23592], [121.74705, -7.23568], [121.74704, -7.23538], [121.74708, -7.23519], [121.74701, -7.23486], [121.74661, -7.23439], [121.74656, -7.23423], [121.74664, -7.2342], [121.74663, -7.23405], [121.74646, -7.23404], [121.74645, -7.234], [121.74627, -7.23404], [121.74602, -7.23389], [121.74595, -7.23369], [121.74584, -7.23355], [121.74573, -7.23343], [121.74568, -7.23334], [121.74568, -7.23331], [121.74568, -7.23319], [121.74551, -7.23312], [121.74538, -7.23302], [121.74534, -7.233], [121.74526, -7.23296], [121.74508, -7.23287], [121.74509, -7.23275], [121.74509, -7.2327], [121.74496, -7.23259], [121.74485, -7.2325], [121.74473, -7.2323], [121.74457, -7.23215], [121.74435, -7.23209], [121.74423, -7.23197], [121.74409, -7.23181], [121.74394, -7.23174], [121.7438, -7.23169], [121.74377, -7.23168], [121.74376, -7.23167], [121.74368, -7.23156], [121.74338, -7.23148], [121.74307, -7.23144], [121.74302, -7.23155], [121.74297, -7.23163], [121.74292, -7.2317], [121.74271, -7.23178], [121.7426, -7.23187], [121.74247, -7.23198], [121.7424, -7.2322], [121.74238, -7.23241], [121.74233, -7.23246], [121.74222, -7.23255], [121.74209, -7.2325], [121.74199, -7.23235], [121.74152, -7.23157], [121.74131, -7.23116], [121.74101, -7.23077], [121.74064, -7.23052], [121.74026, -7.23032], [121.74001, -7.23014], [121.73976, -7.23003], [121.73947, -7.22988], [121.7394, -7.22986], [121.73931, -7.22978], [121.73914, -7.22979], [121.73893, -7.22972], [121.73879, -7.22982], [121.73858, -7.22973], [121.73853, -7.22961], [121.73841, -7.2293], [121.73847, -7.2291], [121.73882, -7.22867], [121.7391, -7.22831], [121.73952, -7.22818], [121.73977, -7.22813], [121.74015, -7.22797], [121.74052, -7.22767], [121.74083, -7.22763], [121.74165, -7.22728], [121.74218, -7.22735]]]]}}, {"type": "Feature", "properties": {"id": "051.004.LALANG_BATA", "nmkec": "Buki", "nmdesa": "Lalang Bata", "kdkec": "051", "kddesa": "004", "dominan": "kelapa", "total_ha": 551.7}, "geometry": {"type": "Polygon", "coordinates": [[[120.50757, -5.99078], [120.50366, -5.99289], [120.50366, -5.9929], [120.50366, -5.9929], [120.50356, -5.9929], [120.49357, -5.9929], [120.49357, -5.9929], [120.49357, -5.9929], [120.49357, -5.9929], [120.49314, -5.9929], [120.49282, -5.9929], [120.49281, -5.9929], [120.49254, -5.9929], [120.49169, -5.9929], [120.49168, -5.9929], [120.49055, -5.9929], [120.49016, -5.9929], [120.48762, -5.98981], [120.48761, -5.98981], [120.48432, -5.98772], [120.48431, -5.98772], [120.4843, -5.9877], [120.4843, -5.9877], [120.4843, -5.9877], [120.48657, -5.98275], [120.48658, -5.98272], [120.48656, -5.98271], [120.48657, -5.98269], [120.48565, -5.98224], [120.48579, -5.98205], [120.48689, -5.97957], [120.48813, -5.97934], [120.49042, -5.97432], [120.49042, -5.97432], [120.49042, -5.97432], [120.48679, -5.96644], [120.48527, -5.96643], [120.48414, -5.96642], [120.48414, -5.96642], [120.48249, -5.96642], [120.47986, -5.96642], [120.47985, -5.96642], [120.4669, -5.96642], [120.46644, -5.96642], [120.46644, -5.96642], [120.46644, -5.95782], [120.46771, -5.9578], [120.46816, -5.95826], [120.47404, -5.95806], [120.4742, -5.95848], [120.47424, -5.95858], [120.47644, -5.95846], [120.48051, -5.95826], [120.48096, -5.95851], [120.48193, -5.95851], [120.48412, -5.95767], [120.48514, -5.95779], [120.48514, -5.95779], [120.48514, -5.95778], [120.48536, -5.95757], [120.48548, -5.95716], [120.48658, -5.95716], [120.48658, -5.95712], [120.48658, -5.95712], [120.48684, -5.95735], [120.48826, -5.95793], [120.49084, -5.95813], [120.49095, -5.95814], [120.49242, -5.95828], [120.49247, -5.95828], [120.49319, -5.95835], [120.49349, -5.95838], [120.49375, -5.95871], [120.4938, -5.95872], [120.4938, -5.96365], [120.49404, -5.96365], [120.49525, -5.96365], [120.49525, -5.96365], [120.49704, -5.96365], [120.50556, -5.96362], [120.50561, -5.96362], [120.50563, -5.96362], [120.50563, -5.96362], [120.50623, -5.96362], [120.50623, -5.96637], [120.50623, -5.96637], [120.50623, -5.96932], [120.50623, -5.96932], [120.50757, -5.96932], [120.51336, -5.96932], [120.51931, -5.96932], [120.5215, -5.96932], [120.52585, -5.96932], [120.52715, -5.96932], [120.52715, -5.97151], [120.52715, -5.97368], [120.52715, -5.97459], [120.52715, -5.9748], [120.5272, -5.97689], [120.52701, -5.977], [120.52206, -5.9768], [120.50999, -5.97599], [120.50757, -5.9748], [120.50757, -5.9748], [120.50757, -5.97631], [120.50757, -5.97632], [120.50757, -5.98185], [120.50757, -5.98499], [120.50757, -5.98934], [120.50757, -5.99078], [120.50757, -5.99078], [120.50757, -5.99078]]]}}, {"type": "Feature", "properties": {"id": "050.010.BARAT_LAMBONGAN", "nmkec": "Bontomatene", "nmdesa": "Barat Lambongan", "kdkec": "050", "kddesa": "010", "dominan": "kelapa", "total_ha": 982.5}, "geometry": {"type": "Polygon", "coordinates": [[[120.4843, -5.91343], [120.48428, -5.91473], [120.48431, -5.91576], [120.48427, -5.91687], [120.48306, -5.91663], [120.48306, -5.91663], [120.48299, -5.91662], [120.48296, -5.91661], [120.48141, -5.91627], [120.4804, -5.91648], [120.47923, -5.91679], [120.47921, -5.9168], [120.47844, -5.917], [120.47819, -5.91707], [120.47725, -5.91707], [120.47669, -5.91707], [120.47552, -5.91693], [120.47473, -5.91684], [120.47329, -5.91652], [120.47262, -5.91644], [120.47147, -5.9163], [120.47138, -5.91629], [120.47053, -5.91623], [120.46926, -5.91614], [120.46885, -5.91616], [120.46663, -5.9163], [120.46474, -5.9167], [120.46439, -5.91678], [120.46157, -5.91739], [120.46157, -5.91739], [120.45997, -5.91773], [120.45875, -5.91806], [120.45849, -5.91816], [120.45829, -5.91824], [120.45831, -5.92179], [120.44983, -5.92179], [120.44703, -5.92179], [120.4471, -5.92083], [120.44718, -5.9208], [120.44718, -5.9207], [120.44717, -5.92068], [120.44711, -5.92066], [120.44712, -5.92058], [120.4472, -5.92009], [120.44717, -5.92003], [120.44728, -5.91934], [120.44734, -5.91896], [120.44737, -5.91894], [120.44739, -5.91885], [120.44733, -5.91876], [120.44739, -5.91842], [120.44745, -5.91817], [120.4475, -5.91741], [120.44757, -5.91673], [120.44768, -5.91607], [120.44781, -5.91555], [120.4478, -5.91547], [120.44786, -5.91519], [120.44795, -5.91482], [120.44794, -5.91482], [120.44815, -5.91399], [120.44835, -5.91385], [120.4484, -5.91372], [120.44851, -5.91361], [120.44867, -5.91329], [120.44878, -5.91272], [120.44879, -5.91258], [120.44895, -5.91181], [120.44903, -5.91151], [120.44913, -5.91117], [120.44926, -5.91065], [120.44947, -5.90982], [120.44964, -5.90919], [120.44985, -5.90853], [120.45002, -5.90805], [120.45013, -5.90775], [120.45015, -5.90742], [120.45019, -5.90738], [120.45017, -5.90723], [120.45023, -5.90702], [120.45027, -5.9068], [120.45031, -5.90669], [120.45037, -5.90669], [120.4504, -5.90668], [120.45038, -5.90656], [120.45023, -5.90654], [120.45023, -5.90644], [120.45035, -5.90625], [120.4504, -5.90615], [120.45047, -5.90611], [120.45046, -5.90606], [120.45056, -5.90579], [120.45056, -5.90563], [120.45063, -5.90543], [120.45062, -5.90519], [120.45069, -5.90503], [120.45067, -5.90492], [120.45072, -5.90459], [120.4508, -5.90443], [120.45087, -5.90405], [120.45085, -5.90387], [120.45085, -5.90384], [120.45089, -5.90351], [120.4509, -5.90343], [120.45091, -5.90322], [120.45096, -5.90286], [120.45096, -5.9028], [120.45102, -5.90261], [120.45103, -5.90246], [120.45106, -5.90244], [120.45108, -5.90223], [120.45103, -5.90217], [120.45104, -5.90173], [120.45109, -5.90127], [120.45109, -5.90091], [120.45109, -5.90084], [120.45116, -5.90059], [120.45118, -5.9004], [120.45116, -5.90026], [120.45119, -5.90019], [120.45124, -5.89971], [120.45126, -5.89942], [120.45127, -5.89885], [120.45131, -5.8984], [120.45131, -5.89825], [120.45135, -5.89808], [120.45136, -5.89795], [120.45136, -5.89792], [120.45139, -5.89789], [120.45138, -5.89782], [120.45139, -5.89779], [120.45143, -5.89778], [120.45142, -5.89771], [120.45141, -5.89762], [120.45145, -5.89752], [120.45144, -5.89748], [120.45154, -5.89734], [120.45151, -5.89725], [120.45157, -5.8971], [120.45158, -5.89705], [120.45168, -5.897], [120.45166, -5.89647], [120.45162, -5.89642], [120.45162, -5.89632], [120.45162, -5.89632], [120.45179, -5.89632], [120.45179, -5.89632], [120.45185, -5.89632], [120.45185, -5.89632], [120.45258, -5.89632], [120.46451, -5.89632], [120.46615, -5.89632], [120.48581, -5.89632], [120.48583, -5.8967], [120.48592, -5.8981], [120.48552, -5.8982], [120.48552, -5.90046], [120.48528, -5.90105], [120.48542, -5.90318], [120.48546, -5.90387], [120.48548, -5.90409], [120.48508, -5.90414], [120.48491, -5.90619], [120.48484, -5.90714], [120.48477, -5.90793], [120.48448, -5.91164], [120.4844, -5.9126], [120.4844, -5.91268], [120.48439, -5.91269], [120.48439, -5.91269], [120.48431, -5.91334], [120.4843, -5.91343]]]}}, {"type": "Feature", "properties": {"id": "021.006.RAJUNI", "nmkec": "Takabonerate", "nmdesa": "Rajuni", "kdkec": "021", "kddesa": "006", "dominan": "kelapa", "total_ha": 767.5}, "geometry": {"type": "MultiPolygon", "coordinates": [[[[121.02559, -6.56754], [121.02568, -6.56831], [121.02571, -6.56909], [121.02577, -6.57045], [121.02575, -6.57192], [121.02576, -6.57345], [121.02574, -6.57492], [121.02569, -6.57584], [121.02553, -6.57609], [121.02542, -6.5767], [121.02536, -6.57725], [121.02517, -6.57739], [121.0249, -6.578], [121.02476, -6.57826], [121.02457, -6.57873], [121.02429, -6.57881], [121.02429, -6.57881], [121.02408, -6.57886], [121.02396, -6.57882], [121.02392, -6.57878], [121.02392, -6.57878], [121.02371, -6.57816], [121.02373, -6.57737], [121.02374, -6.5762], [121.02373, -6.57445], [121.02371, -6.57294], [121.0237, -6.57293], [121.02371, -6.57277], [121.02393, -6.57097], [121.02402, -6.56917], [121.02421, -6.56832], [121.02444, -6.56768], [121.02451, -6.56694], [121.02461, -6.56614], [121.02463, -6.56554], [121.02489, -6.56534], [121.0249, -6.56535], [121.0249, -6.56534], [121.02509, -6.56563], [121.02522, -6.56573], [121.02524, -6.5661], [121.02525, -6.56618], [121.02542, -6.56662], [121.02551, -6.56695], [121.02559, -6.56754]]], [[[121.09828, -6.56624], [121.09842, -6.56576], [121.09852, -6.56546], [121.0987, -6.56532], [121.09882, -6.56556], [121.09896, -6.56566], [121.09916, -6.56595], [121.09944, -6.56627], [121.09956, -6.56655], [121.0998, -6.56699], [121.09999, -6.56755], [121.10011, -6.56828], [121.10007, -6.56882], [121.10011, -6.56885], [121.10009, -6.5689], [121.10008, -6.56966], [121.1, -6.57024], [121.09984, -6.5709], [121.09967, -6.57155], [121.09937, -6.57247], [121.09904, -6.57315], [121.09862, -6.57383], [121.09832, -6.57411], [121.09819, -6.57413], [121.09785, -6.57363], [121.0979, -6.57248], [121.09777, -6.57162], [121.09777, -6.57081], [121.09772, -6.56943], [121.09787, -6.56809], [121.09793, -6.56791], [121.09803, -6.56726], [121.09828, -6.56624]]], [[[121.07944, -6.56429], [121.0803, -6.56477], [121.07996, -6.56503], [121.07988, -6.5653], [121.07987, -6.56559], [121.07995, -6.56584], [121.07997, -6.56604], [121.08001, -6.56621], [121.08002, -6.56644], [121.08006, -6.56668], [121.0799, -6.56701], [121.0798, -6.56735], [121.07959, -6.56773], [121.07917, -6.56827], [121.07876, -6.56879], [121.07846, -6.56917], [121.07832, -6.56927], [121.0782, -6.56941], [121.07785, -6.5698], [121.07799, -6.56908], [121.07818, -6.56852], [121.07825, -6.56774], [121.07837, -6.56698], [121.07848, -6.56636], [121.07889, -6.5656], [121.07905, -6.56524], [121.07918, -6.56481], [121.07944, -6.56429]]], [[[120.99961, -6.54189], [120.99953, -6.54322], [120.99949, -6.54447], [120.99941, -6.5455], [120.99937, -6.54603], [120.99937, -6.54603], [120.99936, -6.54612], [120.99927, -6.54631], [120.99916, -6.54633], [120.99895, -6.5462], [120.9988, -6.54611], [120.99873, -6.54595], [120.99858, -6.54584], [120.99843, -6.54574], [120.9982, -6.54557], [120.99792, -6.54502], [120.99772, -6.54452], [120.99757, -6.54398], [120.99743, -6.54332], [120.99732, -6.54276], [120.99724, -6.54239], [120.99724, -6.54238], [120.99717, -6.5421], [120.99702, -6.54133], [120.9969, -6.5406], [120.9968, -6.53997], [120.99676, -6.53976], [120.99679, -6.53965], [120.99666, -6.53875], [120.9967, -6.53748], [120.99671, -6.53687], [120.9968, -6.53612], [120.99689, -6.5354], [120.99732, -6.53384], [120.99745, -6.53354], [120.99764, -6.533], [120.99775, -6.53271], [120.99783, -6.53225], [120.99798, -6.5318], [120.99851, -6.5313], [120.99867, -6.53125], [120.99887, -6.5313], [120.99923, -6.53161], [120.99924, -6.53162], [120.99924, -6.53162], [120.99947, -6.53195], [120.99963, -6.53222], [120.99975, -6.5324], [120.99989, -6.53272], [120.99998, -6.53299], [121.00004, -6.53335], [121.00008, -6.53368], [121.00012, -6.53418], [121.00013, -6.53497], [121.0001, -6.53558], [121.00008, -6.53583], [120.99999, -6.53667], [120.99998, -6.53691], [120.99995, -6.53719], [120.99992, -6.53742], [120.9999, -6.53771], [120.99982, -6.53837], [120.99978, -6.53901], [120.99973, -6.53981], [120.9997, -6.54017], [120.99966, -6.54064], [120.99961, -6.54189]]]]}}, {"type": "Feature", "properties": {"id": "011.003.KALAOTOA", "nmkec": "Pasilambena", "nmdesa": "Kalaotoa", "kdkec": "011", "kddesa": "003", "dominan": "kelapa", "total_ha": 560.9}, "geometry": {"type": "Polygon", "coordinates": [[[121.80078, -7.40752], [121.80013, -7.40796], [121.79982, -7.40824], [121.79949, -7.40855], [121.79931, -7.40867], [121.79904, -7.40893], [121.79876, -7.40914], [121.79852, -7.40944], [121.79836, -7.40964], [121.79826, -7.40974], [121.79815, -7.40986], [121.79801, -7.40999], [121.79791, -7.41023], [121.79774, -7.41037], [121.79772, -7.41052], [121.79766, -7.41061], [121.79758, -7.41071], [121.79748, -7.41085], [121.7973, -7.41088], [121.79717, -7.41088], [121.79717, -7.41102], [121.79696, -7.41111], [121.79694, -7.41122], [121.79683, -7.41135], [121.79671, -7.41145], [121.79649, -7.41148], [121.79637, -7.41146], [121.79586, -7.41201], [121.79561, -7.41232], [121.79546, -7.41254], [121.79529, -7.41269], [121.79514, -7.41283], [121.7951, -7.41303], [121.79515, -7.41315], [121.79507, -7.41326], [121.79499, -7.41337], [121.79491, -7.41336], [121.79477, -7.41321], [121.7947, -7.41309], [121.79463, -7.4131], [121.79449, -7.41305], [121.79439, -7.41314], [121.79425, -7.41313], [121.79419, -7.41314], [121.79409, -7.4132], [121.79396, -7.41321], [121.79386, -7.41328], [121.79379, -7.41326], [121.79371, -7.41334], [121.79315, -7.41385], [121.79301, -7.41396], [121.79287, -7.41403], [121.79277, -7.41413], [121.79272, -7.41419], [121.79265, -7.41426], [121.79258, -7.41433], [121.79244, -7.41446], [121.79234, -7.41455], [121.79221, -7.41468], [121.7921, -7.41479], [121.79201, -7.41495], [121.79197, -7.41506], [121.79193, -7.41513], [121.79187, -7.41523], [121.79188, -7.41537], [121.79178, -7.41552], [121.79173, -7.41561], [121.79164, -7.41565], [121.79157, -7.41572], [121.79153, -7.41577], [121.79145, -7.41595], [121.79145, -7.41595], [121.79128, -7.41602], [121.79113, -7.41596], [121.791, -7.41591], [121.79087, -7.4159], [121.79074, -7.41587], [121.79067, -7.41583], [121.79065, -7.4157], [121.79054, -7.4157], [121.79045, -7.4157], [121.79007, -7.41599], [121.78979, -7.41631], [121.78978, -7.41643], [121.78975, -7.41657], [121.78973, -7.41662], [121.7897, -7.41667], [121.78956, -7.41674], [121.78938, -7.41676], [121.78926, -7.41684], [121.78916, -7.41698], [121.78911, -7.41706], [121.78903, -7.41714], [121.78896, -7.41735], [121.78897, -7.41748], [121.789, -7.4175], [121.7891, -7.41755], [121.78925, -7.41761], [121.78936, -7.41769], [121.7895, -7.41776], [121.78957, -7.41787], [121.78946, -7.41791], [121.78927, -7.4179], [121.78925, -7.41788], [121.78915, -7.41803], [121.78894, -7.41801], [121.78872, -7.41802], [121.78867, -7.41806], [121.78859, -7.41806], [121.7885, -7.41815], [121.78849, -7.41815], [121.78835, -7.41818], [121.78829, -7.41818], [121.78819, -7.41817], [121.78811, -7.4182], [121.78799, -7.41816], [121.78794, -7.41816], [121.78785, -7.41821], [121.78776, -7.41827], [121.78764, -7.41845], [121.78758, -7.41858], [121.78758, -7.41868], [121.78744, -7.41874], [121.78731, -7.41871], [121.78713, -7.41866], [121.78706, -7.41865], [121.78702, -7.41863], [121.7869, -7.41861], [121.78676, -7.41867], [121.78655, -7.41893], [121.78645, -7.4192], [121.78654, -7.41927], [121.78665, -7.4193], [121.78665, -7.41942], [121.78665, -7.4195], [121.7866, -7.41959], [121.78655, -7.41967], [121.78648, -7.41975], [121.7864, -7.41979], [121.78635, -7.41983], [121.78626, -7.41985], [121.78622, -7.41989], [121.78613, -7.41993], [121.786, -7.41994], [121.78595, -7.41995], [121.78581, -7.41999], [121.78568, -7.41999], [121.78564, -7.42004], [121.78541, -7.42009], [121.78525, -7.42012], [121.7851, -7.42011], [121.78483, -7.42028], [121.78471, -7.42033], [121.78457, -7.42025], [121.78453, -7.42026], [121.78438, -7.42025], [121.78422, -7.42019], [121.78407, -7.42017], [121.78394, -7.42011], [121.78358, -7.42016], [121.78321, -7.42029], [121.78311, -7.4204], [121.78295, -7.42047], [121.78225, -7.42096], [121.78192, -7.42135], [121.7818, -7.42166], [121.78179, -7.42199], [121.78184, -7.42216], [121.78185, -7.42224], [121.78196, -7.42228], [121.78207, -7.4223], [121.78215, -7.42233], [121.78222, -7.42246], [121.78226, -7.42256], [121.78221, -7.42264], [121.78219, -7.42264], [121.78209, -7.4227], [121.78202, -7.42283], [121.78196, -7.42292], [121.78185, -7.42301], [121.78165, -7.42306], [121.78148, -7.42307], [121.78131, -7.42313], [121.78125, -7.42313], [121.78117, -7.42329], [121.78113, -7.42342], [121.78102, -7.42356], [121.78096, -7.42367], [121.78082, -7.42372], [121.78063, -7.4238], [121.78043, -7.42373], [121.7804, -7.42357], [121.7803, -7.42347], [121.78031, -7.42334], [121.78027, -7.42326], [121.78025, -7.42316], [121.78035, -7.42311], [121.78035, -7.42305], [121.78025, -7.42308], [121.78015, -7.42314], [121.78008, -7.42311], [121.77993, -7.42311], [121.77987, -7.42308], [121.77985, -7.42303], [121.77979, -7.42301], [121.77974, -7.4231], [121.77963, -7.42314], [121.77948, -7.42314], [121.77947, -7.423], [121.77951, -7.42295], [121.77953, -7.42283], [121.7795, -7.42268], [121.77951, -7.42263], [121.77951, -7.4225], [121.77913, -7.42246], [121.77894, -7.4225], [121.77876, -7.42256], [121.77868, -7.42264], [121.77856, -7.42263], [121.77796, -7.42239], [121.77777, -7.42243], [121.77764, -7.42238], [121.77754, -7.42232], [121.77679, -7.42254], [121.77575, -7.42267], [121.77469, -7.42236], [121.77401, -7.42235], [121.77342, -7.42256], [121.77337, -7.42264], [121.77331, -7.42275], [121.77329, -7.42284], [121.77325, -7.42288], [121.77319, -7.42292], [121.77311, -7.42297], [121.77306, -7.42306], [121.77295, -7.42314], [121.77284, -7.4232], [121.77279, -7.42325], [121.7726, -7.41984], [121.77195, -7.40031], [121.77193, -7.39959], [121.77177, -7.39401], [121.77151, -7.39213], [121.77078, -7.3914], [121.77003, -7.39055], [121.7693, -7.38955], [121.76833, -7.3882], [121.7672, -7.38647], [121.76641, -7.38517], [121.76539, -7.38311], [121.76553, -7.38056], [121.7667, -7.37825], [121.76795, -7.37571], [121.76945, -7.37282], [121.7705, -7.37107], [121.77115, -7.37094], [121.77119, -7.37302], [121.77921, -7.37242], [121.7871, -7.37169], [121.79968, -7.37082], [121.79978, -7.37046], [121.80845, -7.37128], [121.80728, -7.37457], [121.8062, -7.37887], [121.80493, -7.38395], [121.80397, -7.38778], [121.80304, -7.39191], [121.80252, -7.39393], [121.80186, -7.39393], [121.80445, -7.40129], [121.80447, -7.40129], [121.80513, -7.4021], [121.80519, -7.40294], [121.80514, -7.40394], [121.80502, -7.40443], [121.80484, -7.4047], [121.8049, -7.40483], [121.80491, -7.40499], [121.80474, -7.40538], [121.80473, -7.40582], [121.80454, -7.40582], [121.80448, -7.4058], [121.80428, -7.40581], [121.80401, -7.40589], [121.80378, -7.40594], [121.80338, -7.40602], [121.80289, -7.4062], [121.80257, -7.40639], [121.80234, -7.40651], [121.80225, -7.40657], [121.80194, -7.40679], [121.80166, -7.40699], [121.80135, -7.40716], [121.80078, -7.40752]]]}}, {"type": "Feature", "properties": {"id": "021.009.KHUSUS_PASITALLU", "nmkec": "Takabonerate", "nmdesa": "Khusus Pasitallu", "kdkec": "021", "kddesa": "009", "dominan": "kelapa", "total_ha": 1347.5}, "geometry": {"type": "Polygon", "coordinates": [[[121.12186, -7.07703], [121.12176, -7.07739], [121.12173, -7.07778], [121.12169, -7.07801], [121.12163, -7.0781], [121.12156, -7.07833], [121.12152, -7.07871], [121.1214, -7.07896], [121.12139, -7.07896], [121.12122, -7.07923], [121.12121, -7.07925], [121.12117, -7.07933], [121.12116, -7.07934], [121.12108, -7.07944], [121.12083, -7.07958], [121.12062, -7.07932], [121.12059, -7.07889], [121.12051, -7.07877], [121.12042, -7.07854], [121.12042, -7.07854], [121.12034, -7.07834], [121.1203, -7.07801], [121.12027, -7.07795], [121.12025, -7.07784], [121.12012, -7.07773], [121.1201, -7.07751], [121.12005, -7.07708], [121.12009, -7.0768], [121.12009, -7.0765], [121.12009, -7.07638], [121.12007, -7.07597], [121.1201, -7.07551], [121.12008, -7.07497], [121.12009, -7.07439], [121.1201, -7.07386], [121.12011, -7.07333], [121.12015, -7.07279], [121.12015, -7.07279], [121.12019, -7.07241], [121.12025, -7.07196], [121.1203, -7.07173], [121.12033, -7.07159], [121.12035, -7.07148], [121.12039, -7.07123], [121.12044, -7.07079], [121.12048, -7.07057], [121.12052, -7.07038], [121.12062, -7.07008], [121.12071, -7.06982], [121.12078, -7.06961], [121.12089, -7.06938], [121.12089, -7.06938], [121.12099, -7.06918], [121.12113, -7.06895], [121.1213, -7.06875], [121.12161, -7.06846], [121.12161, -7.06846], [121.12166, -7.0684], [121.12191, -7.06834], [121.12203, -7.06835], [121.12203, -7.06835], [121.12203, -7.06835], [121.12213, -7.06848], [121.12215, -7.06858], [121.12254, -7.0691], [121.12268, -7.06925], [121.1227, -7.06939], [121.12271, -7.06946], [121.12266, -7.06965], [121.12271, -7.07004], [121.12274, -7.07035], [121.12275, -7.07119], [121.12273, -7.07174], [121.12267, -7.07239], [121.12259, -7.07311], [121.12253, -7.07363], [121.12249, -7.07386], [121.12249, -7.07386], [121.12241, -7.07443], [121.12233, -7.07498], [121.12224, -7.07537], [121.12207, -7.07602], [121.12198, -7.07648], [121.12195, -7.07665], [121.12186, -7.07703]]]}}, {"type": "Feature", "properties": {"id": "040.001.BONTOBORUSU", "nmkec": "Bontoharu", "nmdesa": "Bontoborusu", "kdkec": "040", "kddesa": "001", "dominan": "kelapa", "total_ha": 1304.2}, "geometry": {"type": "Polygon", "coordinates": [[[120.42394, -6.18912], [120.4244, -6.18971], [120.42506, -6.19094], [120.42538, -6.19141], [120.42569, -6.19221], [120.4258, -6.19304], [120.42582, -6.19335], [120.42575, -6.19343], [120.42573, -6.19347], [120.4259, -6.19359], [120.42582, -6.194], [120.42577, -6.19409], [120.42568, -6.19445], [120.42586, -6.19485], [120.42604, -6.19504], [120.42646, -6.19571], [120.42666, -6.19645], [120.42669, -6.19685], [120.42668, -6.19699], [120.42631, -6.1974], [120.42595, -6.19778], [120.42569, -6.19822], [120.42561, -6.19834], [120.42556, -6.19841], [120.42553, -6.1985], [120.42551, -6.19861], [120.42542, -6.19873], [120.42537, -6.1988], [120.4253, -6.19885], [120.42527, -6.1989], [120.42514, -6.19891], [120.42504, -6.19905], [120.42502, -6.1991], [120.42497, -6.19931], [120.42496, -6.19944], [120.42483, -6.19965], [120.42474, -6.19978], [120.42466, -6.19991], [120.42458, -6.2], [120.42455, -6.20006], [120.42449, -6.20012], [120.4244, -6.20023], [120.42425, -6.20025], [120.42392, -6.20052], [120.42359, -6.20085], [120.42326, -6.20116], [120.42319, -6.20129], [120.42308, -6.20138], [120.42303, -6.20144], [120.42297, -6.20152], [120.42289, -6.20163], [120.42283, -6.2017], [120.42276, -6.2019], [120.42265, -6.20215], [120.42254, -6.20245], [120.42232, -6.20297], [120.42209, -6.20332], [120.42203, -6.20335], [120.42191, -6.20347], [120.42185, -6.20359], [120.4218, -6.20371], [120.42168, -6.20393], [120.42156, -6.20409], [120.42143, -6.20429], [120.42131, -6.20466], [120.42115, -6.20502], [120.42107, -6.20512], [120.42103, -6.20529], [120.42083, -6.20575], [120.42082, -6.20593], [120.42061, -6.20613], [120.42046, -6.20636], [120.42035, -6.20653], [120.42028, -6.20664], [120.42017, -6.20699], [120.42017, -6.20704], [120.42006, -6.20718], [120.41996, -6.20729], [120.41984, -6.20741], [120.41978, -6.20752], [120.41963, -6.20751], [120.41947, -6.20743], [120.41932, -6.20755], [120.41906, -6.20763], [120.41866, -6.20767], [120.41837, -6.20787], [120.41822, -6.208], [120.41815, -6.20813], [120.41792, -6.20827], [120.41769, -6.20837], [120.41744, -6.2084], [120.41721, -6.20847], [120.41669, -6.20855], [120.41626, -6.20852], [120.41586, -6.20853], [120.4155, -6.20849], [120.4153, -6.2086], [120.41516, -6.20868], [120.4151, -6.20877], [120.41492, -6.20895], [120.4148, -6.20898], [120.41459, -6.20895], [120.41431, -6.20876], [120.41343, -6.20835], [120.41278, -6.208], [120.41208, -6.20753], [120.41165, -6.20737], [120.41124, -6.20739], [120.4108, -6.20748], [120.41067, -6.20725], [120.41037, -6.20652], [120.41004, -6.20575], [120.40931, -6.20429], [120.40878, -6.20333], [120.40813, -6.20268], [120.40779, -6.20269], [120.40744, -6.20263], [120.40654, -6.2023], [120.4059, -6.20226], [120.40547, -6.20223], [120.40522, -6.20222], [120.40502, -6.20214], [120.4049, -6.20217], [120.40473, -6.20221], [120.40441, -6.20219], [120.40396, -6.20244], [120.40363, -6.20263], [120.40355, -6.20271], [120.40329, -6.20279], [120.40303, -6.2027], [120.40282, -6.20238], [120.40259, -6.20198], [120.4024, -6.20174], [120.40212, -6.20166], [120.40188, -6.20149], [120.40166, -6.20134], [120.40144, -6.20127], [120.40116, -6.20134], [120.40101, -6.2013], [120.40081, -6.20134], [120.40064, -6.20137], [120.40049, -6.20142], [120.40042, -6.20149], [120.40037, -6.20143], [120.40031, -6.20148], [120.40025, -6.20156], [120.4001, -6.2016], [120.39994, -6.20171], [120.39978, -6.20185], [120.39967, -6.20196], [120.39951, -6.20194], [120.39947, -6.20195], [120.39935, -6.20199], [120.39926, -6.20219], [120.39919, -6.20227], [120.39902, -6.20241], [120.39882, -6.20251], [120.3987, -6.2024], [120.39865, -6.20206], [120.39876, -6.20189], [120.39847, -6.20147], [120.39834, -6.20132], [120.3984, -6.20097], [120.39813, -6.20077], [120.39803, -6.20065], [120.39795, -6.20061], [120.39792, -6.20056], [120.39772, -6.20051], [120.39762, -6.20039], [120.39757, -6.20024], [120.39747, -6.20005], [120.39735, -6.19988], [120.39739, -6.19976], [120.39725, -6.19939], [120.3972, -6.1992], [120.39714, -6.19907], [120.39702, -6.19895], [120.39682, -6.19865], [120.39665, -6.1984], [120.39654, -6.198], [120.39643, -6.19782], [120.3965, -6.19764], [120.39646, -6.19745], [120.39643, -6.19715], [120.39651, -6.19687], [120.39643, -6.19679], [120.39627, -6.19631], [120.39616, -6.19571], [120.39611, -6.19507], [120.39606, -6.19441], [120.39594, -6.1936], [120.39592, -6.19299], [120.39579, -6.19235], [120.39574, -6.19187], [120.39574, -6.1915], [120.39563, -6.19132], [120.39556, -6.19115], [120.39548, -6.19094], [120.39539, -6.1908], [120.39527, -6.19071], [120.39508, -6.19054], [120.39516, -6.19021], [120.39519, -6.18972], [120.39509, -6.18875], [120.39505, -6.1882], [120.39503, -6.188], [120.39488, -6.18771], [120.39487, -6.18743], [120.39486, -6.18711], [120.39484, -6.18687], [120.39473, -6.1868], [120.39467, -6.18663], [120.39448, -6.18645], [120.39458, -6.18623], [120.39463, -6.18608], [120.39463, -6.18588], [120.39443, -6.18585], [120.39443, -6.18571], [120.39426, -6.18555], [120.394, -6.18534], [120.39403, -6.18517], [120.39416, -6.18509], [120.39415, -6.18484], [120.39402, -6.18467], [120.39385, -6.18458], [120.39379, -6.18438], [120.39368, -6.18418], [120.39342, -6.1836], [120.3934, -6.18351], [120.39328, -6.18344], [120.39334, -6.18339], [120.39334, -6.18328], [120.39322, -6.1832], [120.39325, -6.18306], [120.3932, -6.18293], [120.39317, -6.18264], [120.39307, -6.1825], [120.39292, -6.18232], [120.39292, -6.18211], [120.39284, -6.18195], [120.39269, -6.18181], [120.39274, -6.1817], [120.39281, -6.18158], [120.39291, -6.18153], [120.39293, -6.18147], [120.39291, -6.18138], [120.39282, -6.18137], [120.39267, -6.18132], [120.39258, -6.18122], [120.3926, -6.18109], [120.39259, -6.18094], [120.39249, -6.18076], [120.39245, -6.18067], [120.39237, -6.1806], [120.39235, -6.18052], [120.39227, -6.18032], [120.39239, -6.18025], [120.39255, -6.18021], [120.39274, -6.18013], [120.39283, -6.18005], [120.39284, -6.17992], [120.39295, -6.18], [120.39312, -6.18], [120.39308, -6.17979], [120.39307, -6.17963], [120.39306, -6.17946], [120.39307, -6.17923], [120.3932, -6.17912], [120.39303, -6.17894], [120.39279, -6.17896], [120.3926, -6.17893], [120.39266, -6.17866], [120.39258, -6.17848], [120.39262, -6.1784], [120.39273, -6.1782], [120.39279, -6.17807], [120.39282, -6.178], [120.39301, -6.17793], [120.39318, -6.17787], [120.39315, -6.17768], [120.39314, -6.17742], [120.39314, -6.17736], [120.39313, -6.17691], [120.39303, -6.17656], [120.39308, -6.17626], [120.39311, -6.17612], [120.39316, -6.17604], [120.39336, -6.17598], [120.39348, -6.17596], [120.39351, -6.17576], [120.39355, -6.17558], [120.39368, -6.17543], [120.39385, -6.17508], [120.39383, -6.17494], [120.39395, -6.17491], [120.39396, -6.17429], [120.39397, -6.17375], [120.39408, -6.17364], [120.42012, -6.17397], [120.4206, -6.17397], [120.42167, -6.17397], [120.42189, -6.17397], [120.42187, -6.17444], [120.42181, -6.17462], [120.4214, -6.17497], [120.42124, -6.17522], [120.42083, -6.1757], [120.42071, -6.17587], [120.42038, -6.1765], [120.42037, -6.17659], [120.42032, -6.17706], [120.42038, -6.17752], [120.42038, -6.17788], [120.42034, -6.17819], [120.42039, -6.17851], [120.42003, -6.17891], [120.41987, -6.17902], [120.4197, -6.17917], [120.41953, -6.17962], [120.41959, -6.17985], [120.41946, -6.17991], [120.41953, -6.18018], [120.41951, -6.18036], [120.4196, -6.18069], [120.4195, -6.18078], [120.41935, -6.18092], [120.4193, -6.18093], [120.41919, -6.18122], [120.4191, -6.18129], [120.41896, -6.18156], [120.41904, -6.18235], [120.41917, -6.18277], [120.4193, -6.18317], [120.41952, -6.18347], [120.41967, -6.18404], [120.41995, -6.18491], [120.42033, -6.1855], [120.42075, -6.1857], [120.42106, -6.18645], [120.4211, -6.18663], [120.42138, -6.18717], [120.42153, -6.18727], [120.42209, -6.18739], [120.42224, -6.18742], [120.42272, -6.18761], [120.42283, -6.18758], [120.42315, -6.188], [120.4233, -6.18809], [120.42349, -6.18832], [120.42356, -6.18847], [120.42394, -6.18912]]]}}, {"type": "Feature", "properties": {"id": "010.002.LAMBEGO", "nmkec": "Pasimarannu", "nmdesa": "Lambego", "kdkec": "010", "kddesa": "002", "dominan": "kelapa", "total_ha": 2214.7}, "geometry": {"type": "Polygon", "coordinates": [[[121.04823, -7.32639], [121.04726, -7.32658], [121.04704, -7.32657], [121.04657, -7.32641], [121.04634, -7.32656], [121.04563, -7.32641], [121.04556, -7.3268], [121.04502, -7.32662], [121.04489, -7.32699], [121.04441, -7.32697], [121.04374, -7.32707], [121.042, -7.327], [121.04153, -7.32704], [121.04075, -7.32663], [121.04034, -7.32651], [121.03878, -7.32602], [121.0388, -7.32636], [121.03868, -7.32671], [121.03859, -7.32645], [121.03797, -7.32657], [121.0378, -7.32635], [121.03714, -7.3267], [121.0361, -7.32702], [121.03617, -7.32752], [121.03582, -7.32717], [121.03374, -7.3284], [121.03246, -7.32787], [121.03176, -7.32778], [121.03155, -7.32812], [121.03049, -7.329], [121.03058, -7.32818], [121.02993, -7.32842], [121.02891, -7.32887], [121.02844, -7.32872], [121.02837, -7.32926], [121.02728, -7.32865], [121.02662, -7.32857], [121.02552, -7.32904], [121.02496, -7.32904], [121.02405, -7.32928], [121.02339, -7.32953], [121.02269, -7.32947], [121.02214, -7.3297], [121.0219, -7.32963], [121.02189, -7.32987], [121.02165, -7.32968], [121.02125, -7.33006], [121.02066, -7.32995], [121.02038, -7.33027], [121.02019, -7.33028], [121.02003, -7.33028], [121.01968, -7.33024], [121.01912, -7.33041], [121.0173, -7.33029], [121.01618, -7.33059], [121.01581, -7.33056], [121.01534, -7.33092], [121.01478, -7.33067], [121.01399, -7.33084], [121.01332, -7.33116], [121.0131, -7.33122], [121.01279, -7.33208], [121.01259, -7.33226], [121.01215, -7.33239], [121.01175, -7.33242], [121.01116, -7.33229], [121.01074, -7.33224], [121.01033, -7.33222], [121.00997, -7.33234], [121.00927, -7.33261], [121.00918, -7.33269], [121.00859, -7.3327], [121.00748, -7.33233], [121.00625, -7.3325], [121.00543, -7.33248], [121.00483, -7.33269], [121.00439, -7.33289], [121.00299, -7.33294], [121.00201, -7.33265], [121.00128, -7.33251], [121.00005, -7.33213], [120.99948, -7.33235], [120.99921, -7.33176], [120.9984, -7.33137], [120.99775, -7.33081], [120.99723, -7.33048], [120.99713, -7.33036], [120.99689, -7.3307], [120.99686, -7.33079], [120.99666, -7.3311], [120.99598, -7.33107], [120.99499, -7.3305], [120.99428, -7.33028], [120.9937, -7.33018], [120.9932, -7.32995], [120.99254, -7.32974], [120.99194, -7.32962], [120.9906, -7.32919], [120.98864, -7.32829], [120.98773, -7.32813], [120.98681, -7.32789], [120.98592, -7.32749], [120.98537, -7.3272], [120.98491, -7.32707], [120.98352, -7.32735], [120.98265, -7.32694], [120.98024, -7.32643], [120.97961, -7.3265], [120.97857, -7.32604], [120.97758, -7.3261], [120.97699, -7.32621], [120.97625, -7.32576], [120.97594, -7.32566], [120.97545, -7.32574], [120.97498, -7.32531], [120.97312, -7.32498], [120.97265, -7.32534], [120.97222, -7.32577], [120.97103, -7.32544], [120.9697, -7.32606], [120.96849, -7.32548], [120.9687, -7.32509], [120.96725, -7.32532], [120.96618, -7.32445], [120.96448, -7.32451], [120.96137, -7.32481], [120.96011, -7.32508], [120.95871, -7.32482], [120.95713, -7.325], [120.9552, -7.32455], [120.95372, -7.32332], [120.95247, -7.32251], [120.95085, -7.32172], [120.94989, -7.32118], [120.94962, -7.32063], [120.94839, -7.31926], [120.94817, -7.319], [120.94739, -7.31855], [120.94649, -7.31823], [120.94483, -7.31724], [120.94386, -7.31664], [120.94331, -7.31599], [120.94276, -7.31577], [120.94251, -7.31561], [120.9416, -7.31502], [120.9406, -7.31438], [120.94001, -7.3138], [120.9373, -7.31099], [120.93619, -7.31006], [120.93582, -7.30995], [120.93541, -7.30968], [120.93513, -7.30969], [120.93473, -7.30924], [120.93424, -7.30912], [120.93344, -7.30933], [120.93323, -7.30869], [120.93302, -7.30903], [120.9326, -7.30836], [120.93062, -7.30754], [120.92991, -7.30807], [120.92959, -7.30754], [120.92936, -7.30726], [120.92925, -7.30785], [120.92939, -7.3083], [120.92837, -7.30802], [120.92816, -7.30795], [120.92733, -7.30788], [120.927, -7.30766], [120.9269, -7.30773], [120.92657, -7.30768], [120.92578, -7.30752], [120.92527, -7.30767], [120.92427, -7.30786], [120.92395, -7.30789], [120.92294, -7.30865], [120.92114, -7.30871], [120.92097, -7.30897], [120.91999, -7.30905], [120.91949, -7.30855], [120.91867, -7.30814], [120.91833, -7.30819], [120.91807, -7.30805], [120.91715, -7.3083], [120.91696, -7.30854], [120.91696, -7.30855], [120.91699, -7.30823], [120.9171, -7.30701], [120.91838, -7.29425], [120.91988, -7.28418], [120.91992, -7.28417], [120.92056, -7.28444], [120.92158, -7.28413], [120.92259, -7.28349], [120.92388, -7.2832], [120.92496, -7.28322], [120.92634, -7.28284], [120.92717, -7.28321], [120.928, -7.28369], [120.92876, -7.28359], [120.92953, -7.28363], [120.93026, -7.28372], [120.93109, -7.28384], [120.93205, -7.28396], [120.93281, -7.28372], [120.93335, -7.28362], [120.93579, -7.28348], [120.93679, -7.2835], [120.93822, -7.28335], [120.9392, -7.2836], [120.94097, -7.28356], [120.94272, -7.28338], [120.94391, -7.28277], [120.94478, -7.28314], [120.94607, -7.28261], [120.94786, -7.28235], [120.94806, -7.28201], [120.94863, -7.28201], [120.94895, -7.28203], [120.9495, -7.28246], [120.94953, -7.28271], [120.9505, -7.28311], [120.95227, -7.28221], [120.95336, -7.28167], [120.95388, -7.28119], [120.95419, -7.28088], [120.95435, -7.28062], [120.95439, -7.28023], [120.95504, -7.27991], [120.95538, -7.28003], [120.95581, -7.28005], [120.95606, -7.28018], [120.95653, -7.28033], [120.95716, -7.2801], [120.95767, -7.28003], [120.95821, -7.27955], [120.95858, -7.27938], [120.95882, -7.27895], [120.95938, -7.2784], [120.96015, -7.27814], [120.96075, -7.27802], [120.9611, -7.27816], [120.96112, -7.2784], [120.96159, -7.27956], [120.96267, -7.28017], [120.96296, -7.28022], [120.96326, -7.28044], [120.96349, -7.28072], [120.96355, -7.28118], [120.96429, -7.28135], [120.96501, -7.28149], [120.96618, -7.28174], [120.9667, -7.28159], [120.96695, -7.28113], [120.9673, -7.28133], [120.96746, -7.28117], [120.96784, -7.2811], [120.96844, -7.28161], [120.96859, -7.28147], [120.96888, -7.28178], [120.96976, -7.28169], [120.97051, -7.28143], [120.97129, -7.28095], [120.97176, -7.28076], [120.97231, -7.28079], [120.97282, -7.28116], [120.97328, -7.28159], [120.97457, -7.28132], [120.97566, -7.2812], [120.9772, -7.28108], [120.97832, -7.28101], [120.9803, -7.28112], [120.9821, -7.28147], [120.98276, -7.28145], [120.98365, -7.28167], [120.98413, -7.28161], [120.98459, -7.28152], [120.98505, -7.28172], [120.98594, -7.28152], [120.98643, -7.2818], [120.98689, -7.28225], [120.98794, -7.2822], [120.98852, -7.28196], [120.98926, -7.28267], [120.98981, -7.28304], [120.99159, -7.28383], [120.9938, -7.28439], [120.99551, -7.28421], [120.99657, -7.28412], [120.998, -7.28362], [120.99892, -7.28344], [121.00019, -7.28269], [121.00253, -7.28176], [121.00438, -7.28224], [121.0057, -7.28267], [121.00714, -7.2838], [121.00909, -7.28473], [121.01017, -7.28441], [121.01092, -7.28418], [121.01122, -7.28415], [121.01206, -7.28397], [121.01281, -7.2844], [121.01324, -7.28471], [121.01364, -7.28495], [121.01404, -7.28545], [121.01379, -7.28599], [121.0141, -7.28618], [121.01488, -7.28656], [121.01548, -7.28644], [121.01588, -7.28667], [121.01654, -7.28686], [121.01723, -7.28732], [121.01772, -7.28706], [121.01841, -7.28711], [121.01875, -7.28748], [121.01999, -7.28822], [121.02076, -7.28816], [121.02193, -7.2884], [121.02231, -7.2886], [121.02313, -7.28889], [121.0242, -7.28945], [121.02495, -7.28953], [121.0261, -7.28912], [121.02744, -7.28862], [121.02785, -7.28824], [121.02832, -7.28807], [121.02878, -7.28761], [121.02946, -7.28742], [121.03043, -7.28796], [121.03107, -7.28833], [121.03175, -7.28821], [121.0323, -7.28843], [121.03299, -7.28883], [121.03417, -7.28997], [121.03423, -7.29051], [121.03506, -7.29068], [121.03581, -7.29153], [121.03657, -7.29233], [121.03731, -7.29309], [121.03811, -7.29335], [121.03857, -7.29363], [121.03955, -7.29417], [121.03975, -7.2946], [121.04055, -7.29443], [121.04084, -7.29488], [121.04155, -7.29516], [121.04207, -7.29547], [121.04316, -7.29615], [121.04368, -7.29623], [121.04443, -7.29657], [121.04489, -7.29685], [121.04537, -7.29708], [121.04566, -7.29731], [121.04629, -7.29736], [121.04673, -7.29745], [121.04707, -7.29781], [121.04774, -7.29783], [121.04824, -7.29786], [121.04903, -7.29772], [121.05, -7.29735], [121.05055, -7.29681], [121.05565, -7.29676], [121.06076, -7.29744], [121.06404, -7.29816], [121.0657, -7.29926], [121.06347, -7.30619], [121.05977, -7.31212], [121.05837, -7.31453], [121.05628, -7.31716], [121.05381, -7.32038], [121.05282, -7.32231], [121.05276, -7.32243], [121.0523, -7.32419], [121.05211, -7.32555], [121.05191, -7.32578], [121.05212, -7.32612], [121.05206, -7.32666], [121.0511, -7.32725], [121.05006, -7.32714], [121.04947, -7.32681], [121.04823, -7.32639]]]}}, {"type": "Feature", "properties": {"id": "010.008.LAMANTU", "nmkec": "Pasimarannu", "nmdesa": "Lamantu", "kdkec": "010", "kddesa": "008", "dominan": "kelapa", "total_ha": 2565.5}, "geometry": {"type": "MultiPolygon", "coordinates": [[[[121.09436, -7.35639], [121.09239, -7.35637], [121.09047, -7.35636], [121.08854, -7.35634], [121.08637, -7.35631], [121.08544, -7.35615], [121.08486, -7.35603], [121.08485, -7.35603], [121.08359, -7.35578], [121.08352, -7.35578], [121.08333, -7.35574], [121.08333, -7.35574], [121.08333, -7.35574], [121.08333, -7.35574], [121.08298, -7.3557], [121.08297, -7.3557], [121.08298, -7.35534], [121.08303, -7.35463], [121.08305, -7.35434], [121.08312, -7.35355], [121.08316, -7.35286], [121.08319, -7.35237], [121.08322, -7.35234], [121.08322, -7.35227], [121.08319, -7.35216], [121.08321, -7.35206], [121.08319, -7.35201], [121.08321, -7.35194], [121.0832, -7.35184], [121.08318, -7.35128], [121.08277, -7.35074], [121.08252, -7.35057], [121.08244, -7.35044], [121.08224, -7.35035], [121.08221, -7.35022], [121.08166, -7.34999], [121.08132, -7.34957], [121.08127, -7.34911], [121.08118, -7.34887], [121.0812, -7.34857], [121.08115, -7.3483], [121.0811, -7.34817], [121.08112, -7.348], [121.08108, -7.34789], [121.08104, -7.34752], [121.08101, -7.34731], [121.08081, -7.34695], [121.08075, -7.34666], [121.0807, -7.34634], [121.08065, -7.3461], [121.08045, -7.3458], [121.08038, -7.34558], [121.08033, -7.34537], [121.08022, -7.34521], [121.08018, -7.34513], [121.0798, -7.34506], [121.07974, -7.34489], [121.07985, -7.34484], [121.07979, -7.34468], [121.07965, -7.34461], [121.07957, -7.34453], [121.0796, -7.34446], [121.07954, -7.34433], [121.07942, -7.34421], [121.07919, -7.34353], [121.07912, -7.34325], [121.07902, -7.34299], [121.07897, -7.34244], [121.07893, -7.3423], [121.07899, -7.34205], [121.07897, -7.34192], [121.07897, -7.3411], [121.07893, -7.34056], [121.07885, -7.33986], [121.07872, -7.33945], [121.07868, -7.33939], [121.07866, -7.33924], [121.07861, -7.3392], [121.0786, -7.33909], [121.0786, -7.3385], [121.07871, -7.33835], [121.07866, -7.33813], [121.07872, -7.33803], [121.07864, -7.33767], [121.07875, -7.33729], [121.07872, -7.33712], [121.07878, -7.33696], [121.07883, -7.3369], [121.07884, -7.33674], [121.07902, -7.33613], [121.07908, -7.33544], [121.07884, -7.33474], [121.07879, -7.33396], [121.07876, -7.33335], [121.07878, -7.33292], [121.07873, -7.33285], [121.07876, -7.33277], [121.07859, -7.33235], [121.07849, -7.33201], [121.07831, -7.33175], [121.07813, -7.3313], [121.07802, -7.33091], [121.07796, -7.33033], [121.07809, -7.33003], [121.07816, -7.32997], [121.0781, -7.32952], [121.07816, -7.32932], [121.07824, -7.32866], [121.07827, -7.32821], [121.07849, -7.32779], [121.07853, -7.32772], [121.07868, -7.32731], [121.07874, -7.32697], [121.07882, -7.32691], [121.07886, -7.32663], [121.07892, -7.32646], [121.07942, -7.32569], [121.07969, -7.32511], [121.07956, -7.32436], [121.07956, -7.32436], [121.07956, -7.32435], [121.07925, -7.32345], [121.07934, -7.32315], [121.07928, -7.32285], [121.07931, -7.32267], [121.07939, -7.32259], [121.07945, -7.32239], [121.07944, -7.32223], [121.0796, -7.32176], [121.07965, -7.32137], [121.07962, -7.32108], [121.07966, -7.32103], [121.07964, -7.32077], [121.07966, -7.32058], [121.07963, -7.32033], [121.07981, -7.31986], [121.07997, -7.31976], [121.07996, -7.3196], [121.08009, -7.31941], [121.08007, -7.31909], [121.08026, -7.31896], [121.08034, -7.3188], [121.08049, -7.31876], [121.08076, -7.31854], [121.08078, -7.3184], [121.08067, -7.3175], [121.08066, -7.317], [121.08066, -7.317], [121.08066, -7.317], [121.08071, -7.31684], [121.08072, -7.31671], [121.08071, -7.31652], [121.08087, -7.31638], [121.08086, -7.31637], [121.08088, -7.31624], [121.08086, -7.31615], [121.08091, -7.31596], [121.0809, -7.31561], [121.081, -7.31499], [121.08107, -7.31441], [121.08116, -7.31386], [121.08117, -7.31352], [121.08116, -7.31298], [121.08114, -7.31296], [121.08077, -7.31158], [121.08067, -7.3111], [121.08073, -7.31032], [121.08084, -7.3101], [121.08084, -7.31007], [121.0812, -7.30917], [121.08119, -7.30881], [121.0814, -7.30817], [121.08152, -7.30758], [121.08148, -7.3075], [121.08175, -7.30679], [121.08164, -7.30632], [121.0812, -7.30594], [121.08117, -7.30591], [121.08121, -7.30577], [121.08128, -7.30559], [121.0814, -7.30529], [121.08153, -7.30521], [121.0816, -7.30465], [121.08175, -7.30441], [121.08231, -7.30423], [121.08232, -7.30388], [121.08264, -7.30378], [121.08306, -7.30372], [121.08395, -7.30384], [121.08493, -7.30402], [121.08508, -7.30404], [121.08521, -7.30385], [121.08521, -7.30383], [121.0854, -7.30368], [121.08546, -7.30372], [121.08547, -7.3037], [121.08587, -7.30391], [121.08598, -7.30404], [121.0863, -7.30416], [121.08669, -7.30419], [121.08721, -7.30415], [121.08778, -7.30415], [121.08861, -7.30415], [121.08867, -7.30408], [121.08904, -7.30415], [121.08929, -7.30426], [121.08967, -7.30429], [121.09004, -7.30422], [121.09015, -7.30425], [121.0903, -7.30415], [121.09053, -7.30411], [121.09066, -7.30408], [121.09081, -7.30407], [121.09092, -7.30402], [121.09105, -7.30404], [121.0913, -7.30403], [121.09141, -7.30411], [121.09167, -7.30416], [121.09177, -7.3041], [121.09196, -7.30414], [121.09205, -7.30431], [121.0922, -7.3044], [121.09233, -7.3044], [121.09241, -7.3044], [121.0925, -7.30448], [121.09265, -7.30457], [121.09277, -7.30457], [121.09292, -7.30461], [121.09307, -7.30468], [121.09333, -7.30472], [121.09376, -7.30466], [121.09406, -7.30452], [121.09446, -7.30441], [121.09459, -7.30418], [121.09468, -7.30415], [121.09481, -7.30414], [121.09502, -7.30426], [121.09524, -7.30431], [121.09543, -7.30428], [121.09544, -7.30428], [121.09568, -7.30456], [121.09596, -7.30468], [121.09612, -7.30466], [121.09632, -7.30482], [121.0968, -7.30539], [121.09705, -7.30577], [121.09719, -7.30581], [121.09744, -7.30609], [121.09771, -7.30618], [121.09802, -7.30644], [121.09828, -7.30667], [121.09851, -7.30682], [121.09875, -7.30692], [121.0989, -7.30713], [121.09911, -7.30724], [121.09933, -7.30771], [121.09956, -7.30804], [121.09956, -7.30826], [121.09979, -7.30858], [121.09995, -7.30884], [121.09996, -7.30899], [121.10002, -7.30911], [121.10019, -7.30965], [121.1005, -7.31081], [121.10065, -7.31122], [121.10087, -7.31143], [121.10117, -7.31157], [121.10128, -7.3115], [121.10156, -7.31157], [121.10163, -7.31147], [121.1019, -7.31185], [121.10182, -7.31199], [121.10178, -7.31217], [121.10162, -7.31244], [121.10149, -7.3127], [121.10116, -7.31307], [121.10111, -7.31323], [121.10103, -7.31328], [121.10093, -7.31357], [121.10121, -7.31442], [121.1016, -7.31514], [121.10164, -7.31523], [121.102, -7.31567], [121.10242, -7.31607], [121.10267, -7.31615], [121.10283, -7.31631], [121.10312, -7.3165], [121.10328, -7.31664], [121.10341, -7.31664], [121.1037, -7.31685], [121.10417, -7.31715], [121.105, -7.31775], [121.10555, -7.31809], [121.10594, -7.31829], [121.10657, -7.31854], [121.10684, -7.31866], [121.10729, -7.31872], [121.10768, -7.31879], [121.10804, -7.31874], [121.10852, -7.3187], [121.10893, -7.3187], [121.1092, -7.31853], [121.10958, -7.3184], [121.10995, -7.31837], [121.10999, -7.31829], [121.11004, -7.3183], [121.11033, -7.31817], [121.1106, -7.31805], [121.11074, -7.31796], [121.11081, -7.31795], [121.11081, -7.31795], [121.11106, -7.31916], [121.11053, -7.32109], [121.10895, -7.32391], [121.10891, -7.32404], [121.10891, -7.32406], [121.10719, -7.33043], [121.10437, -7.338], [121.10111, -7.34446], [121.10017, -7.34622], [121.10013, -7.34626], [121.0969, -7.35498], [121.09635, -7.35684], [121.09601, -7.3568], [121.09436, -7.35639]]], [[[121.10201, -7.31152], [121.1021, -7.31115], [121.10213, -7.31101], [121.10233, -7.31105], [121.10238, -7.31108], [121.10239, -7.31112], [121.10241, -7.31133], [121.10236, -7.31151], [121.10238, -7.31171], [121.10227, -7.31188], [121.10209, -7.31199], [121.10195, -7.31189], [121.10196, -7.31176], [121.10201, -7.31152]]], [[[121.10122, -7.30765], [121.1016, -7.30805], [121.10196, -7.30859], [121.10206, -7.30909], [121.10207, -7.30958], [121.10214, -7.31021], [121.10214, -7.31032], [121.10212, -7.31039], [121.10191, -7.31039], [121.10191, -7.31027], [121.10193, -7.31003], [121.1019, -7.30973], [121.10176, -7.30976], [121.10159, -7.30972], [121.10165, -7.30959], [121.10176, -7.30943], [121.10176, -7.30913], [121.10155, -7.30902], [121.10141, -7.30891], [121.10153, -7.30882], [121.10171, -7.30892], [121.10157, -7.30861], [121.10142, -7.30843], [121.10107, -7.30809], [121.10088, -7.30812], [121.1008, -7.30803], [121.10071, -7.30765], [121.1005, -7.30748], [121.1003, -7.3071], [121.1, -7.30665], [121.09982, -7.30623], [121.09974, -7.30602], [121.09963, -7.30577], [121.09953, -7.30567], [121.09924, -7.30523], [121.09921, -7.3051], [121.09901, -7.30483], [121.09885, -7.30469], [121.09841, -7.30423], [121.09782, -7.30386], [121.09758, -7.30364], [121.09756, -7.3035], [121.09737, -7.30343], [121.09729, -7.30347], [121.0974, -7.30376], [121.09743, -7.30388], [121.09735, -7.30389], [121.09716, -7.30359], [121.09702, -7.30358], [121.09661, -7.30358], [121.09651, -7.30342], [121.09637, -7.30346], [121.0963, -7.30345], [121.09627, -7.30349], [121.09642, -7.30358], [121.09657, -7.3037], [121.09675, -7.30388], [121.0966, -7.30396], [121.09635, -7.30382], [121.09618, -7.30372], [121.09604, -7.30352], [121.09601, -7.30318], [121.09622, -7.30289], [121.0964, -7.30271], [121.09661, -7.30276], [121.09694, -7.30281], [121.09735, -7.30298], [121.09748, -7.30311], [121.09765, -7.30338], [121.09774, -7.30332], [121.09785, -7.30344], [121.09791, -7.30362], [121.09825, -7.30378], [121.09848, -7.30392], [121.09887, -7.3043], [121.09896, -7.30427], [121.09933, -7.3046], [121.09995, -7.30539], [121.10008, -7.30581], [121.10033, -7.30604], [121.10048, -7.30643], [121.10063, -7.30692], [121.10078, -7.30707], [121.10086, -7.30723], [121.10122, -7.30765]]]]}}, {"type": "Feature", "properties": {"id": "030.006.BINANGA_SOMBAIYA", "nmkec": "Bontosikuyu", "nmdesa": "Binanga Sombaiya", "kdkec": "030", "kddesa": "006", "dominan": "kelapa", "total_ha": 947.3}, "geometry": {"type": "MultiPolygon", "coordinates": [[[[120.47107, -6.34735], [120.47114, -6.34531], [120.47118, -6.3435], [120.47108, -6.34169], [120.47125, -6.34094], [120.47128, -6.34043], [120.47134, -6.34008], [120.47144, -6.33937], [120.47153, -6.33883], [120.47194, -6.33675], [120.47205, -6.33502], [120.47232, -6.33334], [120.47249, -6.33213], [120.47253, -6.33173], [120.47238, -6.32987], [120.47232, -6.32924], [120.47235, -6.32837], [120.47244, -6.32769], [120.4726, -6.32717], [120.47288, -6.32626], [120.47347, -6.32455], [120.47452, -6.32316], [120.47471, -6.32263], [120.47511, -6.32167], [120.47544, -6.32071], [120.47561, -6.32033], [120.47592, -6.31867], [120.47637, -6.31742], [120.47694, -6.31719], [120.48, -6.31583], [120.48295, -6.31554], [120.486, -6.31766], [120.48859, -6.31693], [120.4919, -6.31634], [120.49575, -6.31713], [120.49986, -6.3178], [120.50304, -6.3166], [120.50675, -6.31713], [120.51175, -6.32006], [120.51537, -6.32111], [120.5259, -6.32222], [120.52697, -6.32257], [120.53334, -6.32754], [120.53692, -6.32701], [120.53735, -6.32501], [120.5374, -6.32525], [120.53795, -6.32601], [120.53801, -6.32629], [120.53814, -6.32645], [120.53814, -6.32666], [120.53813, -6.32692], [120.53817, -6.32701], [120.53829, -6.3274], [120.53852, -6.32772], [120.5384, -6.32777], [120.53814, -6.32788], [120.53805, -6.32804], [120.53791, -6.32824], [120.53769, -6.32836], [120.53726, -6.32857], [120.53705, -6.32838], [120.5362, -6.32862], [120.53619, -6.32894], [120.53606, -6.32915], [120.53584, -6.32932], [120.53549, -6.32942], [120.53507, -6.32941], [120.53379, -6.32991], [120.53281, -6.32988], [120.53219, -6.32998], [120.53122, -6.33078], [120.53056, -6.33113], [120.53018, -6.33132], [120.52913, -6.3319], [120.52868, -6.33282], [120.52835, -6.33303], [120.52803, -6.33279], [120.52796, -6.33297], [120.52822, -6.33362], [120.52813, -6.33377], [120.5281, -6.33428], [120.52757, -6.33544], [120.52747, -6.33579], [120.5273, -6.33565], [120.5268, -6.33567], [120.5264, -6.33562], [120.52587, -6.33537], [120.5256, -6.33538], [120.52536, -6.3351], [120.52496, -6.33499], [120.52468, -6.33479], [120.52433, -6.33471], [120.5238, -6.33489], [120.52366, -6.33495], [120.52326, -6.33515], [120.52309, -6.33534], [120.52253, -6.33554], [120.52162, -6.33653], [120.52126, -6.3381], [120.52155, -6.33911], [120.52157, -6.33926], [120.5216, -6.33951], [120.52224, -6.34072], [120.52271, -6.34084], [120.52292, -6.34081], [120.52315, -6.341], [120.52336, -6.34122], [120.52338, -6.34134], [120.52352, -6.34128], [120.52364, -6.34136], [120.5238, -6.34143], [120.52387, -6.34128], [120.52402, -6.34129], [120.52408, -6.3414], [120.52419, -6.34141], [120.52412, -6.34151], [120.52405, -6.34159], [120.52406, -6.3417], [120.52412, -6.34183], [120.52425, -6.34192], [120.52433, -6.34199], [120.52436, -6.34209], [120.52444, -6.3421], [120.52455, -6.34214], [120.52462, -6.34219], [120.52466, -6.34227], [120.52468, -6.34241], [120.52474, -6.34251], [120.52481, -6.34257], [120.52481, -6.34265], [120.52468, -6.34272], [120.5247, -6.34286], [120.52483, -6.34336], [120.52496, -6.34376], [120.52479, -6.34396], [120.52479, -6.34418], [120.52495, -6.34424], [120.52514, -6.34413], [120.52528, -6.34422], [120.52523, -6.34431], [120.52541, -6.3443], [120.52568, -6.34427], [120.52571, -6.3446], [120.52596, -6.3447], [120.52628, -6.34467], [120.52642, -6.34486], [120.52648, -6.34494], [120.52655, -6.34507], [120.52674, -6.34515], [120.52688, -6.34527], [120.52704, -6.3454], [120.52698, -6.34561], [120.52696, -6.34575], [120.52714, -6.3458], [120.52721, -6.34586], [120.52725, -6.34608], [120.52715, -6.34642], [120.52692, -6.34647], [120.52658, -6.34721], [120.52674, -6.34727], [120.52679, -6.34742], [120.52659, -6.34768], [120.52637, -6.3478], [120.52629, -6.34773], [120.52617, -6.34772], [120.52611, -6.34777], [120.52603, -6.34776], [120.52585, -6.34769], [120.52551, -6.34775], [120.5253, -6.34784], [120.52501, -6.34784], [120.52483, -6.34773], [120.52468, -6.34765], [120.52446, -6.34768], [120.52426, -6.34768], [120.52405, -6.34765], [120.52396, -6.34759], [120.52387, -6.34751], [120.52348, -6.34767], [120.52312, -6.34797], [120.52292, -6.34789], [120.52279, -6.34786], [120.52263, -6.34793], [120.52243, -6.34813], [120.52229, -6.34805], [120.52218, -6.34792], [120.52213, -6.34785], [120.52203, -6.34776], [120.52192, -6.34773], [120.52185, -6.34774], [120.52177, -6.34766], [120.52173, -6.34762], [120.52158, -6.34754], [120.52151, -6.34745], [120.52146, -6.34734], [120.52136, -6.34733], [120.52119, -6.34732], [120.52094, -6.34739], [120.52083, -6.34738], [120.52076, -6.34734], [120.52068, -6.34733], [120.52053, -6.34737], [120.52047, -6.34748], [120.52038, -6.34753], [120.52035, -6.34751], [120.52029, -6.34747], [120.52026, -6.34761], [120.52013, -6.34766], [120.52004, -6.3476], [120.52003, -6.34755], [120.52002, -6.34747], [120.51996, -6.34743], [120.51988, -6.34748], [120.51981, -6.34749], [120.51972, -6.34745], [120.51963, -6.34747], [120.51957, -6.34754], [120.51955, -6.34759], [120.51945, -6.34774], [120.51948, -6.34784], [120.51935, -6.34784], [120.51928, -6.34792], [120.51931, -6.34799], [120.51925, -6.34804], [120.51916, -6.348], [120.51907, -6.34799], [120.51895, -6.34794], [120.5189, -6.34794], [120.51884, -6.34789], [120.51879, -6.34787], [120.51875, -6.34779], [120.51872, -6.34777], [120.51869, -6.3477], [120.51861, -6.34769], [120.51854, -6.34769], [120.51854, -6.34766], [120.51851, -6.3476], [120.51848, -6.34764], [120.51846, -6.34769], [120.51843, -6.34773], [120.51791, -6.34827], [120.51738, -6.34918], [120.51742, -6.35017], [120.51771, -6.35073], [120.51824, -6.35085], [120.51842, -6.35128], [120.51843, -6.35138], [120.51867, -6.35135], [120.51883, -6.35135], [120.51897, -6.35144], [120.51904, -6.35147], [120.51917, -6.35145], [120.51933, -6.35154], [120.51954, -6.35157], [120.51975, -6.35155], [120.51993, -6.35158], [120.52, -6.35169], [120.52005, -6.3518], [120.52005, -6.35188], [120.52005, -6.35192], [120.52016, -6.35193], [120.52017, -6.35203], [120.52021, -6.35211], [120.52034, -6.35219], [120.52053, -6.35233], [120.52063, -6.3525], [120.52048, -6.35261], [120.52051, -6.35269], [120.52058, -6.35278], [120.52063, -6.35283], [120.52075, -6.35286], [120.52091, -6.35285], [120.52111, -6.35289], [120.52117, -6.35298], [120.52123, -6.35294], [120.52138, -6.35292], [120.52148, -6.35297], [120.52156, -6.35296], [120.52167, -6.35298], [120.52179, -6.35301], [120.52187, -6.353], [120.52194, -6.35305], [120.52215, -6.35303], [120.52236, -6.35305], [120.52244, -6.35303], [120.52275, -6.35308], [120.52292, -6.35321], [120.523, -6.35341], [120.52302, -6.35372], [120.52283, -6.35407], [120.52276, -6.35437], [120.52272, -6.35456], [120.52266, -6.35474], [120.52269, -6.35479], [120.5224, -6.35516], [120.52202, -6.3553], [120.52158, -6.35549], [120.52117, -6.35559], [120.52097, -6.35566], [120.52076, -6.35674], [120.52086, -6.35699], [120.52099, -6.35703], [120.52132, -6.35729], [120.52153, -6.35735], [120.52148, -6.35742], [120.52154, -6.35749], [120.52165, -6.35754], [120.52164, -6.3577], [120.52167, -6.35789], [120.52158, -6.35804], [120.52144, -6.35821], [120.52138, -6.3584], [120.52128, -6.35859], [120.5212, -6.35884], [120.52131, -6.35891], [120.52136, -6.359], [120.52141, -6.35915], [120.52148, -6.35921], [120.52151, -6.35935], [120.52138, -6.35961], [120.52121, -6.3597], [120.5211, -6.3599], [120.52098, -6.36], [120.52091, -6.3601], [120.52077, -6.36028], [120.52077, -6.36073], [120.52072, -6.36098], [120.52077, -6.36109], [120.52076, -6.36128], [120.52078, -6.3614], [120.52086, -6.36149], [120.52089, -6.36162], [120.52099, -6.3618], [120.52107, -6.36214], [120.52106, -6.36231], [120.52105, -6.36244], [120.52098, -6.3625], [120.52064, -6.36249], [120.51806, -6.36149], [120.51247, -6.35931], [120.50788, -6.35735], [120.50533, -6.35629], [120.50239, -6.35494], [120.49753, -6.35405], [120.49135, -6.3541], [120.48774, -6.3536], [120.48483, -6.35282], [120.48153, -6.3541], [120.47683, -6.35433], [120.4728, -6.356], [120.47235, -6.35637], [120.47224, -6.35639], [120.47212, -6.35582], [120.47207, -6.35462], [120.47204, -6.3538], [120.47203, -6.35353], [120.4717, -6.35274], [120.47135, -6.35146], [120.47119, -6.34911], [120.47107, -6.34735]]], [[[120.45192, -6.34163], [120.45206, -6.34194], [120.45213, -6.34205], [120.45222, -6.34216], [120.45233, -6.34226], [120.45243, -6.34228], [120.45264, -6.34227], [120.45282, -6.34229], [120.45291, -6.34234], [120.45299, -6.34242], [120.45306, -6.3427], [120.45311, -6.34278], [120.45324, -6.34292], [120.45334, -6.34303], [120.45341, -6.3431], [120.45351, -6.34319], [120.45383, -6.34334], [120.45407, -6.34335], [120.45426, -6.34334], [120.45438, -6.34333], [120.45456, -6.34333], [120.45486, -6.34354], [120.45499, -6.34366], [120.45513, -6.34383], [120.45526, -6.34398], [120.4554, -6.34413], [120.4559, -6.34484], [120.45601, -6.34497], [120.45609, -6.34506], [120.45618, -6.34516], [120.45632, -6.34532], [120.45647, -6.34551], [120.45651, -6.34562], [120.45655, -6.34574], [120.45654, -6.34585], [120.45647, -6.34593], [120.45636, -6.34604], [120.45623, -6.34611], [120.45603, -6.34614], [120.45583, -6.34613], [120.45566, -6.34608], [120.45544, -6.34603], [120.45529, -6.34596], [120.45511, -6.34589], [120.45502, -6.34579], [120.45493, -6.34564], [120.45488, -6.34545], [120.45481, -6.34529], [120.45474, -6.34518], [120.45455, -6.34506], [120.45447, -6.34508], [120.45437, -6.34512], [120.45427, -6.34521], [120.45418, -6.34531], [120.45415, -6.34541], [120.45413, -6.34558], [120.45406, -6.34568], [120.45394, -6.34575], [120.45377, -6.34584], [120.45363, -6.34588], [120.45349, -6.34597], [120.4534, -6.34601], [120.45334, -6.34608], [120.4533, -6.34624], [120.45332, -6.34641], [120.45334, -6.34662], [120.45325, -6.34694], [120.45327, -6.34701], [120.45328, -6.34706], [120.45328, -6.34711], [120.45322, -6.34723], [120.45307, -6.34736], [120.45299, -6.34748], [120.45288, -6.34767], [120.45275, -6.34775], [120.4527, -6.34793], [120.45258, -6.34813], [120.45247, -6.34836], [120.45237, -6.34847], [120.45223, -6.34861], [120.45213, -6.34868], [120.45194, -6.34868], [120.45172, -6.34864], [120.45147, -6.34862], [120.45125, -6.34859], [120.45107, -6.3486], [120.45101, -6.34863], [120.45095, -6.34874], [120.45089, -6.34882], [120.45088, -6.34894], [120.45088, -6.34903], [120.45084, -6.34906], [120.45075, -6.34904], [120.45065, -6.34896], [120.45059, -6.34892], [120.45043, -6.34892], [120.45028, -6.34892], [120.45013, -6.34892], [120.45, -6.34888], [120.44988, -6.34883], [120.44968, -6.3488], [120.44951, -6.34878], [120.4492, -6.3488], [120.44905, -6.34883], [120.44888, -6.34879], [120.44883, -6.34873], [120.44873, -6.34867], [120.44858, -6.34864], [120.44844, -6.34857], [120.44835, -6.34853], [120.44826, -6.34847], [120.44821, -6.34831], [120.44812, -6.34819], [120.44797, -6.34804], [120.44785, -6.34801], [120.44731, -6.34786], [120.44718, -6.34785], [120.44703, -6.34784], [120.4469, -6.34784], [120.44686, -6.34788], [120.44683, -6.34798], [120.44677, -6.34805], [120.44669, -6.3481], [120.44655, -6.3481], [120.4465, -6.34807], [120.44649, -6.34799], [120.4465, -6.34788], [120.44648, -6.34772], [120.44642, -6.34765], [120.44637, -6.34761], [120.44634, -6.34748], [120.44631, -6.34739], [120.4463, -6.3473], [120.4463, -6.34721], [120.44633, -6.34709], [120.44638, -6.34701], [120.44643, -6.34697], [120.44658, -6.34693], [120.44669, -6.34694], [120.44695, -6.34692], [120.44701, -6.34691], [120.4471, -6.34686], [120.44715, -6.34677], [120.44722, -6.34671], [120.44743, -6.34668], [120.44763, -6.34668], [120.44772, -6.34666], [120.4478, -6.34659], [120.44786, -6.3465], [120.44795, -6.34642], [120.44804, -6.34637], [120.44812, -6.34634], [120.4482, -6.34633], [120.44834, -6.34633], [120.44847, -6.34637], [120.44857, -6.3464], [120.44867, -6.34645], [120.44875, -6.3465], [120.44887, -6.34655], [120.44898, -6.34662], [120.44919, -6.3468], [120.4493, -6.34687], [120.44934, -6.3469], [120.44947, -6.34694], [120.44964, -6.3469], [120.44976, -6.34679], [120.4498, -6.34671], [120.44979, -6.3466], [120.44974, -6.34653], [120.44967, -6.34647], [120.44962, -6.34641], [120.44957, -6.34624], [120.44957, -6.3461], [120.44955, -6.34591], [120.44953, -6.34577], [120.44948, -6.3456], [120.44943, -6.34556], [120.4494, -6.34552], [120.44935, -6.34542], [120.44933, -6.34531], [120.44928, -6.34521], [120.4492, -6.3452], [120.44916, -6.3453], [120.44908, -6.34539], [120.44898, -6.34541], [120.44882, -6.34542], [120.44864, -6.34533], [120.44866, -6.34525], [120.44868, -6.3451], [120.44869, -6.34501], [120.44876, -6.34495], [120.44887, -6.34499], [120.44895, -6.345], [120.44901, -6.34495], [120.449, -6.34488], [120.4489, -6.34484], [120.44881, -6.34481], [120.44869, -6.34475], [120.44862, -6.34467], [120.44855, -6.34428], [120.44863, -6.34411], [120.44871, -6.34399], [120.44883, -6.34391], [120.44895, -6.34382], [120.44921, -6.34374], [120.44934, -6.34374], [120.44947, -6.34375], [120.44964, -6.34377], [120.44977, -6.3438], [120.44996, -6.3438], [120.45002, -6.34377], [120.45017, -6.34358], [120.45021, -6.34348], [120.45021, -6.34337], [120.45018, -6.3433], [120.4501, -6.34322], [120.45002, -6.34315], [120.44976, -6.34298], [120.44971, -6.34291], [120.4497, -6.3428], [120.44975, -6.34267], [120.44981, -6.34256], [120.44988, -6.34249], [120.44996, -6.34241], [120.45022, -6.34234], [120.45029, -6.34227], [120.45033, -6.34222], [120.4504, -6.34199], [120.45032, -6.34189], [120.45021, -6.3418], [120.45013, -6.34161], [120.44993, -6.34135], [120.44989, -6.34126], [120.4499, -6.34113], [120.44997, -6.34102], [120.45008, -6.34094], [120.45016, -6.34089], [120.45025, -6.34082], [120.45059, -6.34085], [120.45071, -6.34092], [120.4508, -6.34098], [120.45094, -6.34105], [120.45107, -6.34111], [120.45119, -6.34115], [120.45131, -6.34121], [120.45139, -6.34127], [120.45142, -6.34131], [120.45146, -6.34142], [120.45149, -6.34147], [120.45158, -6.3415], [120.45168, -6.3415], [120.4518, -6.34152], [120.45192, -6.34163]]], [[[120.45105, -6.32299], [120.4513, -6.3232], [120.45148, -6.32343], [120.4517, -6.32357], [120.45188, -6.32384], [120.45207, -6.32417], [120.45202, -6.32435], [120.45193, -6.32439], [120.45148, -6.32465], [120.4512, -6.32478], [120.4509, -6.32492], [120.45067, -6.32498], [120.45037, -6.32491], [120.4502, -6.32477], [120.45002, -6.32461], [120.44983, -6.32458], [120.44964, -6.32448], [120.4495, -6.32437], [120.44944, -6.32423], [120.44947, -6.3241], [120.44955, -6.32403], [120.44964, -6.32392], [120.44976, -6.32362], [120.44971, -6.32351], [120.44973, -6.32338], [120.44983, -6.32313], [120.45003, -6.32307], [120.45036, -6.32305], [120.45029, -6.32292], [120.45036, -6.32282], [120.45057, -6.32284], [120.45091, -6.3229], [120.45105, -6.32299]]]]}}, {"type": "Feature", "properties": {"id": "021.004.NYIUR_INDAH", "nmkec": "Takabonerate", "nmdesa": "Nyiur Indah", "kdkec": "021", "kddesa": "004", "dominan": "kelapa", "total_ha": 2507.8}, "geometry": {"type": "Polygon", "coordinates": [[[120.79915, -6.80675], [120.79716, -6.80576], [120.79535, -6.80583], [120.79301, -6.80592], [120.79052, -6.80443], [120.78538, -6.80393], [120.78121, -6.80356], [120.78121, -6.80356], [120.78067, -6.80352], [120.78026, -6.80349], [120.78021, -6.80323], [120.78011, -6.80288], [120.78004, -6.80267], [120.77992, -6.80235], [120.77981, -6.80205], [120.77977, -6.80169], [120.77973, -6.8012], [120.77958, -6.80075], [120.77959, -6.80034], [120.77953, -6.80029], [120.77943, -6.80014], [120.77943, -6.79999], [120.77941, -6.79984], [120.77926, -6.79952], [120.77928, -6.79923], [120.77944, -6.79916], [120.77952, -6.79908], [120.77956, -6.79897], [120.77964, -6.79884], [120.7798, -6.7987], [120.77982, -6.79851], [120.77988, -6.79837], [120.77989, -6.79819], [120.77991, -6.79808], [120.77995, -6.79776], [120.77986, -6.79769], [120.77985, -6.79756], [120.78005, -6.79751], [120.78022, -6.79747], [120.78021, -6.79746], [120.78055, -6.79735], [120.78055, -6.79735], [120.78055, -6.79734], [120.78058, -6.79709], [120.78061, -6.79671], [120.7806, -6.79627], [120.7806, -6.79534], [120.7806, -6.79507], [120.78061, -6.79477], [120.78065, -6.79473], [120.78064, -6.79458], [120.78065, -6.7944], [120.78072, -6.79439], [120.78079, -6.79442], [120.78086, -6.79448], [120.78097, -6.79442], [120.78106, -6.7943], [120.78106, -6.7943], [120.7811, -6.79421], [120.78118, -6.79354], [120.78127, -6.79327], [120.78127, -6.79311], [120.78128, -6.79291], [120.7814, -6.79286], [120.78152, -6.79291], [120.78155, -6.79286], [120.78164, -6.79272], [120.78169, -6.79264], [120.7817, -6.79265], [120.78169, -6.79262], [120.78174, -6.7924], [120.78174, -6.79224], [120.7818, -6.79213], [120.78202, -6.79204], [120.78204, -6.7919], [120.78208, -6.79166], [120.78212, -6.79143], [120.78221, -6.79117], [120.78228, -6.79098], [120.78228, -6.79077], [120.78236, -6.79064], [120.78244, -6.79044], [120.78244, -6.79029], [120.78275, -6.79014], [120.78273, -6.79008], [120.7828, -6.79005], [120.78281, -6.78992], [120.78291, -6.78966], [120.78304, -6.78943], [120.78308, -6.78911], [120.78314, -6.78887], [120.78314, -6.78861], [120.78332, -6.78844], [120.78351, -6.78826], [120.78357, -6.78812], [120.78363, -6.78795], [120.78375, -6.78789], [120.78382, -6.78793], [120.78382, -6.78787], [120.7839, -6.78798], [120.78407, -6.78823], [120.78421, -6.78853], [120.78431, -6.78866], [120.78444, -6.78873], [120.78461, -6.78864], [120.78467, -6.78857], [120.78468, -6.78856], [120.78471, -6.78853], [120.78472, -6.78852], [120.78484, -6.78842], [120.78505, -6.78818], [120.78535, -6.78775], [120.78537, -6.78759], [120.7854, -6.78749], [120.78548, -6.78739], [120.78556, -6.78729], [120.78565, -6.78727], [120.78565, -6.78727], [120.78572, -6.78726], [120.7858, -6.78724], [120.7859, -6.78723], [120.78603, -6.78713], [120.78614, -6.78702], [120.78615, -6.78701], [120.78615, -6.787], [120.78622, -6.7869], [120.78634, -6.78597], [120.78641, -6.78547], [120.7864, -6.78536], [120.78645, -6.78524], [120.78654, -6.78458], [120.78661, -6.78398], [120.78671, -6.7835], [120.7868, -6.78311], [120.78684, -6.78296], [120.78687, -6.78281], [120.78686, -6.78244], [120.7868, -6.78234], [120.78698, -6.78203], [120.78716, -6.78133], [120.78719, -6.7811], [120.78726, -6.78071], [120.78735, -6.78039], [120.78749, -6.77996], [120.78776, -6.77947], [120.78796, -6.77917], [120.7883, -6.779], [120.78839, -6.779], [120.78847, -6.77894], [120.78845, -6.77893], [120.78845, -6.77893], [120.78846, -6.77894], [120.78873, -6.77889], [120.78936, -6.77885], [120.78993, -6.77881], [120.79057, -6.77878], [120.79109, -6.77894], [120.79152, -6.77912], [120.79205, -6.77937], [120.79216, -6.77956], [120.79232, -6.77964], [120.79244, -6.77968], [120.79244, -6.77969], [120.79287, -6.77984], [120.79289, -6.77986], [120.79323, -6.77999], [120.79354, -6.7801], [120.79396, -6.78034], [120.79404, -6.78041], [120.79425, -6.78063], [120.79433, -6.78095], [120.79454, -6.78133], [120.79488, -6.78176], [120.79521, -6.78218], [120.79545, -6.78247], [120.79574, -6.78291], [120.79597, -6.78337], [120.79626, -6.78387], [120.79652, -6.78434], [120.79668, -6.7847], [120.79687, -6.78508], [120.79709, -6.7855], [120.7973, -6.78586], [120.7975, -6.78603], [120.79777, -6.78625], [120.79806, -6.78644], [120.7983, -6.78664], [120.79847, -6.78686], [120.79851, -6.78691], [120.79862, -6.78695], [120.79874, -6.78694], [120.79883, -6.78693], [120.79893, -6.78701], [120.79901, -6.78706], [120.79912, -6.78712], [120.79935, -6.78724], [120.79951, -6.78739], [120.79954, -6.7875], [120.79959, -6.78758], [120.79969, -6.78766], [120.79976, -6.78777], [120.79986, -6.7879], [120.79991, -6.78802], [120.79991, -6.78803], [120.79997, -6.78811], [120.79994, -6.78828], [120.79995, -6.78838], [120.80008, -6.78855], [120.80028, -6.78865], [120.80053, -6.78884], [120.80074, -6.78902], [120.80087, -6.78926], [120.80099, -6.78943], [120.80118, -6.78958], [120.80135, -6.78976], [120.80169, -6.79012], [120.80216, -6.79051], [120.80245, -6.79071], [120.80277, -6.79094], [120.80317, -6.79125], [120.80364, -6.79172], [120.80391, -6.79197], [120.80416, -6.79214], [120.80434, -6.79224], [120.80443, -6.79231], [120.80447, -6.79245], [120.8045, -6.79254], [120.80463, -6.79258], [120.80477, -6.79265], [120.80498, -6.79276], [120.80502, -6.79278], [120.80508, -6.79287], [120.80507, -6.79294], [120.8053, -6.79314], [120.80563, -6.79339], [120.8058, -6.79343], [120.80585, -6.79354], [120.8061, -6.79367], [120.80651, -6.79386], [120.80652, -6.79396], [120.8066, -6.79413], [120.80701, -6.79451], [120.80731, -6.79485], [120.80728, -6.79506], [120.80731, -6.79526], [120.80747, -6.79566], [120.8076, -6.79595], [120.80762, -6.79625], [120.80752, -6.79664], [120.80746, -6.797], [120.80737, -6.79736], [120.80721, -6.79779], [120.80706, -6.79825], [120.80689, -6.79861], [120.80673, -6.79903], [120.80659, -6.79932], [120.80647, -6.7996], [120.80638, -6.79988], [120.80642, -6.80015], [120.80653, -6.80035], [120.80664, -6.80052], [120.80665, -6.80084], [120.80678, -6.80097], [120.80686, -6.80113], [120.80706, -6.80122], [120.80722, -6.80137], [120.8073, -6.8015], [120.8073, -6.80151], [120.80728, -6.80153], [120.80716, -6.80195], [120.80714, -6.80206], [120.80716, -6.80217], [120.80719, -6.80232], [120.80738, -6.80255], [120.8075, -6.8028], [120.80746, -6.80301], [120.8074, -6.80327], [120.80723, -6.80393], [120.80723, -6.80393], [120.80721, -6.80403], [120.80719, -6.80412], [120.80715, -6.80412], [120.8071, -6.80421], [120.80703, -6.80441], [120.80697, -6.80471], [120.8069, -6.80491], [120.80686, -6.80514], [120.80687, -6.8053], [120.80697, -6.80538], [120.80702, -6.80538], [120.80711, -6.80552], [120.80715, -6.80565], [120.80711, -6.80581], [120.80705, -6.806], [120.80716, -6.80614], [120.80725, -6.80628], [120.80736, -6.80646], [120.80744, -6.80658], [120.80746, -6.80671], [120.8074, -6.80676], [120.80728, -6.80696], [120.80725, -6.80722], [120.80726, -6.80722], [120.80729, -6.80724], [120.80728, -6.80724], [120.80728, -6.80734], [120.80711, -6.80743], [120.80718, -6.80772], [120.80727, -6.80801], [120.80412, -6.80792], [120.80147, -6.80659], [120.79915, -6.80675]]]}}, {"type": "Feature", "properties": {"id": "020.001.TANAMALALA", "nmkec": "Pasimassunggu", "nmdesa": "Tanamalala", "kdkec": "020", "kddesa": "001", "dominan": "kelapa", "total_ha": 1705.5}, "geometry": {"type": "MultiPolygon", "coordinates": [[[[120.55068, -7.06271], [120.55078, -7.06278], [120.55093, -7.06336], [120.55095, -7.06339], [120.55092, -7.06401], [120.55066, -7.06456], [120.55049, -7.06495], [120.55062, -7.06523], [120.55072, -7.06559], [120.55096, -7.06645], [120.55101, -7.06699], [120.55086, -7.06715], [120.55037, -7.0673], [120.55025, -7.06744], [120.5499, -7.06771], [120.54955, -7.06777], [120.54928, -7.06795], [120.54868, -7.06815], [120.54845, -7.0683], [120.54845, -7.0683], [120.54815, -7.0683], [120.54777, -7.06829], [120.54736, -7.06835], [120.54711, -7.06841], [120.54673, -7.06845], [120.54641, -7.06832], [120.54585, -7.06803], [120.54552, -7.06791], [120.54522, -7.06792], [120.54454, -7.06774], [120.54394, -7.0678], [120.54351, -7.06811], [120.54313, -7.06846], [120.54298, -7.06843], [120.54273, -7.06826], [120.54245, -7.06806], [120.54226, -7.06784], [120.54212, -7.0678], [120.54186, -7.06784], [120.54155, -7.06798], [120.5414, -7.06806], [120.54116, -7.06806], [120.54073, -7.06788], [120.5397, -7.06736], [120.53947, -7.06728], [120.53936, -7.0673], [120.5393, -7.06735], [120.53927, -7.06731], [120.53921, -7.06733], [120.5391, -7.06728], [120.53912, -7.0672], [120.53901, -7.06712], [120.53887, -7.06699], [120.53885, -7.06695], [120.53872, -7.06691], [120.53865, -7.06689], [120.53857, -7.06665], [120.53835, -7.0664], [120.53815, -7.06623], [120.53807, -7.06606], [120.53796, -7.06586], [120.53788, -7.06561], [120.53777, -7.06549], [120.53765, -7.06528], [120.5375, -7.06507], [120.53733, -7.06484], [120.53729, -7.06468], [120.53725, -7.06458], [120.53713, -7.06448], [120.53703, -7.06427], [120.53689, -7.0639], [120.53689, -7.06377], [120.53693, -7.06344], [120.53689, -7.06327], [120.53684, -7.0631], [120.53687, -7.06294], [120.5371, -7.06255], [120.53723, -7.06224], [120.53727, -7.06213], [120.53727, -7.06198], [120.53718, -7.0619], [120.5372, -7.06183], [120.53728, -7.06149], [120.53755, -7.06124], [120.53772, -7.06126], [120.53782, -7.06105], [120.53794, -7.0609], [120.53794, -7.06082], [120.53796, -7.06069], [120.53796, -7.06065], [120.53829, -7.06015], [120.53857, -7.05985], [120.53886, -7.05954], [120.5389, -7.05952], [120.53911, -7.05941], [120.53935, -7.05937], [120.53955, -7.05925], [120.53985, -7.05917], [120.54002, -7.05916], [120.54042, -7.05916], [120.54056, -7.05912], [120.54066, -7.05906], [120.54076, -7.059], [120.54094, -7.059], [120.54102, -7.059], [120.54121, -7.05886], [120.54135, -7.05867], [120.54141, -7.0584], [120.54161, -7.05811], [120.54218, -7.05771], [120.5424, -7.05758], [120.5424, -7.05758], [120.54299, -7.05745], [120.54406, -7.05727], [120.5447, -7.05715], [120.5453, -7.05707], [120.54582, -7.05694], [120.54638, -7.05685], [120.54676, -7.05676], [120.54696, -7.05682], [120.54779, -7.05681], [120.5479, -7.0567], [120.54793, -7.05667], [120.54812, -7.05659], [120.54837, -7.05641], [120.54868, -7.05619], [120.54879, -7.05612], [120.54883, -7.05613], [120.54907, -7.05606], [120.54934, -7.05599], [120.54986, -7.05611], [120.55016, -7.0563], [120.55036, -7.0563], [120.5506, -7.05632], [120.55093, -7.05638], [120.55112, -7.05633], [120.55146, -7.05634], [120.55193, -7.0563], [120.55199, -7.05627], [120.55223, -7.05629], [120.55238, -7.05641], [120.5526, -7.05687], [120.55255, -7.05713], [120.55229, -7.05738], [120.55192, -7.05749], [120.55156, -7.0575], [120.55119, -7.05756], [120.5509, -7.05799], [120.55056, -7.05835], [120.55034, -7.05899], [120.55028, -7.05927], [120.55029, -7.05999], [120.55036, -7.06002], [120.55038, -7.06129], [120.55036, -7.06131], [120.55041, -7.06168], [120.55046, -7.06188], [120.54998, -7.06195], [120.55047, -7.06188], [120.55049, -7.062], [120.55068, -7.06271]]], [[[120.53871, -7.05763], [120.53864, -7.05767], [120.53859, -7.05773], [120.53857, -7.0578], [120.53849, -7.05786], [120.53854, -7.05791], [120.53846, -7.05804], [120.53844, -7.05815], [120.53831, -7.05831], [120.53827, -7.05832], [120.53811, -7.05834], [120.53803, -7.05823], [120.53799, -7.05804], [120.53803, -7.05799], [120.5381, -7.05796], [120.53809, -7.05787], [120.53804, -7.05767], [120.53803, -7.05745], [120.5381, -7.05724], [120.53826, -7.0571], [120.53841, -7.05704], [120.53856, -7.05706], [120.53873, -7.05697], [120.53885, -7.05705], [120.53887, -7.05711], [120.53889, -7.05712], [120.53887, -7.05715], [120.53881, -7.05731], [120.53883, -7.05741], [120.53875, -7.05745], [120.53868, -7.05756], [120.53865, -7.05758], [120.53871, -7.05763]]], [[[120.53846, -7.05635], [120.53836, -7.05633], [120.53834, -7.05625], [120.53836, -7.05608], [120.53833, -7.05597], [120.53829, -7.05587], [120.53816, -7.05578], [120.5382, -7.05561], [120.53835, -7.05547], [120.53844, -7.05534], [120.5385, -7.05525], [120.53854, -7.05515], [120.53848, -7.05512], [120.53848, -7.05499], [120.53846, -7.05486], [120.5385, -7.05479], [120.5385, -7.05469], [120.5384, -7.05459], [120.53855, -7.05438], [120.53881, -7.05432], [120.53889, -7.05437], [120.5389, -7.05437], [120.53894, -7.05441], [120.5391, -7.05454], [120.5393, -7.0546], [120.53954, -7.05456], [120.53973, -7.05451], [120.53995, -7.05442], [120.54003, -7.05442], [120.54006, -7.05442], [120.54002, -7.05453], [120.54, -7.05457], [120.53992, -7.05475], [120.53986, -7.05493], [120.53969, -7.05496], [120.53947, -7.05499], [120.53925, -7.05508], [120.53924, -7.05525], [120.53923, -7.0554], [120.53912, -7.05559], [120.53907, -7.05568], [120.53888, -7.05599], [120.53874, -7.05618], [120.53872, -7.05618], [120.53866, -7.05627], [120.53855, -7.05632], [120.53846, -7.05635]]], [[[120.52111, -6.9944], [120.52071, -6.99399], [120.52041, -6.99361], [120.51964, -6.99263], [120.51863, -6.99116], [120.51825, -6.99036], [120.51805, -6.99004], [120.51777, -6.98954], [120.51757, -6.98909], [120.51744, -6.98857], [120.51742, -6.98836], [120.51746, -6.98833], [120.51752, -6.98829], [120.51777, -6.98843], [120.51829, -6.98872], [120.51847, -6.98883], [120.51936, -6.98898], [120.52038, -6.98898], [120.52065, -6.9888], [120.52074, -6.98855], [120.52076, -6.98841], [120.52077, -6.98842], [120.52077, -6.98835], [120.52077, -6.98809], [120.5209, -6.98802], [120.52093, -6.98803], [120.52113, -6.98809], [120.52131, -6.98812], [120.52133, -6.98813], [120.52157, -6.9882], [120.5216, -6.98821], [120.52188, -6.9883], [120.52208, -6.98829], [120.52209, -6.98826], [120.52211, -6.98814], [120.52234, -6.98823], [120.5224, -6.98848], [120.52241, -6.98853], [120.5225, -6.9887], [120.52259, -6.98887], [120.52251, -6.98896], [120.52251, -6.98904], [120.52251, -6.98904], [120.52229, -6.98942], [120.52229, -6.98968], [120.52242, -6.98987], [120.52253, -6.99001], [120.52309, -6.99072], [120.5232, -6.99085], [120.52355, -6.99119], [120.52468, -6.99228], [120.52511, -6.99289], [120.52514, -6.99292], [120.52516, -6.99295], [120.52523, -6.99314], [120.5257, -6.99439], [120.52592, -6.99476], [120.52648, -6.9957], [120.52724, -6.99691], [120.52731, -6.99702], [120.52823, -6.99851], [120.52888, -6.99959], [120.52897, -7.00012], [120.52911, -7.00095], [120.52916, -7.00209], [120.5291, -7.0024], [120.52859, -7.00261], [120.5285, -7.00255], [120.5281, -7.0026], [120.5279, -7.00266], [120.52762, -7.00262], [120.52756, -7.00258], [120.52739, -7.0025], [120.52722, -7.00235], [120.52714, -7.00228], [120.52679, -7.00198], [120.52626, -7.00132], [120.52561, -7.00047], [120.525, -6.99951], [120.52446, -6.99871], [120.52399, -6.99788], [120.52329, -6.99696], [120.52246, -6.99592], [120.52243, -6.99588], [120.52215, -6.99555], [120.52187, -6.99521], [120.52111, -6.9944]]], [[[120.44943, -6.94992], [120.44964, -6.9499], [120.44969, -6.94985], [120.44973, -6.94967], [120.44974, -6.94948], [120.44981, -6.94935], [120.4499, -6.94933], [120.45027, -6.94943], [120.45063, -6.94975], [120.45073, -6.94995], [120.45077, -6.95008], [120.45079, -6.95022], [120.45083, -6.95033], [120.45097, -6.95046], [120.4511, -6.95052], [120.45117, -6.95063], [120.45123, -6.95082], [120.45124, -6.95112], [120.45127, -6.95125], [120.45149, -6.95178], [120.45183, -6.95218], [120.45202, -6.95242], [120.45228, -6.95286], [120.45239, -6.95304], [120.45253, -6.95333], [120.45272, -6.95357], [120.45281, -6.95379], [120.45286, -6.95405], [120.45296, -6.95427], [120.45313, -6.95452], [120.45357, -6.95481], [120.45381, -6.95495], [120.45388, -6.95511], [120.45391, -6.95531], [120.45396, -6.95549], [120.45408, -6.95562], [120.45426, -6.95577], [120.4544, -6.95586], [120.45455, -6.95602], [120.45471, -6.95619], [120.45476, -6.95635], [120.45478, -6.95655], [120.45483, -6.9569], [120.45504, -6.95712], [120.45521, -6.95728], [120.45533, -6.95745], [120.45543, -6.95757], [120.45555, -6.95778], [120.4556, -6.95791], [120.45563, -6.95807], [120.45559, -6.9583], [120.4555, -6.9584], [120.45541, -6.95848], [120.45523, -6.95864], [120.455, -6.95882], [120.45481, -6.95913], [120.45468, -6.95933], [120.45456, -6.95949], [120.4544, -6.95966], [120.45438, -6.95986], [120.45462, -6.96033], [120.45492, -6.96066], [120.45513, -6.96087], [120.45529, -6.96109], [120.45546, -6.96134], [120.45556, -6.96157], [120.45558, -6.96173], [120.45541, -6.96188], [120.45534, -6.96202], [120.45535, -6.96228], [120.45531, -6.96252], [120.45516, -6.96272], [120.45502, -6.96286], [120.45488, -6.96293], [120.45461, -6.96306], [120.4544, -6.96325], [120.45435, -6.9634], [120.4542, -6.96367], [120.45401, -6.96387], [120.45376, -6.96405], [120.45352, -6.96428], [120.453, -6.9648], [120.45289, -6.96483], [120.4527, -6.96486], [120.45253, -6.96502], [120.45241, -6.96522], [120.45219, -6.96542], [120.45193, -6.9655], [120.45164, -6.96561], [120.45149, -6.96559], [120.45135, -6.96547], [120.45119, -6.96542], [120.45101, -6.96537], [120.45079, -6.96543], [120.45072, -6.96562], [120.45075, -6.96575], [120.45076, -6.96591], [120.45064, -6.96611], [120.45046, -6.96627], [120.45028, -6.96636], [120.44998, -6.96644], [120.44972, -6.96642], [120.44936, -6.96653], [120.4491, -6.96668], [120.44875, -6.9669], [120.4484, -6.96708], [120.44808, -6.96721], [120.44786, -6.96736], [120.44738, -6.96763], [120.44707, -6.96773], [120.44673, -6.96784], [120.4452, -6.96825], [120.44496, -6.96841], [120.44475, -6.96845], [120.44426, -6.96859], [120.44328, -6.96879], [120.44297, -6.96889], [120.44268, -6.96897], [120.44238, -6.96911], [120.44212, -6.96926], [120.44173, -6.96937], [120.44111, -6.96939], [120.44065, -6.96943], [120.44044, -6.96954], [120.44036, -6.96963], [120.44016, -6.96972], [120.43983, -6.96983], [120.43955, -6.96985], [120.43923, -6.96992], [120.43892, -6.96998], [120.4387, -6.97007], [120.43844, -6.97018], [120.43826, -6.97032], [120.43801, -6.97045], [120.43789, -6.97059], [120.43776, -6.97071], [120.4376, -6.9708], [120.43722, -6.97077], [120.43716, -6.97064], [120.43719, -6.97046], [120.43734, -6.97022], [120.43741, -6.97004], [120.43748, -6.96978], [120.43757, -6.96958], [120.43766, -6.96918], [120.43768, -6.96893], [120.43783, -6.96875], [120.43799, -6.96862], [120.43809, -6.96848], [120.4381, -6.9684], [120.43766, -6.96847], [120.43744, -6.96855], [120.43721, -6.96864], [120.43675, -6.96881], [120.43644, -6.96896], [120.43602, -6.96912], [120.4357, -6.96929], [120.43547, -6.9695], [120.43518, -6.96964], [120.43493, -6.96963], [120.43481, -6.96936], [120.4347, -6.96882], [120.43478, -6.96869], [120.43489, -6.96863], [120.43507, -6.96848], [120.43513, -6.96825], [120.43505, -6.96762], [120.43458, -6.96768], [120.43424, -6.96773], [120.43401, -6.96759], [120.43383, -6.96735], [120.43368, -6.96712], [120.43364, -6.96681], [120.4337, -6.9663], [120.434, -6.96586], [120.43415, -6.96583], [120.43426, -6.96572], [120.43433, -6.96559], [120.43426, -6.96542], [120.43413, -6.96525], [120.43384, -6.96503], [120.43378, -6.96485], [120.43386, -6.96467], [120.43406, -6.96445], [120.43418, -6.96426], [120.43434, -6.96414], [120.43452, -6.96413], [120.43463, -6.9642], [120.43474, -6.96416], [120.43486, -6.96403], [120.43497, -6.96388], [120.43491, -6.96376], [120.43467, -6.96357], [120.43466, -6.96341], [120.43467, -6.96324], [120.43504, -6.96265], [120.43513, -6.96237], [120.43531, -6.96211], [120.43548, -6.96188], [120.43562, -6.96167], [120.43576, -6.96146], [120.4359, -6.96121], [120.43612, -6.96095], [120.43635, -6.96026], [120.43648, -6.95998], [120.43663, -6.95968], [120.43671, -6.95943], [120.4368, -6.9592], [120.43701, -6.95908], [120.4371, -6.95924], [120.4372, -6.95943], [120.43733, -6.95941], [120.4374, -6.95918], [120.43746, -6.95912], [120.43754, -6.95904], [120.4376, -6.9589], [120.43761, -6.95869], [120.43753, -6.95858], [120.43724, -6.95844], [120.43704, -6.95821], [120.43689, -6.95807], [120.43695, -6.9579], [120.43711, -6.95775], [120.43722, -6.9576], [120.43732, -6.95737], [120.43732, -6.95725], [120.43724, -6.95707], [120.43724, -6.95688], [120.43732, -6.95675], [120.43742, -6.95664], [120.43747, -6.95646], [120.43752, -6.95618], [120.43766, -6.95596], [120.43774, -6.95569], [120.43787, -6.95548], [120.43813, -6.95529], [120.43835, -6.95512], [120.4385, -6.95499], [120.43866, -6.95485], [120.43876, -6.95468], [120.43882, -6.95447], [120.43882, -6.95406], [120.43895, -6.95401], [120.43903, -6.95397], [120.43918, -6.95382], [120.4393, -6.95361], [120.43938, -6.95334], [120.43938, -6.95308], [120.43923, -6.95295], [120.43912, -6.95285], [120.439, -6.95271], [120.43897, -6.95244], [120.43901, -6.95225], [120.43908, -6.9517], [120.43917, -6.95151], [120.43934, -6.95138], [120.43948, -6.95128], [120.43965, -6.95121], [120.43981, -6.95118], [120.43991, -6.95109], [120.43996, -6.95091], [120.44, -6.95072], [120.44011, -6.95067], [120.44019, -6.95064], [120.44049, -6.95029], [120.44055, -6.95015], [120.44064, -6.94997], [120.44076, -6.94983], [120.44087, -6.94978], [120.44102, -6.94968], [120.44117, -6.94954], [120.44131, -6.94941], [120.44188, -6.94924], [120.44205, -6.94922], [120.44218, -6.94926], [120.44235, -6.94937], [120.44266, -6.94937], [120.4428, -6.94935], [120.443, -6.94933], [120.44317, -6.94931], [120.44337, -6.94931], [120.44358, -6.94928], [120.44372, -6.94922], [120.44381, -6.94914], [120.44396, -6.94906], [120.44405, -6.94904], [120.44424, -6.94908], [120.44435, -6.94922], [120.44451, -6.94933], [120.44465, -6.94946], [120.44481, -6.94959], [120.44493, -6.94966], [120.44514, -6.94968], [120.44559, -6.94968], [120.4458, -6.94969], [120.44603, -6.94978], [120.44635, -6.94971], [120.44641, -6.94966], [120.44654, -6.94938], [120.44673, -6.94925], [120.44704, -6.94923], [120.44762, -6.94923], [120.44791, -6.94923], [120.44811, -6.94924], [120.44839, -6.94926], [120.44854, -6.94926], [120.44866, -6.94931], [120.44876, -6.94943], [120.4489, -6.9496], [120.44905, -6.94974], [120.44923, -6.94988], [120.44943, -6.94992]]], [[[120.58933, -7.10427], [120.58944, -7.10412], [120.58963, -7.10406], [120.59002, -7.10409], [120.5905, -7.10398], [120.59084, -7.10388], [120.5913, -7.1039], [120.59148, -7.10402], [120.5915, -7.10426], [120.59135, -7.10461], [120.59114, -7.10483], [120.59083, -7.10499], [120.59055, -7.10522], [120.59039, -7.10538], [120.59024, -7.1055], [120.58997, -7.10553], [120.58966, -7.10559], [120.58948, -7.10556], [120.58944, -7.10542], [120.58945, -7.10526], [120.58967, -7.10514], [120.5898, -7.10496], [120.5898, -7.10478], [120.58962, -7.10463], [120.58939, -7.10445], [120.58933, -7.10427]]], [[[120.61249, -7.08401], [120.61271, -7.08443], [120.61247, -7.08529], [120.61207, -7.08608], [120.61192, -7.08754], [120.61161, -7.08844], [120.61144, -7.08894], [120.61147, -7.08941], [120.61152, -7.08979], [120.61126, -7.09023], [120.61061, -7.09058], [120.61, -7.0908], [120.60946, -7.09129], [120.6092, -7.09143], [120.60868, -7.09179], [120.60838, -7.09203], [120.60798, -7.09241], [120.60763, -7.09283], [120.60709, -7.09312], [120.60678, -7.0935], [120.60628, -7.09368], [120.60594, -7.09372], [120.60561, -7.09403], [120.6054, -7.09429], [120.60502, -7.09444], [120.60427, -7.0947], [120.60349, -7.09521], [120.60297, -7.09545], [120.60285, -7.09578], [120.60292, -7.09596], [120.60291, -7.0962], [120.60278, -7.09636], [120.60258, -7.09644], [120.6025, -7.09664], [120.60247, -7.09698], [120.6023, -7.09734], [120.60241, -7.09767], [120.60263, -7.09865], [120.60204, -7.09931], [120.60138, -7.09942], [120.60109, -7.09936], [120.60089, -7.09908], [120.60078, -7.09891], [120.60006, -7.09886], [120.59823, -7.09874], [120.59651, -7.09892], [120.59617, -7.09935], [120.59553, -7.09995], [120.59457, -7.09964], [120.59367, -7.09895], [120.59325, -7.0985], [120.59266, -7.09828], [120.59235, -7.09811], [120.59167, -7.09734], [120.59118, -7.09735], [120.59078, -7.09713], [120.59047, -7.09685], [120.59022, -7.09648], [120.59001, -7.09608], [120.59, -7.09575], [120.59012, -7.0955], [120.59027, -7.0953], [120.59038, -7.09503], [120.5904, -7.09472], [120.59033, -7.09441], [120.59038, -7.09421], [120.59072, -7.09335], [120.59096, -7.09282], [120.59085, -7.09211], [120.59026, -7.09121], [120.58979, -7.09089], [120.58931, -7.09057], [120.58842, -7.09018], [120.58762, -7.09003], [120.58754, -7.09008], [120.58646, -7.08966], [120.58594, -7.08964], [120.58554, -7.08984], [120.58509, -7.09006], [120.58456, -7.09026], [120.58422, -7.09071], [120.58342, -7.09094], [120.58311, -7.09104], [120.58285, -7.09093], [120.58263, -7.09079], [120.58264, -7.09042], [120.58239, -7.09005], [120.58186, -7.08946], [120.58127, -7.08912], [120.58073, -7.08875], [120.57989, -7.08871], [120.57952, -7.08909], [120.57927, -7.08928], [120.57905, -7.08936], [120.57899, -7.08908], [120.57905, -7.08894], [120.57899, -7.0886], [120.57862, -7.08843], [120.57853, -7.08842], [120.57836, -7.0883], [120.57821, -7.08812], [120.57705, -7.08755], [120.57568, -7.08693], [120.575, -7.08683], [120.57464, -7.08683], [120.57414, -7.08668], [120.57308, -7.08681], [120.57134, -7.08746], [120.57067, -7.08787], [120.56951, -7.08834], [120.56871, -7.08882], [120.5683, -7.08912], [120.56813, -7.08981], [120.56847, -7.09013], [120.56862, -7.09077], [120.56829, -7.09111], [120.56817, -7.09139], [120.56776, -7.09203], [120.5675, -7.09286], [120.56722, -7.09327], [120.567, -7.09343], [120.567, -7.09314], [120.56661, -7.09295], [120.56636, -7.09271], [120.56635, -7.09251], [120.56511, -7.09184], [120.56408, -7.09204], [120.56367, -7.09249], [120.56355, -7.09243], [120.56331, -7.09247], [120.56296, -7.09252], [120.56294, -7.09216], [120.56293, -7.09182], [120.5628, -7.09156], [120.56288, -7.09129], [120.56166, -7.08969], [120.56096, -7.08881], [120.56006, -7.08878], [120.55961, -7.08893], [120.55932, -7.08882], [120.55914, -7.08874], [120.55879, -7.08807], [120.55884, -7.08758], [120.55863, -7.08707], [120.55848, -7.08598], [120.55796, -7.08431], [120.55706, -7.08157], [120.55621, -7.07999], [120.55564, -7.07996], [120.55489, -7.08012], [120.55461, -7.07991], [120.55493, -7.07912], [120.55539, -7.07878], [120.5563, -7.0778], [120.55682, -7.07676], [120.557, -7.07554], [120.55757, -7.07533], [120.55792, -7.07559], [120.55839, -7.07523], [120.55857, -7.0743], [120.5591, -7.07378], [120.55947, -7.07311], [120.56042, -7.07294], [120.56094, -7.07328], [120.56143, -7.07332], [120.56232, -7.07308], [120.56308, -7.07317], [120.56355, -7.07355], [120.56379, -7.07381], [120.56388, -7.07415], [120.56383, -7.07441], [120.5637, -7.07485], [120.56354, -7.07513], [120.56335, -7.0755], [120.56327, -7.07599], [120.56328, -7.07633], [120.56322, -7.07672], [120.56343, -7.07723], [120.56373, -7.07746], [120.56399, -7.07773], [120.56433, -7.0778], [120.56493, -7.07783], [120.56534, -7.07775], [120.56555, -7.0775], [120.5659, -7.07739], [120.56612, -7.07726], [120.56653, -7.07726], [120.56683, -7.0774], [120.56705, -7.07739], [120.56752, -7.07738], [120.56811, -7.07754], [120.56818, -7.0778], [120.56818, -7.07789], [120.56833, -7.07786], [120.56853, -7.07789], [120.56877, -7.078], [120.56906, -7.07791], [120.56929, -7.07768], [120.56946, -7.0776], [120.56958, -7.07752], [120.56957, -7.07724], [120.56981, -7.07724], [120.56968, -7.07698], [120.56967, -7.07679], [120.56976, -7.07653], [120.57018, -7.07575], [120.57051, -7.07563], [120.57096, -7.07561], [120.57139, -7.07553], [120.57171, -7.07556], [120.5719, -7.07596], [120.57203, -7.07635], [120.57226, -7.07645], [120.57289, -7.0764], [120.57395, -7.07637], [120.5744, -7.07628], [120.57464, -7.07663], [120.57476, -7.07693], [120.57499, -7.07704], [120.57499, -7.07726], [120.57532, -7.07723], [120.57588, -7.07724], [120.57641, -7.07739], [120.57686, -7.07741], [120.57785, -7.07739], [120.57876, -7.0773], [120.5796, -7.07737], [120.57958, -7.07751], [120.57981, -7.0778], [120.58069, -7.07817], [120.58093, -7.07867], [120.58137, -7.07868], [120.58168, -7.07781], [120.58165, -7.0772], [120.58204, -7.07695], [120.58249, -7.07677], [120.58269, -7.07721], [120.58276, -7.07773], [120.58318, -7.07793], [120.58345, -7.07797], [120.58386, -7.07807], [120.58442, -7.07828], [120.58487, -7.07837], [120.58487, -7.0786], [120.585, -7.07867], [120.58518, -7.07898], [120.58532, -7.07935], [120.58545, -7.08002], [120.5855, -7.08068], [120.58573, -7.08122], [120.58619, -7.08147], [120.58703, -7.08164], [120.58735, -7.08191], [120.58762, -7.08194], [120.58864, -7.08255], [120.58911, -7.0826], [120.58932, -7.08257], [120.58958, -7.08256], [120.5898, -7.08257], [120.59024, -7.08246], [120.59061, -7.08244], [120.59091, -7.08224], [120.59119, -7.0822], [120.59132, -7.08203], [120.59179, -7.0819], [120.59215, -7.08179], [120.59267, -7.0817], [120.59277, -7.08152], [120.59297, -7.08157], [120.59326, -7.08159], [120.59389, -7.08137], [120.59458, -7.081], [120.59496, -7.08076], [120.59541, -7.08069], [120.59587, -7.08092], [120.59612, -7.08121], [120.59671, -7.08142], [120.59702, -7.08153], [120.59726, -7.08164], [120.5978, -7.08136], [120.5991, -7.08127], [120.60016, -7.0813], [120.60085, -7.0815], [120.6017, -7.08122], [120.60322, -7.08085], [120.60374, -7.08089], [120.60394, -7.0811], [120.60449, -7.08085], [120.60549, -7.08067], [120.60691, -7.08057], [120.6084, -7.07991], [120.61092, -7.08063], [120.61199, -7.08107], [120.61276, -7.0815], [120.61271, -7.08193], [120.61278, -7.08222], [120.61265, -7.08272], [120.61253, -7.0833], [120.6126, -7.08359], [120.61249, -7.08401]]], [[[120.55742, -7.06804], [120.55741, -7.06804], [120.55741, -7.06803], [120.55731, -7.06792], [120.5574, -7.0678], [120.55739, -7.06747], [120.55737, -7.06743], [120.55727, -7.06699], [120.5572, -7.06686], [120.55722, -7.06676], [120.55723, -7.06668], [120.55717, -7.0666], [120.55714, -7.0665], [120.55703, -7.06644], [120.55703, -7.06627], [120.55707, -7.06619], [120.5572, -7.066], [120.55729, -7.06587], [120.55744, -7.06587], [120.5577, -7.06558], [120.55785, -7.06492], [120.55798, -7.06484], [120.55814, -7.06468], [120.55826, -7.06455], [120.55838, -7.06436], [120.55843, -7.0642], [120.55856, -7.06406], [120.55868, -7.06392], [120.55872, -7.06374], [120.55883, -7.06359], [120.55892, -7.06348], [120.55893, -7.06335], [120.55913, -7.06333], [120.55935, -7.06335], [120.55942, -7.0634], [120.55956, -7.06342], [120.55974, -7.06352], [120.55985, -7.06366], [120.55984, -7.06376], [120.55978, -7.06397], [120.5597, -7.06414], [120.5595, -7.06425], [120.55931, -7.06446], [120.55922, -7.06464], [120.55912, -7.06476], [120.55915, -7.06507], [120.55925, -7.06526], [120.55928, -7.06527], [120.55927, -7.06529], [120.55962, -7.0655], [120.55976, -7.06578], [120.55984, -7.06613], [120.55983, -7.06613], [120.55985, -7.06622], [120.55977, -7.06645], [120.55955, -7.06657], [120.55946, -7.06663], [120.55956, -7.06681], [120.55964, -7.06697], [120.55956, -7.06704], [120.55941, -7.06706], [120.55934, -7.067], [120.55928, -7.0669], [120.55922, -7.06679], [120.55917, -7.06675], [120.55914, -7.0669], [120.55931, -7.06722], [120.55972, -7.06751], [120.56017, -7.06771], [120.56096, -7.06792], [120.56157, -7.06793], [120.56178, -7.06784], [120.56194, -7.06762], [120.56208, -7.06739], [120.56213, -7.06725], [120.56223, -7.06717], [120.56235, -7.06706], [120.56243, -7.06694], [120.56245, -7.0669], [120.5625, -7.06685], [120.56258, -7.06676], [120.56266, -7.06668], [120.56275, -7.06654], [120.56277, -7.06641], [120.56295, -7.06636], [120.56312, -7.06627], [120.56324, -7.06623], [120.56328, -7.06612], [120.5633, -7.06594], [120.56336, -7.06592], [120.56338, -7.06584], [120.56345, -7.06582], [120.56345, -7.06573], [120.56351, -7.06562], [120.56349, -7.06551], [120.56358, -7.06537], [120.56365, -7.06526], [120.5637, -7.06513], [120.56373, -7.06502], [120.56374, -7.06487], [120.56374, -7.06481], [120.56382, -7.0648], [120.56394, -7.06455], [120.56419, -7.06429], [120.56436, -7.06417], [120.56462, -7.0641], [120.56486, -7.06404], [120.56507, -7.064], [120.5651, -7.06399], [120.56529, -7.06394], [120.5655, -7.06393], [120.56577, -7.06406], [120.56602, -7.06405], [120.56611, -7.06397], [120.56619, -7.06395], [120.56635, -7.06401], [120.56649, -7.06398], [120.56669, -7.06416], [120.56665, -7.06443], [120.56629, -7.06466], [120.5661, -7.06488], [120.56609, -7.06514], [120.56601, -7.0656], [120.5658, -7.06608], [120.56562, -7.0664], [120.56545, -7.06661], [120.56525, -7.06712], [120.56501, -7.06731], [120.5649, -7.06735], [120.5646, -7.06748], [120.56435, -7.06777], [120.56409, -7.06797], [120.56385, -7.0681], [120.56366, -7.06842], [120.56361, -7.06854], [120.56349, -7.06869], [120.56343, -7.06899], [120.56326, -7.06948], [120.56314, -7.06979], [120.56292, -7.06994], [120.56256, -7.07032], [120.56248, -7.07043], [120.56237, -7.07045], [120.56218, -7.07055], [120.56205, -7.07085], [120.56195, -7.07093], [120.56197, -7.07126], [120.56183, -7.07158], [120.56121, -7.07169], [120.56099, -7.07182], [120.56066, -7.07183], [120.56023, -7.07185], [120.56021, -7.07184], [120.56012, -7.07169], [120.55989, -7.0716], [120.55964, -7.07143], [120.55945, -7.07127], [120.55931, -7.07119], [120.55924, -7.07124], [120.559, -7.07136], [120.55877, -7.07147], [120.55854, -7.07154], [120.55834, -7.07154], [120.55816, -7.07149], [120.55793, -7.07148], [120.5577, -7.07145], [120.55749, -7.07139], [120.55741, -7.07132], [120.55733, -7.07125], [120.55721, -7.07118], [120.55713, -7.07106], [120.55709, -7.07082], [120.55709, -7.07063], [120.55707, -7.07041], [120.55707, -7.07034], [120.55703, -7.07022], [120.55699, -7.07007], [120.55701, -7.06991], [120.55713, -7.06969], [120.55724, -7.06953], [120.55748, -7.06937], [120.55748, -7.06937], [120.55757, -7.06924], [120.55756, -7.06889], [120.55751, -7.0687], [120.55742, -7.06804]]], [[[120.56721, -7.06448], [120.56723, -7.06442], [120.56725, -7.06433], [120.56733, -7.06428], [120.56745, -7.06432], [120.56764, -7.06438], [120.56775, -7.06447], [120.56783, -7.06452], [120.56783, -7.06452], [120.5679, -7.06455], [120.56794, -7.06463], [120.56796, -7.06469], [120.56798, -7.06478], [120.56797, -7.06489], [120.56793, -7.06499], [120.56789, -7.06508], [120.56786, -7.0651], [120.56776, -7.06514], [120.56767, -7.06515], [120.56762, -7.06512], [120.5676, -7.06511], [120.56759, -7.06511], [120.56758, -7.06509], [120.56752, -7.06511], [120.56745, -7.06511], [120.56744, -7.06508], [120.56744, -7.06503], [120.56746, -7.065], [120.56747, -7.06496], [120.56747, -7.06494], [120.56747, -7.06494], [120.56744, -7.0649], [120.56739, -7.06489], [120.56736, -7.06486], [120.56732, -7.06486], [120.56728, -7.06482], [120.56727, -7.06473], [120.56723, -7.06462], [120.56721, -7.06455], [120.56721, -7.06448]]], [[[120.5465, -7.05539], [120.54642, -7.05542], [120.54632, -7.0554], [120.54624, -7.05538], [120.54616, -7.05535], [120.54609, -7.05531], [120.546, -7.05528], [120.54593, -7.05521], [120.54584, -7.05514], [120.54575, -7.05507], [120.54569, -7.05498], [120.54571, -7.05487], [120.54575, -7.05483], [120.54582, -7.05481], [120.54595, -7.0548], [120.54603, -7.05483], [120.54608, -7.05484], [120.54617, -7.05488], [120.54623, -7.0549], [120.54632, -7.05492], [120.54641, -7.05496], [120.54647, -7.05499], [120.54656, -7.05514], [120.54657, -7.0552], [120.54655, -7.05531], [120.5465, -7.05539]]], [[[120.5453, -7.05508], [120.54527, -7.05511], [120.54522, -7.05512], [120.54519, -7.05508], [120.54515, -7.05501], [120.54516, -7.05495], [120.54518, -7.05489], [120.54523, -7.05485], [120.54527, -7.05484], [120.54532, -7.05487], [120.54535, -7.05493], [120.54534, -7.05498], [120.54533, -7.05503], [120.5453, -7.05508]]]]}}, {"type": "Feature", "properties": {"id": "030.005.LANTIMBONGAN", "nmkec": "Bontosikuyu", "nmdesa": "Lantimbongan", "kdkec": "030", "kddesa": "005", "dominan": "kelapa", "total_ha": 955.0}, "geometry": {"type": "Polygon", "coordinates": [[[120.51035, -6.37763], [120.51011, -6.37794], [120.51002, -6.3781], [120.50986, -6.37838], [120.50972, -6.37852], [120.50949, -6.37859], [120.50853, -6.37897], [120.5078, -6.37945], [120.50733, -6.37986], [120.50698, -6.38013], [120.50608, -6.38035], [120.50559, -6.3812], [120.50558, -6.38203], [120.50571, -6.38234], [120.50561, -6.38263], [120.50548, -6.38379], [120.50546, -6.38419], [120.50583, -6.38514], [120.50584, -6.38515], [120.50654, -6.38535], [120.50695, -6.38561], [120.50759, -6.38623], [120.50776, -6.38677], [120.50789, -6.38684], [120.50789, -6.38708], [120.50785, -6.38722], [120.50789, -6.38742], [120.50789, -6.38762], [120.50798, -6.38766], [120.50798, -6.38786], [120.50786, -6.38811], [120.50785, -6.38846], [120.50769, -6.3888], [120.50715, -6.38919], [120.50689, -6.3891], [120.50688, -6.3891], [120.50644, -6.38911], [120.5062, -6.38908], [120.50609, -6.38892], [120.50583, -6.38897], [120.50571, -6.38969], [120.50589, -6.39002], [120.50623, -6.39067], [120.50645, -6.39097], [120.50664, -6.39125], [120.50673, -6.39156], [120.50668, -6.39191], [120.50636, -6.39239], [120.50574, -6.39289], [120.50558, -6.39288], [120.50541, -6.39291], [120.50508, -6.39334], [120.50503, -6.39367], [120.50475, -6.39377], [120.50465, -6.39377], [120.50459, -6.39368], [120.50446, -6.39362], [120.50439, -6.39351], [120.50428, -6.39344], [120.50383, -6.39371], [120.50348, -6.39408], [120.50314, -6.39416], [120.50312, -6.39416], [120.5029, -6.39421], [120.50275, -6.39432], [120.50258, -6.3946], [120.50228, -6.39457], [120.50207, -6.39447], [120.50191, -6.39436], [120.50174, -6.39431], [120.50131, -6.39441], [120.50098, -6.39451], [120.50086, -6.39427], [120.50079, -6.39438], [120.50062, -6.39437], [120.50048, -6.39434], [120.50031, -6.39446], [120.50012, -6.39444], [120.49988, -6.39443], [120.49981, -6.39435], [120.49966, -6.39452], [120.49928, -6.39462], [120.4991, -6.39455], [120.49887, -6.39437], [120.49876, -6.39438], [120.49864, -6.39431], [120.49844, -6.39418], [120.49838, -6.39416], [120.49827, -6.39391], [120.49813, -6.39362], [120.49794, -6.39333], [120.49782, -6.39311], [120.49775, -6.39293], [120.49785, -6.39285], [120.49782, -6.39267], [120.49781, -6.3926], [120.49791, -6.39254], [120.49782, -6.39243], [120.49762, -6.39233], [120.49762, -6.39221], [120.49758, -6.39217], [120.49755, -6.39209], [120.49745, -6.39203], [120.49737, -6.39193], [120.49717, -6.39177], [120.49708, -6.39152], [120.49695, -6.39134], [120.4969, -6.39127], [120.49673, -6.39123], [120.49665, -6.39117], [120.4952, -6.38817], [120.486, -6.38079], [120.48598, -6.38078], [120.48341, -6.37827], [120.4817, -6.37736], [120.47946, -6.3767], [120.47795, -6.37632], [120.47646, -6.37603], [120.47537, -6.37582], [120.47305, -6.37563], [120.47264, -6.37561], [120.4726, -6.37561], [120.47255, -6.3756], [120.4725, -6.3756], [120.47248, -6.3756], [120.47248, -6.3756], [120.47231, -6.37533], [120.47245, -6.37475], [120.47254, -6.3742], [120.47258, -6.37361], [120.4724, -6.37294], [120.47258, -6.37272], [120.47279, -6.37244], [120.47294, -6.372], [120.47294, -6.37182], [120.473, -6.37172], [120.47296, -6.37142], [120.47325, -6.37067], [120.4734, -6.37028], [120.47348, -6.37014], [120.47359, -6.36996], [120.47374, -6.36964], [120.47418, -6.36869], [120.47408, -6.36841], [120.47404, -6.36797], [120.47374, -6.36721], [120.47322, -6.3668], [120.47315, -6.36647], [120.47318, -6.3662], [120.47334, -6.36566], [120.47338, -6.36529], [120.47346, -6.36485], [120.47341, -6.36416], [120.47338, -6.36316], [120.47351, -6.36258], [120.47318, -6.36121], [120.47291, -6.35998], [120.47263, -6.35869], [120.47256, -6.35836], [120.47247, -6.358], [120.47248, -6.35773], [120.47245, -6.35767], [120.47229, -6.35739], [120.47208, -6.35684], [120.47225, -6.35645], [120.47235, -6.35637], [120.47254, -6.35622], [120.47403, -6.35533], [120.47683, -6.35433], [120.48013, -6.35405], [120.48281, -6.35393], [120.48483, -6.35282], [120.48656, -6.3531], [120.48897, -6.35393], [120.49135, -6.3541], [120.49434, -6.35405], [120.49921, -6.35433], [120.50239, -6.35494], [120.5053, -6.35628], [120.50534, -6.3563], [120.50788, -6.35735], [120.51034, -6.35852], [120.51375, -6.35953], [120.51806, -6.36149], [120.5198, -6.36199], [120.52096, -6.36251], [120.52083, -6.36264], [120.52095, -6.36273], [120.52107, -6.36279], [120.52123, -6.36289], [120.52117, -6.36338], [120.52119, -6.36407], [120.52119, -6.36432], [120.52105, -6.36461], [120.52088, -6.36514], [120.51979, -6.36567], [120.51928, -6.36563], [120.51824, -6.36509], [120.51816, -6.36495], [120.51808, -6.36495], [120.51795, -6.3648], [120.5178, -6.36468], [120.51777, -6.36456], [120.51763, -6.36439], [120.51761, -6.36412], [120.51751, -6.36408], [120.51736, -6.36395], [120.5172, -6.36393], [120.51719, -6.36383], [120.51699, -6.36377], [120.51686, -6.36373], [120.51686, -6.36373], [120.51671, -6.36374], [120.5167, -6.36366], [120.51668, -6.36356], [120.51662, -6.36346], [120.51653, -6.36335], [120.51644, -6.36335], [120.51566, -6.36353], [120.51539, -6.36356], [120.51532, -6.3634], [120.51513, -6.36322], [120.51502, -6.36302], [120.51488, -6.36298], [120.51478, -6.36285], [120.51478, -6.36274], [120.51458, -6.36274], [120.51451, -6.36283], [120.51434, -6.36279], [120.51431, -6.36272], [120.51427, -6.36273], [120.51424, -6.36283], [120.5141, -6.36279], [120.51408, -6.36273], [120.51407, -6.36273], [120.51289, -6.36308], [120.51232, -6.36369], [120.51253, -6.36406], [120.51252, -6.36445], [120.51213, -6.36447], [120.51189, -6.36439], [120.51157, -6.36467], [120.51128, -6.36483], [120.51099, -6.36498], [120.51081, -6.36503], [120.51053, -6.36509], [120.51034, -6.36556], [120.5103, -6.36637], [120.51031, -6.36652], [120.51035, -6.36659], [120.5104, -6.36659], [120.5105, -6.36656], [120.5106, -6.36663], [120.51065, -6.36669], [120.51082, -6.36673], [120.51111, -6.36695], [120.51111, -6.36703], [120.51122, -6.36715], [120.51106, -6.36721], [120.51106, -6.36734], [120.51116, -6.36734], [120.5113, -6.36727], [120.51148, -6.36716], [120.51161, -6.36713], [120.51176, -6.36714], [120.51189, -6.36709], [120.51202, -6.36712], [120.51213, -6.36716], [120.51244, -6.36708], [120.51271, -6.36713], [120.51317, -6.36744], [120.51339, -6.36778], [120.51355, -6.368], [120.5135, -6.36834], [120.51316, -6.36897], [120.51281, -6.36915], [120.51273, -6.36947], [120.51272, -6.37027], [120.51276, -6.37039], [120.51278, -6.37049], [120.51281, -6.37068], [120.51283, -6.37074], [120.51309, -6.37098], [120.51334, -6.37149], [120.51334, -6.3717], [120.51337, -6.37184], [120.51344, -6.37208], [120.51311, -6.37287], [120.51271, -6.3733], [120.51274, -6.37347], [120.51266, -6.37366], [120.51246, -6.37365], [120.51179, -6.37347], [120.51152, -6.37361], [120.51101, -6.37442], [120.51098, -6.37457], [120.51089, -6.3746], [120.51066, -6.37495], [120.51036, -6.37585], [120.51024, -6.37678], [120.51035, -6.37728], [120.51033, -6.37747], [120.51035, -6.37763]]]}}, {"type": "Feature", "properties": {"id": "050.013.TANETE", "nmkec": "Bontomatene", "nmdesa": "Tanete", "kdkec": "050", "kddesa": "013", "dominan": "kelapa", "total_ha": 2443.2}, "geometry": {"type": "Polygon", "coordinates": [[[120.48763, -5.8683], [120.4875, -5.86618], [120.487, -5.86556], [120.48715, -5.86425], [120.4875, -5.86106], [120.48761, -5.85954], [120.48764, -5.85906], [120.48776, -5.8572], [120.48805, -5.85298], [120.48825, -5.85008], [120.48837, -5.84901], [120.48858, -5.84721], [120.48858, -5.84721], [120.4888, -5.84725], [120.48894, -5.84729], [120.49039, -5.84745], [120.4943, -5.84736], [120.49533, -5.84734], [120.49824, -5.84768], [120.50037, -5.84751], [120.50142, -5.84728], [120.50234, -5.84714], [120.50274, -5.84708], [120.50274, -5.84707], [120.50346, -5.84695], [120.50521, -5.84613], [120.50704, -5.84646], [120.50918, -5.84734], [120.51073, -5.84755], [120.51113, -5.84795], [120.51139, -5.84809], [120.5115, -5.84816], [120.51177, -5.84828], [120.51217, -5.84842], [120.51254, -5.84851], [120.5129, -5.84856], [120.51328, -5.8486], [120.5136, -5.84862], [120.51383, -5.84862], [120.51428, -5.84863], [120.5146, -5.8486], [120.51509, -5.84853], [120.51549, -5.84845], [120.51591, -5.84833], [120.51611, -5.84828], [120.51654, -5.84812], [120.51755, -5.84775], [120.51756, -5.84775], [120.51808, -5.84816], [120.51808, -5.84816], [120.51808, -5.84816], [120.51825, -5.84823], [120.51943, -5.84868], [120.51944, -5.84868], [120.51946, -5.84869], [120.52069, -5.84898], [120.52083, -5.84901], [120.5216, -5.84901], [120.5216, -5.84901], [120.52596, -5.84901], [120.52598, -5.84901], [120.52643, -5.84901], [120.52641, -5.8491], [120.52639, -5.84912], [120.52638, -5.84912], [120.52627, -5.84939], [120.52623, -5.84962], [120.52618, -5.84965], [120.52618, -5.84967], [120.52613, -5.84984], [120.52613, -5.84987], [120.52605, -5.84994], [120.52605, -5.8501], [120.52608, -5.85037], [120.52608, -5.85037], [120.52608, -5.85038], [120.52611, -5.85053], [120.52608, -5.85068], [120.52612, -5.85079], [120.52607, -5.8509], [120.52606, -5.85098], [120.5261, -5.85102], [120.52614, -5.85123], [120.5262, -5.85137], [120.52622, -5.85152], [120.52621, -5.85173], [120.52619, -5.85181], [120.52622, -5.85197], [120.52622, -5.85232], [120.52625, -5.85239], [120.52622, -5.85245], [120.52616, -5.85267], [120.52621, -5.8527], [120.5262, -5.85314], [120.52616, -5.85319], [120.52625, -5.85332], [120.52626, -5.85333], [120.52635, -5.85357], [120.52642, -5.85381], [120.52649, -5.85395], [120.5265, -5.85398], [120.52654, -5.85399], [120.52665, -5.85434], [120.52669, -5.85453], [120.52673, -5.85475], [120.5268, -5.85508], [120.52685, -5.85534], [120.52691, -5.85565], [120.52694, -5.8558], [120.52695, -5.85597], [120.52694, -5.85615], [120.52698, -5.8562], [120.52698, -5.85644], [120.52702, -5.85663], [120.52703, -5.8567], [120.52702, -5.85676], [120.52706, -5.85682], [120.52707, -5.85691], [120.52711, -5.85696], [120.52712, -5.85708], [120.52716, -5.85715], [120.52717, -5.85724], [120.52719, -5.85729], [120.52723, -5.85759], [120.52725, -5.85784], [120.52726, -5.85803], [120.52729, -5.85828], [120.52728, -5.85835], [120.5273, -5.85847], [120.52731, -5.85859], [120.5273, -5.85868], [120.52733, -5.85896], [120.52734, -5.8592], [120.52735, -5.85939], [120.5274, -5.85951], [120.52747, -5.85959], [120.52748, -5.85966], [120.52755, -5.85982], [120.52763, -5.85991], [120.52768, -5.85992], [120.52769, -5.85986], [120.5277, -5.85985], [120.52767, -5.85981], [120.52767, -5.85969], [120.52771, -5.85954], [120.52775, -5.85951], [120.52802, -5.85974], [120.52813, -5.85991], [120.52821, -5.85994], [120.52825, -5.86001], [120.52814, -5.8601], [120.52805, -5.86013], [120.5281, -5.8602], [120.52817, -5.8603], [120.52821, -5.86056], [120.52819, -5.86072], [120.52818, -5.86091], [120.52816, -5.86104], [120.52816, -5.86117], [120.52816, -5.8613], [120.52818, -5.86148], [120.5282, -5.86162], [120.52825, -5.86169], [120.5283, -5.86175], [120.52838, -5.86181], [120.52845, -5.86181], [120.52853, -5.86177], [120.52861, -5.86185], [120.52862, -5.86215], [120.52865, -5.86234], [120.52866, -5.86251], [120.52869, -5.86264], [120.5288, -5.86272], [120.52892, -5.86276], [120.52905, -5.86282], [120.52912, -5.86295], [120.52917, -5.86302], [120.52926, -5.86309], [120.52938, -5.86316], [120.52941, -5.86327], [120.52944, -5.86341], [120.52943, -5.86353], [120.52949, -5.86361], [120.52961, -5.86361], [120.52972, -5.86364], [120.52978, -5.86374], [120.52986, -5.86381], [120.52998, -5.86388], [120.5301, -5.86397], [120.53012, -5.86402], [120.53008, -5.86413], [120.53005, -5.86416], [120.53008, -5.86424], [120.53007, -5.86431], [120.53003, -5.86436], [120.53004, -5.86449], [120.53013, -5.86456], [120.5301, -5.86459], [120.53008, -5.86467], [120.53001, -5.8647], [120.53, -5.86482], [120.53004, -5.86491], [120.53009, -5.86491], [120.53009, -5.86492], [120.53018, -5.86493], [120.53018, -5.86512], [120.53022, -5.86522], [120.53026, -5.86537], [120.53018, -5.86548], [120.53025, -5.86558], [120.53033, -5.86563], [120.5304, -5.86569], [120.53054, -5.86568], [120.53069, -5.86575], [120.53083, -5.86583], [120.53095, -5.86592], [120.53109, -5.86611], [120.53112, -5.86623], [120.53112, -5.86633], [120.53101, -5.86648], [120.53103, -5.86662], [120.53101, -5.86682], [120.53105, -5.86695], [120.53112, -5.86706], [120.53112, -5.86724], [120.5311, -5.86738], [120.53119, -5.86748], [120.53124, -5.86756], [120.53128, -5.86761], [120.53137, -5.86762], [120.53139, -5.86766], [120.53146, -5.86785], [120.5315, -5.86795], [120.53146, -5.868], [120.53139, -5.86801], [120.53139, -5.86808], [120.53152, -5.8683], [120.53151, -5.8683], [120.53153, -5.86836], [120.53158, -5.86837], [120.53158, -5.86837], [120.53162, -5.86853], [120.53159, -5.86858], [120.53163, -5.8687], [120.53167, -5.86871], [120.53169, -5.8688], [120.53163, -5.86882], [120.53169, -5.86893], [120.53169, -5.86903], [120.53172, -5.86911], [120.53172, -5.86911], [120.53174, -5.86916], [120.53173, -5.86919], [120.53168, -5.86927], [120.53178, -5.86933], [120.53188, -5.86943], [120.53198, -5.86946], [120.53209, -5.86951], [120.53222, -5.86951], [120.53225, -5.86955], [120.53224, -5.86957], [120.53225, -5.8696], [120.53221, -5.86972], [120.53229, -5.86985], [120.53229, -5.86995], [120.53232, -5.87008], [120.53242, -5.87016], [120.5325, -5.87024], [120.53261, -5.87033], [120.53271, -5.87049], [120.53288, -5.87056], [120.53299, -5.87086], [120.53297, -5.87101], [120.53279, -5.87111], [120.53268, -5.87115], [120.53256, -5.8711], [120.53252, -5.87116], [120.53253, -5.87129], [120.53253, -5.8715], [120.53253, -5.87169], [120.53254, -5.87197], [120.53256, -5.8721], [120.53264, -5.87216], [120.5327, -5.87219], [120.53273, -5.87232], [120.53276, -5.87251], [120.53279, -5.87261], [120.53272, -5.87273], [120.53279, -5.8728], [120.53273, -5.87291], [120.53264, -5.87291], [120.5326, -5.87298], [120.53272, -5.873], [120.53286, -5.87306], [120.53293, -5.87308], [120.53295, -5.87326], [120.51557, -5.87326], [120.51529, -5.87321], [120.4874, -5.87321], [120.48765, -5.87111], [120.48775, -5.8703], [120.48773, -5.86988], [120.48769, -5.86927], [120.48763, -5.8683]]]}}, {"type": "Feature", "properties": {"id": "040.009.BONTOTANGNGA", "nmkec": "Bontoharu", "nmdesa": "Bontotangnga", "kdkec": "040", "kddesa": "009", "dominan": "kelapa", "total_ha": 268.4}, "geometry": {"type": "Polygon", "coordinates": [[[120.46509, -6.19993], [120.46324, -6.20192], [120.4627, -6.20242], [120.4627, -6.20242], [120.4627, -6.20242], [120.46139, -6.20213], [120.46102, -6.20205], [120.46048, -6.20192], [120.45869, -6.20153], [120.45821, -6.20142], [120.45789, -6.20136], [120.45726, -6.20121], [120.45725, -6.20121], [120.45714, -6.20119], [120.45698, -6.20115], [120.45636, -6.20102], [120.45612, -6.20096], [120.45589, -6.20091], [120.45563, -6.20086], [120.45526, -6.20077], [120.45472, -6.20065], [120.45466, -6.20064], [120.45423, -6.20054], [120.4541, -6.20051], [120.45371, -6.20043], [120.45305, -6.20028], [120.45288, -6.20024], [120.45273, -6.20021], [120.45197, -6.20004], [120.45196, -6.20004], [120.45148, -6.19993], [120.45086, -6.1998], [120.4502, -6.19965], [120.44987, -6.19958], [120.44928, -6.19945], [120.44848, -6.19927], [120.44839, -6.19925], [120.44791, -6.19914], [120.4475, -6.19905], [120.44717, -6.19898], [120.4471, -6.19896], [120.44701, -6.19893], [120.44605, -6.19865], [120.44536, -6.19844], [120.44528, -6.19842], [120.44512, -6.19837], [120.44512, -6.19837], [120.44509, -6.19838], [120.44451, -6.19856], [120.44445, -6.19861], [120.44445, -6.19861], [120.44444, -6.19851], [120.44442, -6.19848], [120.44432, -6.19831], [120.44421, -6.19815], [120.4441, -6.19806], [120.444, -6.19798], [120.44388, -6.19787], [120.44374, -6.1977], [120.44368, -6.19759], [120.44355, -6.19744], [120.44339, -6.1973], [120.4433, -6.1972], [120.44322, -6.19707], [120.4432, -6.19703], [120.44307, -6.19692], [120.443, -6.19685], [120.44292, -6.19679], [120.44289, -6.19673], [120.44292, -6.19666], [120.44289, -6.19661], [120.44287, -6.19657], [120.44287, -6.19657], [120.44287, -6.19657], [120.44286, -6.19656], [120.44282, -6.19644], [120.44284, -6.19639], [120.44282, -6.19634], [120.44278, -6.19628], [120.44277, -6.1962], [120.44277, -6.19614], [120.44277, -6.19611], [120.44277, -6.1961], [120.44277, -6.1961], [120.44278, -6.19606], [120.44276, -6.19598], [120.44272, -6.19591], [120.4427, -6.19589], [120.4427, -6.19588], [120.4427, -6.19588], [120.44263, -6.1958], [120.44261, -6.19564], [120.44259, -6.19554], [120.44266, -6.19544], [120.44263, -6.19532], [120.44262, -6.1952], [120.44262, -6.19518], [120.44268, -6.19507], [120.44269, -6.19499], [120.44271, -6.19498], [120.4427, -6.19495], [120.4427, -6.19495], [120.44283, -6.19461], [120.4441, -6.1913], [120.44738, -6.18279], [120.44786, -6.18153], [120.44793, -6.18141], [120.44794, -6.1814], [120.44825, -6.18073], [120.44825, -6.17852], [120.44825, -6.17844], [120.44829, -6.17832], [120.44834, -6.17806], [120.44834, -6.17773], [120.44859, -6.1777], [120.44878, -6.17778], [120.44888, -6.17813], [120.44905, -6.17822], [120.44926, -6.17825], [120.44954, -6.1783], [120.4497, -6.17831], [120.4497, -6.17831], [120.44969, -6.17821], [120.44955, -6.17732], [120.44929, -6.17563], [120.44851, -6.17508], [120.44822, -6.17242], [120.44902, -6.1714], [120.44884, -6.17044], [120.44815, -6.16973], [120.44806, -6.16942], [120.44796, -6.16894], [120.44658, -6.16772], [120.4463, -6.16731], [120.44743, -6.16731], [120.44805, -6.16774], [120.45033, -6.16772], [120.4504, -6.16773], [120.45387, -6.16859], [120.4556, -6.16942], [120.46189, -6.17363], [120.46154, -6.17734], [120.46148, -6.17795], [120.46283, -6.17801], [120.466, -6.17931], [120.47237, -6.18191], [120.4764, -6.18355], [120.47996, -6.18265], [120.48199, -6.18213], [120.48267, -6.18196], [120.48367, -6.18171], [120.48513, -6.18134], [120.487, -6.18086], [120.48835, -6.1832], [120.49111, -6.1832], [120.53127, -6.1832], [120.53133, -6.18327], [120.5313, -6.18336], [120.53126, -6.18346], [120.5312, -6.18351], [120.53114, -6.18351], [120.53109, -6.18351], [120.53108, -6.18352], [120.53086, -6.18366], [120.53071, -6.18385], [120.53064, -6.18402], [120.53061, -6.18432], [120.53061, -6.18447], [120.53053, -6.18453], [120.53054, -6.18456], [120.53054, -6.18456], [120.53054, -6.18456], [120.53054, -6.18461], [120.53054, -6.18473], [120.53043, -6.18494], [120.53039, -6.1851], [120.53021, -6.18518], [120.53018, -6.18525], [120.53002, -6.1853], [120.52997, -6.1854], [120.5299, -6.18542], [120.52969, -6.18559], [120.52962, -6.18571], [120.52946, -6.18578], [120.52938, -6.18589], [120.52926, -6.18595], [120.52918, -6.18601], [120.52916, -6.18634], [120.52912, -6.18651], [120.52913, -6.18678], [120.52904, -6.18682], [120.52901, -6.18701], [120.52895, -6.18722], [120.52889, -6.18753], [120.52885, -6.18768], [120.52876, -6.18803], [120.52872, -6.18814], [120.52875, -6.18819], [120.52875, -6.18829], [120.52869, -6.18837], [120.52878, -6.18867], [120.52885, -6.18876], [120.52893, -6.18878], [120.529, -6.18886], [120.52897, -6.18899], [120.52904, -6.18918], [120.52915, -6.18934], [120.52923, -6.18945], [120.52927, -6.1896], [120.52934, -6.18972], [120.5294, -6.18976], [120.52944, -6.18996], [120.52952, -6.18998], [120.52964, -6.19006], [120.52964, -6.1901], [120.52964, -6.1901], [120.52971, -6.19021], [120.52982, -6.19026], [120.52988, -6.1903], [120.52995, -6.19034], [120.53002, -6.19047], [120.53022, -6.19054], [120.53024, -6.19067], [120.53023, -6.19075], [120.53024, -6.19093], [120.53027, -6.19108], [120.5303, -6.19125], [120.53031, -6.19145], [120.53036, -6.19175], [120.53038, -6.19196], [120.53043, -6.19215], [120.53046, -6.19236], [120.53046, -6.1925], [120.53048, -6.19252], [120.53052, -6.1925], [120.53065, -6.19253], [120.53066, -6.19258], [120.53061, -6.1926], [120.53051, -6.19265], [120.53051, -6.19272], [120.53055, -6.19277], [120.53055, -6.19286], [120.5306, -6.19302], [120.53064, -6.19314], [120.5307, -6.19328], [120.53071, -6.19333], [120.53077, -6.19334], [120.53079, -6.19337], [120.53086, -6.19344], [120.53092, -6.19349], [120.53096, -6.19352], [120.53103, -6.19357], [120.5311, -6.19363], [120.53115, -6.19368], [120.53118, -6.19376], [120.53119, -6.19385], [120.53122, -6.19402], [120.5313, -6.19423], [120.53134, -6.1943], [120.53138, -6.19439], [120.53143, -6.19451], [120.53147, -6.19463], [120.53148, -6.19485], [120.53146, -6.19505], [120.53153, -6.19537], [120.53157, -6.19564], [120.53167, -6.1959], [120.53171, -6.19633], [120.53162, -6.19647], [120.53162, -6.19665], [120.5316, -6.19681], [120.53147, -6.19696], [120.53128, -6.19701], [120.53113, -6.19703], [120.53103, -6.19707], [120.53101, -6.19708], [120.53097, -6.19717], [120.53095, -6.19734], [120.53082, -6.1976], [120.53075, -6.19781], [120.53065, -6.19775], [120.53062, -6.19774], [120.53052, -6.19766], [120.53052, -6.19766], [120.53007, -6.1973], [120.52869, -6.19656], [120.52665, -6.19517], [120.52471, -6.19369], [120.52212, -6.1912], [120.51935, -6.1899], [120.51769, -6.19], [120.51667, -6.19092], [120.51598, -6.19176], [120.51491, -6.19305], [120.51353, -6.19536], [120.51288, -6.1973], [120.51186, -6.19785], [120.50983, -6.19813], [120.50798, -6.19905], [120.50715, -6.19979], [120.5071, -6.19983], [120.50632, -6.20044], [120.50622, -6.20136], [120.50549, -6.20229], [120.50452, -6.20266], [120.50382, -6.20294], [120.50343, -6.20277], [120.50317, -6.20266], [120.50279, -6.20227], [120.50234, -6.20183], [120.50012, -6.19896], [120.49922, -6.19799], [120.4968, -6.19536], [120.49502, -6.19523], [120.49421, -6.19517], [120.49264, -6.1936], [120.48977, -6.19305], [120.48916, -6.19308], [120.48916, -6.19308], [120.48865, -6.19312], [120.4874, -6.19319], [120.48681, -6.19323], [120.48507, -6.19443], [120.48506, -6.19443], [120.48256, -6.19453], [120.4809, -6.19458], [120.48041, -6.1946], [120.47862, -6.19466], [120.47731, -6.19471], [120.47731, -6.19442], [120.47572, -6.19188], [120.47308, -6.18956], [120.46912, -6.18735], [120.46616, -6.18629], [120.466, -6.18623], [120.466, -6.18624], [120.466, -6.19114], [120.466, -6.19115], [120.466, -6.1913], [120.466, -6.19541], [120.466, -6.19895], [120.46509, -6.19993]]]}}, {"type": "Feature", "properties": {"id": "010.004.MAJAPAHIT", "nmkec": "Pasimarannu", "nmdesa": "Majapahit", "kdkec": "010", "kddesa": "004", "dominan": "kelapa", "total_ha": 1671.4}, "geometry": {"type": "MultiPolygon", "coordinates": [[[[121.09518, -7.3665], [121.09547, -7.36986], [121.09548, -7.36986], [121.09608, -7.37265], [121.09609, -7.37266], [121.0961, -7.37268], [121.10014, -7.3836], [121.10067, -7.38588], [121.10085, -7.38941], [121.10296, -7.39328], [121.10369, -7.39416], [121.10369, -7.39417], [121.10314, -7.39451], [121.10223, -7.39484], [121.10182, -7.39537], [121.10094, -7.39587], [121.10071, -7.39643], [121.10048, -7.39684], [121.09983, -7.39734], [121.09937, -7.39749], [121.09875, -7.39753], [121.09825, -7.39732], [121.09813, -7.39721], [121.09761, -7.39709], [121.09748, -7.39701], [121.09613, -7.39625], [121.09527, -7.39567], [121.09321, -7.39349], [121.09238, -7.39267], [121.09108, -7.39151], [121.09013, -7.39007], [121.08951, -7.38946], [121.08899, -7.38944], [121.08848, -7.38909], [121.08804, -7.38859], [121.0876, -7.38824], [121.08722, -7.38816], [121.08657, -7.3876], [121.08616, -7.38746], [121.0861, -7.38746], [121.08545, -7.38711], [121.0848, -7.38688], [121.0843, -7.38677], [121.08342, -7.38648], [121.08274, -7.3864], [121.0823, -7.38634], [121.08172, -7.38634], [121.08136, -7.38602], [121.08086, -7.38597], [121.08042, -7.38582], [121.07983, -7.38574], [121.07933, -7.38545], [121.07936, -7.38515], [121.079, -7.38454], [121.07862, -7.38434], [121.07833, -7.38422], [121.07797, -7.38396], [121.07771, -7.38382], [121.07728, -7.3832], [121.07735, -7.38288], [121.07664, -7.38195], [121.07649, -7.38198], [121.07596, -7.38154], [121.07546, -7.3809], [121.07531, -7.38084], [121.07487, -7.38049], [121.07292, -7.37825], [121.07198, -7.37734], [121.07118, -7.37656], [121.07112, -7.37621], [121.07074, -7.376], [121.07041, -7.37603], [121.0703, -7.37624], [121.07012, -7.37606], [121.06991, -7.37604], [121.06988, -7.37615], [121.06959, -7.37595], [121.06941, -7.37595], [121.06918, -7.37575], [121.06924, -7.37566], [121.06882, -7.37554], [121.06853, -7.37563], [121.06777, -7.37561], [121.067, -7.37547], [121.06636, -7.37541], [121.06486, -7.37489], [121.064, -7.37458], [121.06336, -7.37414], [121.06283, -7.37379], [121.06191, -7.37347], [121.06097, -7.37281], [121.06016, -7.37152], [121.06038, -7.3712], [121.06029, -7.37097], [121.06051, -7.37076], [121.06083, -7.37059], [121.06113, -7.37059], [121.06134, -7.37052], [121.0615, -7.37046], [121.06173, -7.37036], [121.06194, -7.37031], [121.06214, -7.37017], [121.06252, -7.37017], [121.06289, -7.37015], [121.06321, -7.37021], [121.06365, -7.37026], [121.06397, -7.37028], [121.0644, -7.37022], [121.06483, -7.37021], [121.06515, -7.36995], [121.06548, -7.36987], [121.06575, -7.36989], [121.06618, -7.36972], [121.06639, -7.36987], [121.06672, -7.36979], [121.06695, -7.36964], [121.06734, -7.36962], [121.06763, -7.36958], [121.06808, -7.36956], [121.06838, -7.36971], [121.06863, -7.36981], [121.06879, -7.3699], [121.06902, -7.36993], [121.06928, -7.36995], [121.07011, -7.36973], [121.0714, -7.36988], [121.07165, -7.3699], [121.07195, -7.36985], [121.07196, -7.36985], [121.07231, -7.36974], [121.07261, -7.36971], [121.07325, -7.36967], [121.07367, -7.36954], [121.07394, -7.3694], [121.07414, -7.36924], [121.07448, -7.36897], [121.07478, -7.36875], [121.07586, -7.36765], [121.07616, -7.36722], [121.07647, -7.3669], [121.07679, -7.36653], [121.07715, -7.3662], [121.0775, -7.36591], [121.07779, -7.36567], [121.07808, -7.3654], [121.07917, -7.36442], [121.07937, -7.36428], [121.07955, -7.36415], [121.07961, -7.36401], [121.07976, -7.3636], [121.0801, -7.36345], [121.08011, -7.36345], [121.08035, -7.36343], [121.08063, -7.36333], [121.08112, -7.36299], [121.08153, -7.36286], [121.08183, -7.36284], [121.08186, -7.3628], [121.08192, -7.36262], [121.08197, -7.36236], [121.08202, -7.36213], [121.08208, -7.36187], [121.08209, -7.36175], [121.08222, -7.36128], [121.08237, -7.36084], [121.08247, -7.36048], [121.08251, -7.36013], [121.08252, -7.36007], [121.08254, -7.35969], [121.08258, -7.35923], [121.0826, -7.35909], [121.08261, -7.35903], [121.08272, -7.35876], [121.0828, -7.35845], [121.08286, -7.35833], [121.08287, -7.35833], [121.08284, -7.35838], [121.08315, -7.35841], [121.08315, -7.35841], [121.0833, -7.35843], [121.08345, -7.35845], [121.08367, -7.35849], [121.08373, -7.3585], [121.08373, -7.3585], [121.08375, -7.3585], [121.08403, -7.35856], [121.08427, -7.35858], [121.08427, -7.35858], [121.08428, -7.35858], [121.08488, -7.35868], [121.08488, -7.35868], [121.08489, -7.35868], [121.08536, -7.35876], [121.08536, -7.35876], [121.08567, -7.35881], [121.08583, -7.35884], [121.08599, -7.35886], [121.08649, -7.35894], [121.08648, -7.35921], [121.08648, -7.35921], [121.08648, -7.35921], [121.08672, -7.35929], [121.08672, -7.35929], [121.08675, -7.3593], [121.08681, -7.35933], [121.08732, -7.35951], [121.08763, -7.35965], [121.08809, -7.35975], [121.08823, -7.35977], [121.08836, -7.35979], [121.08867, -7.35984], [121.09144, -7.36014], [121.09144, -7.36014], [121.09223, -7.36024], [121.09327, -7.36033], [121.09372, -7.36041], [121.0951, -7.36056], [121.09581, -7.36063], [121.09524, -7.36316], [121.09522, -7.36437], [121.09518, -7.3665]]], [[[121.04719, -7.36871], [121.04723, -7.36875], [121.0473, -7.36875], [121.04738, -7.36882], [121.0474, -7.36887], [121.04748, -7.36886], [121.04749, -7.36892], [121.04755, -7.36893], [121.04771, -7.3691], [121.0477, -7.36914], [121.04785, -7.36912], [121.04788, -7.36915], [121.04793, -7.36916], [121.04807, -7.36927], [121.0482, -7.36931], [121.04821, -7.36938], [121.04821, -7.36943], [121.04831, -7.36943], [121.04831, -7.36949], [121.04839, -7.36951], [121.04849, -7.36963], [121.04854, -7.36971], [121.04863, -7.36977], [121.04871, -7.36982], [121.04877, -7.3698], [121.04882, -7.36985], [121.0489, -7.36991], [121.04896, -7.36992], [121.04901, -7.36996], [121.04901, -7.37002], [121.049, -7.37005], [121.04901, -7.37008], [121.04913, -7.37008], [121.04916, -7.37015], [121.04921, -7.37021], [121.0493, -7.37021], [121.04932, -7.37029], [121.04939, -7.37032], [121.04948, -7.37035], [121.04957, -7.37039], [121.04964, -7.37052], [121.04963, -7.37058], [121.04963, -7.37061], [121.04992, -7.37081], [121.04989, -7.37084], [121.04981, -7.37079], [121.04975, -7.37082], [121.0497, -7.3708], [121.04966, -7.3708], [121.04965, -7.37068], [121.0496, -7.37067], [121.04956, -7.37063], [121.0495, -7.37062], [121.04945, -7.37062], [121.0494, -7.3706], [121.04939, -7.37057], [121.04937, -7.37053], [121.04938, -7.37048], [121.04935, -7.37048], [121.04933, -7.37048], [121.04919, -7.37041], [121.04921, -7.37034], [121.04918, -7.37029], [121.04913, -7.37026], [121.0491, -7.37024], [121.04906, -7.37022], [121.04902, -7.37023], [121.04899, -7.37023], [121.04889, -7.3701], [121.04879, -7.37], [121.04867, -7.36995], [121.04859, -7.36988], [121.04847, -7.36984], [121.04832, -7.36981], [121.04815, -7.36968], [121.04801, -7.36957], [121.04784, -7.36957], [121.04775, -7.36941], [121.04766, -7.36937], [121.04761, -7.36928], [121.04751, -7.36926], [121.04738, -7.36909], [121.04721, -7.36897], [121.04714, -7.36895], [121.04699, -7.36887], [121.0469, -7.36885], [121.04677, -7.36878], [121.04669, -7.3687], [121.04665, -7.36859], [121.0467, -7.36852], [121.04663, -7.36847], [121.04654, -7.36833], [121.04661, -7.36832], [121.0467, -7.36835], [121.04679, -7.36843], [121.04684, -7.36849], [121.04691, -7.36856], [121.04703, -7.3686], [121.04712, -7.36864], [121.04717, -7.36863], [121.04719, -7.36871]]], [[[121.04159, -7.36651], [121.04152, -7.36625], [121.04153, -7.36608], [121.04156, -7.36585], [121.04162, -7.36565], [121.04171, -7.36565], [121.04171, -7.36555], [121.0416, -7.36549], [121.04161, -7.36542], [121.04157, -7.36526], [121.04151, -7.36519], [121.04134, -7.36497], [121.0412, -7.36477], [121.04119, -7.36456], [121.04123, -7.36445], [121.04134, -7.36438], [121.04147, -7.36428], [121.04161, -7.36422], [121.04184, -7.36416], [121.04196, -7.36411], [121.04208, -7.36398], [121.04219, -7.36399], [121.04228, -7.36401], [121.04244, -7.36409], [121.04252, -7.36411], [121.04255, -7.36409], [121.04264, -7.36408], [121.04271, -7.36411], [121.0428, -7.36409], [121.04287, -7.3641], [121.04303, -7.36421], [121.04306, -7.36426], [121.04316, -7.36429], [121.04317, -7.3643], [121.04318, -7.36434], [121.04326, -7.36442], [121.04333, -7.3644], [121.04338, -7.36443], [121.04353, -7.36439], [121.04361, -7.36438], [121.04371, -7.36434], [121.04378, -7.36436], [121.04381, -7.36439], [121.04415, -7.36449], [121.04427, -7.36458], [121.04486, -7.36483], [121.0449, -7.3649], [121.045, -7.36496], [121.04502, -7.36496], [121.04507, -7.36501], [121.04513, -7.365], [121.04525, -7.36506], [121.04538, -7.3651], [121.04539, -7.36512], [121.04545, -7.36513], [121.04549, -7.36524], [121.04552, -7.36534], [121.04553, -7.36544], [121.04547, -7.36552], [121.04537, -7.36571], [121.04518, -7.36591], [121.04497, -7.3661], [121.04496, -7.36627], [121.04503, -7.36638], [121.04498, -7.36668], [121.04501, -7.36683], [121.04508, -7.367], [121.04526, -7.36727], [121.04536, -7.36739], [121.04553, -7.36752], [121.04565, -7.36774], [121.04536, -7.36764], [121.04503, -7.36742], [121.04481, -7.36735], [121.04449, -7.36728], [121.04427, -7.3673], [121.04399, -7.36708], [121.04337, -7.36699], [121.04258, -7.36699], [121.04256, -7.367], [121.04255, -7.367], [121.04245, -7.36704], [121.04233, -7.36708], [121.04219, -7.36711], [121.04211, -7.36704], [121.04167, -7.36653], [121.04159, -7.36651]]]]}}, {"type": "Feature", "properties": {"id": "022.002.BONTOMALLING", "nmkec": "Pasimassunggu Timur", "nmdesa": "Bontomalling", "kdkec": "022", "kddesa": "002", "dominan": "kelapa", "total_ha": 900.2}, "geometry": {"type": "Polygon", "coordinates": [[[120.7704, -7.12472], [120.77031, -7.12537], [120.77009, -7.12731], [120.76983, -7.12766], [120.76967, -7.12828], [120.76957, -7.12849], [120.76944, -7.12901], [120.7693, -7.12989], [120.76918, -7.13063], [120.76911, -7.13124], [120.76882, -7.13179], [120.76834, -7.13307], [120.76821, -7.13334], [120.76796, -7.13387], [120.76788, -7.13424], [120.76785, -7.13457], [120.76779, -7.13465], [120.76772, -7.13474], [120.76759, -7.13486], [120.76747, -7.13492], [120.76735, -7.13506], [120.76724, -7.13524], [120.76708, -7.13534], [120.76707, -7.13543], [120.76695, -7.13559], [120.76667, -7.13557], [120.76652, -7.13531], [120.76639, -7.13511], [120.76626, -7.13515], [120.76616, -7.13505], [120.76604, -7.13505], [120.76589, -7.13485], [120.76569, -7.1347], [120.76557, -7.13447], [120.76534, -7.13427], [120.76512, -7.13428], [120.76479, -7.13414], [120.76467, -7.13409], [120.76459, -7.1339], [120.76455, -7.13367], [120.76441, -7.1335], [120.76426, -7.1333], [120.7641, -7.13318], [120.76397, -7.13311], [120.76391, -7.13291], [120.7638, -7.1328], [120.76374, -7.13265], [120.76364, -7.13255], [120.76357, -7.13238], [120.7635, -7.1322], [120.76357, -7.13206], [120.76354, -7.13187], [120.76353, -7.13162], [120.7635, -7.13152], [120.76347, -7.13145], [120.7635, -7.13118], [120.76339, -7.13127], [120.76334, -7.13143], [120.76329, -7.13166], [120.76317, -7.13179], [120.76313, -7.13186], [120.76305, -7.13189], [120.76303, -7.13196], [120.76298, -7.13198], [120.76286, -7.13203], [120.76263, -7.13206], [120.76254, -7.13208], [120.76237, -7.13212], [120.76223, -7.13215], [120.76216, -7.13216], [120.76201, -7.13214], [120.76186, -7.13215], [120.7618, -7.13214], [120.76172, -7.1321], [120.76165, -7.13209], [120.76168, -7.13217], [120.76176, -7.1322], [120.76182, -7.13221], [120.76188, -7.13236], [120.76188, -7.13249], [120.76174, -7.13258], [120.76164, -7.13252], [120.76151, -7.13241], [120.76129, -7.13241], [120.76121, -7.13233], [120.76132, -7.13217], [120.76137, -7.13203], [120.76132, -7.13196], [120.76109, -7.13211], [120.76062, -7.1321], [120.76029, -7.1319], [120.76019, -7.13187], [120.76013, -7.13185], [120.76, -7.13178], [120.75988, -7.13162], [120.75971, -7.13147], [120.75968, -7.13153], [120.75971, -7.13169], [120.75979, -7.13189], [120.75973, -7.13205], [120.75964, -7.1322], [120.75961, -7.13237], [120.75952, -7.13252], [120.75939, -7.13263], [120.7594, -7.13276], [120.75948, -7.13288], [120.75953, -7.13301], [120.75954, -7.13317], [120.75958, -7.13332], [120.75957, -7.13349], [120.75956, -7.1337], [120.75958, -7.13381], [120.7596, -7.13395], [120.75963, -7.13386], [120.75973, -7.13387], [120.7598, -7.13401], [120.75976, -7.13409], [120.75965, -7.13415], [120.75952, -7.13417], [120.75958, -7.13423], [120.75964, -7.13432], [120.75975, -7.1343], [120.75981, -7.13428], [120.75979, -7.1344], [120.75978, -7.13453], [120.75965, -7.13455], [120.7596, -7.1345], [120.75952, -7.13442], [120.75952, -7.13452], [120.75937, -7.13455], [120.75928, -7.13468], [120.75931, -7.13472], [120.75934, -7.13487], [120.75927, -7.13488], [120.75918, -7.13479], [120.75914, -7.13482], [120.75903, -7.13492], [120.75893, -7.135], [120.75892, -7.13512], [120.75889, -7.1352], [120.75879, -7.13523], [120.75863, -7.13533], [120.75852, -7.13543], [120.75835, -7.13549], [120.75816, -7.13555], [120.75795, -7.13552], [120.75787, -7.13549], [120.75778, -7.13542], [120.7577, -7.13553], [120.75767, -7.13556], [120.75744, -7.13573], [120.75728, -7.13569], [120.75718, -7.1357], [120.75708, -7.13573], [120.75691, -7.1358], [120.75673, -7.13582], [120.7566, -7.13576], [120.75659, -7.13563], [120.75666, -7.13559], [120.75664, -7.13548], [120.75651, -7.13548], [120.75651, -7.13562], [120.75641, -7.1357], [120.75628, -7.13565], [120.75618, -7.13557], [120.7561, -7.13543], [120.75603, -7.13534], [120.75594, -7.13514], [120.7559, -7.13516], [120.75571, -7.13517], [120.75557, -7.13508], [120.75548, -7.13496], [120.75537, -7.1348], [120.75535, -7.13486], [120.75527, -7.13492], [120.75519, -7.1349], [120.75516, -7.1348], [120.7551, -7.13484], [120.755, -7.13478], [120.75498, -7.13468], [120.75488, -7.13467], [120.75475, -7.13465], [120.75475, -7.13458], [120.75469, -7.13457], [120.75469, -7.13449], [120.7547, -7.13442], [120.75466, -7.13432], [120.75463, -7.13438], [120.75456, -7.13444], [120.7545, -7.13451], [120.75446, -7.1344], [120.75444, -7.1343], [120.75437, -7.13425], [120.7543, -7.13421], [120.75424, -7.13413], [120.7542, -7.13406], [120.75413, -7.13399], [120.7541, -7.13396], [120.7541, -7.13401], [120.75376, -7.13403], [120.75371, -7.13393], [120.75371, -7.13379], [120.75376, -7.13367], [120.75373, -7.13342], [120.75377, -7.13328], [120.75401, -7.13319], [120.75407, -7.13305], [120.75425, -7.13288], [120.75447, -7.13286], [120.75447, -7.13282], [120.75427, -7.13275], [120.75426, -7.13256], [120.7542, -7.13244], [120.75414, -7.13227], [120.75405, -7.13215], [120.75401, -7.13203], [120.75402, -7.1319], [120.75412, -7.13184], [120.75409, -7.13183], [120.75399, -7.1318], [120.75397, -7.13173], [120.75392, -7.13164], [120.75394, -7.13156], [120.75392, -7.13145], [120.75392, -7.13139], [120.75401, -7.13134], [120.75412, -7.13122], [120.75425, -7.1312], [120.75436, -7.1312], [120.75447, -7.13122], [120.75454, -7.13114], [120.75459, -7.13108], [120.75465, -7.131], [120.7548, -7.13095], [120.75492, -7.13092], [120.75505, -7.13082], [120.75512, -7.13075], [120.75527, -7.13069], [120.75554, -7.13055], [120.75595, -7.13038], [120.75641, -7.13037], [120.75686, -7.13051], [120.75725, -7.13087], [120.75755, -7.13102], [120.75814, -7.13107], [120.75856, -7.13098], [120.75852, -7.13085], [120.75833, -7.13073], [120.75813, -7.13064], [120.75785, -7.13047], [120.75749, -7.13039], [120.75723, -7.1304], [120.75674, -7.13025], [120.75629, -7.13015], [120.75609, -7.13014], [120.75582, -7.13009], [120.75557, -7.13008], [120.75507, -7.13021], [120.75477, -7.13032], [120.75448, -7.13031], [120.7542, -7.13039], [120.75392, -7.13039], [120.7538, -7.13038], [120.75345, -7.13039], [120.75313, -7.13039], [120.75299, -7.13023], [120.75282, -7.13011], [120.75271, -7.13005], [120.75248, -7.13005], [120.75225, -7.12991], [120.75207, -7.12998], [120.75195, -7.12982], [120.75182, -7.12988], [120.75156, -7.12991], [120.75159, -7.12979], [120.75167, -7.12966], [120.75146, -7.12958], [120.75109, -7.12968], [120.75095, -7.12973], [120.75083, -7.12973], [120.75065, -7.12963], [120.75036, -7.12961], [120.75002, -7.12955], [120.7498, -7.12953], [120.74945, -7.12953], [120.74938, -7.12935], [120.74924, -7.12957], [120.74901, -7.12944], [120.74891, -7.12936], [120.74858, -7.1295], [120.74857, -7.12971], [120.74804, -7.12999], [120.74791, -7.13036], [120.74769, -7.13047], [120.74762, -7.13052], [120.74752, -7.13075], [120.74737, -7.13064], [120.74721, -7.1307], [120.74704, -7.13039], [120.74675, -7.13036], [120.74649, -7.13031], [120.74661, -7.13005], [120.74668, -7.1299], [120.74631, -7.12974], [120.74585, -7.12945], [120.74514, -7.12862], [120.74414, -7.12908], [120.74357, -7.12928], [120.74294, -7.12944], [120.74237, -7.12975], [120.74227, -7.13013], [120.74217, -7.13104], [120.74132, -7.13172], [120.73928, -7.13239], [120.73947, -7.12504], [120.73957, -7.12161], [120.74045, -7.11752], [120.74313, -7.10965], [120.74448, -7.10598], [120.74478, -7.10293], [120.7591, -7.10296], [120.76853, -7.10239], [120.77718, -7.10442], [120.77688, -7.10561], [120.77637, -7.10748], [120.77613, -7.10895], [120.77601, -7.10947], [120.77565, -7.11109], [120.77538, -7.11158], [120.77542, -7.11179], [120.77525, -7.11269], [120.77498, -7.11378], [120.77471, -7.11446], [120.77429, -7.1157], [120.77388, -7.11686], [120.77387, -7.11724], [120.77371, -7.1175], [120.77367, -7.11764], [120.77375, -7.11778], [120.77368, -7.11784], [120.77351, -7.11788], [120.7735, -7.11815], [120.77324, -7.11816], [120.77302, -7.11812], [120.7728, -7.11806], [120.77261, -7.11811], [120.77257, -7.11829], [120.77286, -7.11842], [120.77298, -7.11857], [120.77293, -7.1187], [120.77266, -7.11877], [120.77252, -7.11898], [120.77227, -7.11979], [120.77202, -7.12096], [120.77196, -7.12128], [120.77176, -7.1223], [120.7716, -7.12293], [120.77156, -7.1231], [120.77135, -7.12327], [120.77105, -7.12346], [120.77097, -7.1235], [120.77082, -7.12358], [120.77062, -7.12423], [120.7704, -7.12472]]]}}, {"type": "Feature", "properties": {"id": "040.002.BONTOLEBANG", "nmkec": "Bontoharu", "nmdesa": "Bontolebang", "kdkec": "040", "kddesa": "002", "dominan": "kelapa", "total_ha": 2325.3}, "geometry": {"type": "Polygon", "coordinates": [[[120.42196, -6.1159], [120.42207, -6.11596], [120.42222, -6.11592], [120.4226, -6.11538], [120.42277, -6.11457], [120.42292, -6.11413], [120.42303, -6.11379], [120.42326, -6.11315], [120.42337, -6.11285], [120.42349, -6.1125], [120.42357, -6.11233], [120.42368, -6.11203], [120.42377, -6.1118], [120.42379, -6.11162], [120.42391, -6.11152], [120.42403, -6.11133], [120.42403, -6.11114], [120.42423, -6.11079], [120.4244, -6.11044], [120.42463, -6.11005], [120.42472, -6.10975], [120.42479, -6.10969], [120.42482, -6.10944], [120.42503, -6.10923], [120.42514, -6.1091], [120.42521, -6.10898], [120.42527, -6.10874], [120.42555, -6.1085], [120.4259, -6.10815], [120.42614, -6.10802], [120.42651, -6.10768], [120.42696, -6.10724], [120.42723, -6.10694], [120.42744, -6.1067], [120.4276, -6.10652], [120.42778, -6.10641], [120.42817, -6.106], [120.42844, -6.10582], [120.42884, -6.10557], [120.42934, -6.10558], [120.42944, -6.10575], [120.42975, -6.10583], [120.4303, -6.10594], [120.43048, -6.10595], [120.43067, -6.10597], [120.43112, -6.10593], [120.43178, -6.106], [120.43208, -6.10609], [120.43234, -6.10625], [120.43255, -6.10646], [120.43269, -6.10675], [120.43271, -6.10742], [120.43279, -6.10783], [120.43277, -6.1081], [120.4328, -6.10828], [120.43277, -6.10874], [120.43272, -6.10961], [120.43264, -6.11007], [120.4326, -6.11051], [120.43238, -6.11066], [120.43229, -6.11062], [120.43223, -6.11062], [120.43184, -6.1105], [120.43176, -6.11055], [120.43156, -6.11053], [120.43135, -6.11071], [120.43104, -6.11101], [120.4308, -6.11117], [120.43061, -6.11129], [120.43047, -6.11145], [120.43038, -6.11154], [120.43027, -6.11161], [120.43002, -6.11191], [120.42986, -6.11277], [120.42958, -6.11335], [120.43004, -6.11366], [120.42983, -6.11398], [120.42961, -6.1141], [120.42931, -6.11406], [120.42921, -6.11432], [120.42904, -6.1144], [120.42903, -6.11448], [120.42891, -6.11445], [120.42884, -6.11462], [120.42886, -6.11482], [120.42872, -6.11489], [120.42873, -6.11505], [120.42867, -6.11519], [120.4286, -6.11522], [120.42856, -6.11528], [120.4286, -6.11534], [120.42855, -6.11544], [120.42847, -6.11544], [120.42845, -6.11556], [120.42828, -6.11603], [120.42814, -6.11603], [120.42808, -6.11597], [120.42809, -6.11612], [120.42821, -6.11618], [120.42813, -6.11645], [120.42801, -6.11648], [120.42805, -6.11656], [120.42816, -6.1166], [120.42807, -6.11663], [120.4281, -6.1167], [120.42815, -6.11677], [120.42817, -6.11697], [120.42808, -6.11713], [120.42799, -6.11732], [120.42794, -6.11736], [120.42803, -6.11745], [120.42791, -6.11751], [120.42774, -6.11752], [120.4276, -6.11774], [120.42765, -6.11776], [120.42773, -6.11787], [120.4278, -6.118], [120.4279, -6.11808], [120.42785, -6.11818], [120.42781, -6.11826], [120.42777, -6.11829], [120.42774, -6.11856], [120.42766, -6.11859], [120.42753, -6.11848], [120.42749, -6.11841], [120.42749, -6.1186], [120.42741, -6.11863], [120.42752, -6.11863], [120.42763, -6.11869], [120.42753, -6.11876], [120.42745, -6.11878], [120.42755, -6.11885], [120.42746, -6.11893], [120.42748, -6.1191], [120.42743, -6.11919], [120.42733, -6.11917], [120.42731, -6.11932], [120.42729, -6.11948], [120.42722, -6.11956], [120.42705, -6.11969], [120.42693, -6.11968], [120.42688, -6.11974], [120.42683, -6.11974], [120.42679, -6.1198], [120.42651, -6.11984], [120.42643, -6.11988], [120.4263, -6.11989], [120.42623, -6.11994], [120.42601, -6.1199], [120.42594, -6.11992], [120.42589, -6.11983], [120.42572, -6.11978], [120.42576, -6.11996], [120.42578, -6.12004], [120.42583, -6.12015], [120.42569, -6.1203], [120.42562, -6.12038], [120.42554, -6.12039], [120.42541, -6.12045], [120.42537, -6.12059], [120.42526, -6.12067], [120.42516, -6.12075], [120.42506, -6.12076], [120.42497, -6.1208], [120.42484, -6.12096], [120.42475, -6.12107], [120.42463, -6.12128], [120.42441, -6.12139], [120.4243, -6.12157], [120.42436, -6.12174], [120.42423, -6.12176], [120.42417, -6.12197], [120.42403, -6.12211], [120.42398, -6.12217], [120.42378, -6.12216], [120.4236, -6.12224], [120.42342, -6.12221], [120.42321, -6.1218], [120.42312, -6.12157], [120.42319, -6.12123], [120.423, -6.12111], [120.4229, -6.12096], [120.42269, -6.12072], [120.42291, -6.12065], [120.42291, -6.12055], [120.42266, -6.12055], [120.4226, -6.12039], [120.4224, -6.12032], [120.42231, -6.12023], [120.42228, -6.12021], [120.4221, -6.12012], [120.42198, -6.12009], [120.42199, -6.12028], [120.42203, -6.12038], [120.42196, -6.12055], [120.42191, -6.12067], [120.42189, -6.12085], [120.42171, -6.12089], [120.42154, -6.12096], [120.42136, -6.12084], [120.42126, -6.12099], [120.42132, -6.1212], [120.42127, -6.12132], [120.42114, -6.12154], [120.42096, -6.12146], [120.42087, -6.12164], [120.42075, -6.12194], [120.42057, -6.12205], [120.42032, -6.12221], [120.42022, -6.12226], [120.42008, -6.12226], [120.42011, -6.12244], [120.4202, -6.12255], [120.42013, -6.12257], [120.42015, -6.12265], [120.42, -6.12279], [120.42002, -6.12292], [120.41991, -6.123], [120.41977, -6.12315], [120.4196, -6.12326], [120.41947, -6.1233], [120.41931, -6.12329], [120.41916, -6.12343], [120.41947, -6.12387], [120.41953, -6.12416], [120.41973, -6.1245], [120.41977, -6.12477], [120.42005, -6.1254], [120.42011, -6.12571], [120.42024, -6.12594], [120.42044, -6.12614], [120.42053, -6.12643], [120.42058, -6.12658], [120.42064, -6.12671], [120.42068, -6.12695], [120.4208, -6.12733], [120.4208, -6.12759], [120.42099, -6.12797], [120.42092, -6.12816], [120.42104, -6.12829], [120.42118, -6.12858], [120.42132, -6.12874], [120.42144, -6.12884], [120.42144, -6.12901], [120.42151, -6.12918], [120.42143, -6.12946], [120.42138, -6.12947], [120.42137, -6.12964], [120.42131, -6.13008], [120.42132, -6.13034], [120.42115, -6.13038], [120.42106, -6.13058], [120.42106, -6.13084], [120.42097, -6.1311], [120.4211, -6.13129], [120.42109, -6.13142], [120.42117, -6.13152], [120.42113, -6.13184], [120.42098, -6.13197], [120.42085, -6.1322], [120.40674, -6.12863], [120.40656, -6.12858], [120.40636, -6.12853], [120.40632, -6.12841], [120.40635, -6.12823], [120.40649, -6.12803], [120.40657, -6.12792], [120.4067, -6.12791], [120.40687, -6.1277], [120.40693, -6.12765], [120.40714, -6.12749], [120.40727, -6.12755], [120.40732, -6.1271], [120.40741, -6.12673], [120.40758, -6.1262], [120.40766, -6.12596], [120.40751, -6.12563], [120.40754, -6.1254], [120.40775, -6.12527], [120.40803, -6.12509], [120.40807, -6.12492], [120.40817, -6.12466], [120.40828, -6.1243], [120.40839, -6.12385], [120.4085, -6.1234], [120.4086, -6.12297], [120.40859, -6.12275], [120.40891, -6.12258], [120.40905, -6.1225], [120.40931, -6.12242], [120.40939, -6.12229], [120.40975, -6.12201], [120.41004, -6.12177], [120.41034, -6.12162], [120.4106, -6.1214], [120.41094, -6.1211], [120.41109, -6.12095], [120.41133, -6.12076], [120.41164, -6.12049], [120.41181, -6.12036], [120.41195, -6.12025], [120.4123, -6.12004], [120.41234, -6.11946], [120.41253, -6.11864], [120.41258, -6.11772], [120.41307, -6.11742], [120.41313, -6.11738], [120.41353, -6.11715], [120.41381, -6.11643], [120.41385, -6.11596], [120.41412, -6.11576], [120.41435, -6.11554], [120.41445, -6.11526], [120.4147, -6.115], [120.41481, -6.11502], [120.4151, -6.11494], [120.41542, -6.11505], [120.41566, -6.11508], [120.41613, -6.11514], [120.41635, -6.11512], [120.41664, -6.11516], [120.41701, -6.11469], [120.41716, -6.11451], [120.41847, -6.11398], [120.42005, -6.11345], [120.421, -6.11377], [120.42096, -6.11402], [120.42048, -6.11401], [120.42013, -6.11452], [120.42028, -6.11537], [120.42033, -6.11625], [120.42063, -6.1162], [120.42118, -6.11608], [120.42131, -6.11616], [120.42189, -6.11603], [120.42196, -6.1159]]]}}, {"type": "Feature", "properties": {"id": "010.005.BATU_BINGKUNG", "nmkec": "Pasimarannu", "nmdesa": "Batu Bingkung", "kdkec": "010", "kddesa": "005", "dominan": "kelapa", "total_ha": 2272.7}, "geometry": {"type": "Polygon", "coordinates": [[[121.13465, -7.35859], [121.13342, -7.36264], [121.13347, -7.3649], [121.13358, -7.37012], [121.13358, -7.37022], [121.13359, -7.37087], [121.13289, -7.3718], [121.13323, -7.38017], [121.13322, -7.38017], [121.13314, -7.38017], [121.13305, -7.38018], [121.13299, -7.38018], [121.13288, -7.38024], [121.13275, -7.38031], [121.13233, -7.38052], [121.13208, -7.38059], [121.13162, -7.38071], [121.13127, -7.38081], [121.13109, -7.38101], [121.1308, -7.38134], [121.13063, -7.38153], [121.13055, -7.3816], [121.13046, -7.38167], [121.13038, -7.38173], [121.12989, -7.38208], [121.12977, -7.38217], [121.12968, -7.38223], [121.12961, -7.38227], [121.12957, -7.38229], [121.12942, -7.3823], [121.12924, -7.38232], [121.12894, -7.38235], [121.12879, -7.38237], [121.12858, -7.38239], [121.12841, -7.38241], [121.12817, -7.38243], [121.12784, -7.38247], [121.12768, -7.38248], [121.12744, -7.3825], [121.12731, -7.38251], [121.12711, -7.38253], [121.12692, -7.38255], [121.12673, -7.38257], [121.12658, -7.38258], [121.12643, -7.38259], [121.1263, -7.38259], [121.126, -7.38257], [121.12584, -7.38255], [121.12546, -7.38253], [121.12523, -7.38251], [121.12508, -7.38257], [121.12462, -7.38275], [121.1245, -7.38281], [121.12437, -7.38286], [121.12422, -7.38292], [121.12404, -7.383], [121.12376, -7.38312], [121.12355, -7.38321], [121.12348, -7.38324], [121.12335, -7.38331], [121.12323, -7.38337], [121.12299, -7.3835], [121.12283, -7.38359], [121.12267, -7.38367], [121.12255, -7.38374], [121.12239, -7.38383], [121.12226, -7.38391], [121.12195, -7.38409], [121.12161, -7.38429], [121.12145, -7.38438], [121.12139, -7.38446], [121.12132, -7.38454], [121.12121, -7.38467], [121.12114, -7.38475], [121.12104, -7.38487], [121.12094, -7.38499], [121.12082, -7.38513], [121.12078, -7.38518], [121.12065, -7.38529], [121.1205, -7.38541], [121.12043, -7.38547], [121.12031, -7.38553], [121.12021, -7.38559], [121.12007, -7.38566], [121.1199, -7.38574], [121.11973, -7.38583], [121.11964, -7.38577], [121.11953, -7.38582], [121.11944, -7.38586], [121.11938, -7.38593], [121.11919, -7.38617], [121.11902, -7.38639], [121.11894, -7.38649], [121.1189, -7.38653], [121.1187, -7.38678], [121.11868, -7.38681], [121.11861, -7.38696], [121.11848, -7.38724], [121.11823, -7.38725], [121.11801, -7.38742], [121.11792, -7.38753], [121.1178, -7.38768], [121.1176, -7.38793], [121.11748, -7.38814], [121.11745, -7.38825], [121.1171, -7.38852], [121.11699, -7.3886], [121.11637, -7.38866], [121.11628, -7.38872], [121.11599, -7.38889], [121.11566, -7.3891], [121.11549, -7.38919], [121.11493, -7.38947], [121.11459, -7.38963], [121.11415, -7.38985], [121.11389, -7.39001], [121.11382, -7.39006], [121.11318, -7.39052], [121.11291, -7.39063], [121.11216, -7.39088], [121.11183, -7.39094], [121.11138, -7.39098], [121.11061, -7.39104], [121.10986, -7.39109], [121.10928, -7.39114], [121.10872, -7.39129], [121.10834, -7.39143], [121.10796, -7.39156], [121.10757, -7.39165], [121.10718, -7.3918], [121.10644, -7.3922], [121.10614, -7.39241], [121.10563, -7.3928], [121.10545, -7.39294], [121.10535, -7.39301], [121.10477, -7.3934], [121.10435, -7.3938], [121.10427, -7.39381], [121.10396, -7.39401], [121.10376, -7.39413], [121.10369, -7.39416], [121.10369, -7.39416], [121.10085, -7.38941], [121.10014, -7.3836], [121.09609, -7.37266], [121.09548, -7.36986], [121.09518, -7.3665], [121.09524, -7.36316], [121.09592, -7.36024], [121.09635, -7.35949], [121.09759, -7.35848], [121.09738, -7.35712], [121.0969, -7.35498], [121.10017, -7.34622], [121.10437, -7.338], [121.10891, -7.32406], [121.10895, -7.32391], [121.11106, -7.31916], [121.111, -7.31793], [121.11131, -7.31775], [121.11172, -7.31742], [121.11204, -7.31717], [121.11249, -7.31707], [121.11259, -7.31662], [121.11313, -7.31634], [121.11372, -7.31605], [121.11393, -7.31615], [121.11429, -7.31616], [121.11474, -7.31604], [121.11473, -7.31572], [121.11461, -7.31538], [121.11432, -7.31508], [121.11375, -7.31496], [121.11329, -7.31508], [121.11279, -7.31526], [121.11163, -7.31554], [121.11094, -7.31556], [121.11134, -7.31515], [121.11191, -7.315], [121.11243, -7.31494], [121.11297, -7.31478], [121.11347, -7.31459], [121.11409, -7.31443], [121.1147, -7.3145], [121.11516, -7.31479], [121.1155, -7.31514], [121.11562, -7.31567], [121.11643, -7.31676], [121.11683, -7.31713], [121.11701, -7.31729], [121.11787, -7.3179], [121.11878, -7.31831], [121.11928, -7.31858], [121.11985, -7.31886], [121.12033, -7.31922], [121.1209, -7.31948], [121.12135, -7.31969], [121.12216, -7.32013], [121.12286, -7.32033], [121.12344, -7.32036], [121.12497, -7.3206], [121.12551, -7.32078], [121.12612, -7.32094], [121.12664, -7.3214], [121.12702, -7.32189], [121.1273, -7.32245], [121.12791, -7.3231], [121.12846, -7.32351], [121.12887, -7.32388], [121.12927, -7.32432], [121.12942, -7.32546], [121.12937, -7.32594], [121.12924, -7.32654], [121.12941, -7.32711], [121.1294, -7.32775], [121.12948, -7.32845], [121.12976, -7.33027], [121.12963, -7.33075], [121.12955, -7.33128], [121.12956, -7.33177], [121.1293, -7.33204], [121.12911, -7.33234], [121.12909, -7.33299], [121.12927, -7.33365], [121.12943, -7.33425], [121.12976, -7.33485], [121.13005, -7.33537], [121.13038, -7.33581], [121.13136, -7.3368], [121.13193, -7.3373], [121.13393, -7.33853], [121.13449, -7.33874], [121.13629, -7.33957], [121.13699, -7.33962], [121.13788, -7.33952], [121.13844, -7.33939], [121.14004, -7.33908], [121.14124, -7.33901], [121.14204, -7.33898], [121.14029, -7.34539], [121.13566, -7.35418], [121.13465, -7.35859]]]}}, {"type": "Feature", "properties": {"id": "020.009.BONTOSAILE", "nmkec": "Pasimassunggu", "nmdesa": "Bontosaile", "kdkec": "020", "kddesa": "009", "dominan": "kelapa", "total_ha": 2435.2}, "geometry": {"type": "Polygon", "coordinates": [[[120.68597, -7.04876], [120.686, -7.04875], [120.68646, -7.049], [120.6868, -7.0493], [120.6871, -7.0496], [120.68741, -7.04981], [120.68794, -7.05002], [120.68849, -7.05031], [120.68851, -7.05031], [120.6885, -7.05032], [120.67281, -7.0697], [120.67281, -7.06971], [120.67281, -7.06971], [120.67277, -7.06963], [120.66966, -7.06516], [120.66878, -7.06395], [120.66853, -7.0636], [120.66791, -7.06275], [120.66526, -7.0591], [120.6643, -7.058], [120.66147, -7.05478], [120.66059, -7.0539], [120.65897, -7.05228], [120.65776, -7.05107], [120.65655, -7.04955], [120.6563, -7.049], [120.65544, -7.04713], [120.64702, -7.03476], [120.64661, -7.03455], [120.64619, -7.03445], [120.64614, -7.03332], [120.64597, -7.02983], [120.64593, -7.02983], [120.64592, -7.02976], [120.64588, -7.02894], [120.6464, -7.02873], [120.64663, -7.02659], [120.64663, -7.02659], [120.64681, -7.02489], [120.64754, -7.01886], [120.64765, -7.01252], [120.64768, -7.0114], [120.64769, -7.0114], [120.64781, -7.01138], [120.64812, -7.01141], [120.64842, -7.01152], [120.64846, -7.01159], [120.64847, -7.01159], [120.6485, -7.01159], [120.64854, -7.01177], [120.64897, -7.01206], [120.64986, -7.01241], [120.65073, -7.01295], [120.65129, -7.01382], [120.65165, -7.01424], [120.65177, -7.01472], [120.65204, -7.0147], [120.65235, -7.01474], [120.65257, -7.015], [120.65312, -7.01518], [120.65336, -7.01505], [120.65373, -7.01539], [120.65497, -7.01627], [120.65506, -7.01682], [120.65544, -7.01754], [120.65602, -7.01765], [120.6564, -7.01792], [120.65718, -7.01843], [120.65748, -7.01889], [120.65774, -7.02016], [120.65849, -7.02132], [120.65951, -7.0234], [120.65977, -7.02388], [120.66007, -7.02459], [120.66043, -7.02494], [120.66208, -7.02676], [120.66267, -7.02778], [120.66388, -7.03012], [120.66499, -7.03194], [120.66571, -7.03312], [120.66597, -7.03355], [120.6663, -7.03411], [120.66681, -7.03491], [120.66736, -7.03561], [120.66774, -7.03609], [120.66802, -7.03645], [120.66844, -7.03698], [120.66856, -7.0371], [120.66898, -7.03755], [120.66948, -7.03803], [120.66995, -7.03845], [120.67043, -7.03884], [120.67073, -7.03918], [120.67082, -7.03962], [120.67092, -7.03973], [120.67208, -7.04111], [120.67247, -7.04186], [120.67301, -7.04257], [120.67342, -7.04294], [120.67381, -7.04321], [120.67412, -7.04342], [120.67446, -7.04347], [120.67489, -7.04351], [120.67536, -7.04365], [120.67573, -7.04389], [120.67609, -7.04405], [120.67659, -7.04395], [120.67671, -7.04395], [120.67705, -7.04394], [120.67706, -7.04394], [120.67765, -7.04422], [120.67797, -7.04447], [120.6784, -7.04463], [120.67884, -7.04488], [120.67944, -7.04527], [120.68041, -7.04643], [120.68098, -7.04704], [120.68133, -7.04743], [120.68169, -7.04771], [120.68193, -7.04789], [120.68221, -7.0481], [120.68281, -7.0484], [120.68283, -7.04842], [120.68325, -7.04882], [120.68383, -7.04902], [120.68499, -7.04903], [120.68555, -7.04885], [120.68597, -7.04876]]]}}, {"type": "Feature", "properties": {"id": "030.002.TAMBOLONGAN", "nmkec": "Bontosikuyu", "nmdesa": "Tambolongan", "kdkec": "030", "kddesa": "002", "dominan": "kelapa", "total_ha": 2280.6}, "geometry": {"type": "MultiPolygon", "coordinates": [[[[120.42742, -6.64778], [120.42753, -6.6479], [120.42752, -6.648], [120.42749, -6.64807], [120.42747, -6.64824], [120.42743, -6.64832], [120.42725, -6.64838], [120.42709, -6.64836], [120.42701, -6.64837], [120.42697, -6.64844], [120.42696, -6.64855], [120.42698, -6.64865], [120.42697, -6.64875], [120.42704, -6.64884], [120.42716, -6.64889], [120.42726, -6.64889], [120.42743, -6.64889], [120.42758, -6.64888], [120.4279, -6.64896], [120.42797, -6.64904], [120.42805, -6.64909], [120.42815, -6.64914], [120.42825, -6.64915], [120.4284, -6.64916], [120.42852, -6.64915], [120.42867, -6.64911], [120.42877, -6.64905], [120.42885, -6.64903], [120.42892, -6.64907], [120.42889, -6.64913], [120.42885, -6.6492], [120.4288, -6.64925], [120.42873, -6.64929], [120.42865, -6.64933], [120.4286, -6.64942], [120.42851, -6.64948], [120.42834, -6.64967], [120.42827, -6.64971], [120.42818, -6.64973], [120.42808, -6.64969], [120.428, -6.64962], [120.42796, -6.64955], [120.4279, -6.64949], [120.42781, -6.64945], [120.42769, -6.64941], [120.42763, -6.64939], [120.42746, -6.64941], [120.42738, -6.64945], [120.42731, -6.6495], [120.42721, -6.64958], [120.42713, -6.6497], [120.42707, -6.64983], [120.42702, -6.64997], [120.42704, -6.65007], [120.42708, -6.65018], [120.42705, -6.65034], [120.42701, -6.6504], [120.42692, -6.65049], [120.42684, -6.65049], [120.42676, -6.65049], [120.42663, -6.65046], [120.42655, -6.6504], [120.42643, -6.65038], [120.42634, -6.65034], [120.42622, -6.65028], [120.426, -6.64994], [120.42592, -6.64983], [120.42586, -6.64968], [120.42582, -6.6495], [120.42586, -6.6494], [120.42601, -6.64936], [120.42612, -6.64933], [120.42616, -6.64925], [120.4262, -6.64904], [120.42617, -6.64895], [120.42612, -6.64881], [120.42606, -6.64879], [120.42597, -6.6487], [120.42577, -6.64858], [120.42573, -6.64838], [120.42576, -6.64829], [120.42591, -6.64807], [120.426, -6.64784], [120.42607, -6.64765], [120.42616, -6.64749], [120.42623, -6.64741], [120.42637, -6.6473], [120.42651, -6.64727], [120.42669, -6.64728], [120.42681, -6.6473], [120.42691, -6.64737], [120.42694, -6.64748], [120.42692, -6.64759], [120.42698, -6.64771], [120.42719, -6.64777], [120.42733, -6.64776], [120.42742, -6.64778]]], [[[120.43745, -6.63151], [120.43735, -6.63187], [120.43733, -6.63213], [120.43763, -6.63211], [120.43818, -6.63221], [120.43813, -6.63264], [120.43826, -6.63307], [120.43855, -6.63354], [120.43894, -6.63385], [120.43922, -6.63398], [120.43967, -6.63401], [120.44009, -6.6341], [120.44018, -6.63391], [120.44046, -6.634], [120.44075, -6.63448], [120.44075, -6.6345], [120.44086, -6.63697], [120.44094, -6.63947], [120.44096, -6.63967], [120.44107, -6.63999], [120.44113, -6.64034], [120.44104, -6.64064], [120.44082, -6.64093], [120.44081, -6.64113], [120.44078, -6.6414], [120.44045, -6.6417], [120.43995, -6.64175], [120.4396, -6.64173], [120.43933, -6.64194], [120.43877, -6.64209], [120.43824, -6.64195], [120.43801, -6.64193], [120.43739, -6.64149], [120.43687, -6.64125], [120.43649, -6.64087], [120.43626, -6.64033], [120.43591, -6.6397], [120.43544, -6.63914], [120.43448, -6.63863], [120.43393, -6.63811], [120.43302, -6.63745], [120.43172, -6.63688], [120.43099, -6.63677], [120.42995, -6.63709], [120.42887, -6.63805], [120.42963, -6.63808], [120.43003, -6.63808], [120.43038, -6.63797], [120.43051, -6.63785], [120.43058, -6.63765], [120.43076, -6.63795], [120.43087, -6.63832], [120.43014, -6.63848], [120.42919, -6.63831], [120.4287, -6.63838], [120.42845, -6.63867], [120.42826, -6.63893], [120.42789, -6.63957], [120.42748, -6.64017], [120.42721, -6.64051], [120.42706, -6.64085], [120.42675, -6.64114], [120.42637, -6.64104], [120.42634, -6.64103], [120.42583, -6.63996], [120.42581, -6.63914], [120.42585, -6.63868], [120.42592, -6.63712], [120.42601, -6.6365], [120.42617, -6.63534], [120.42625, -6.63449], [120.4263, -6.63305], [120.42634, -6.63125], [120.42628, -6.63106], [120.42625, -6.63078], [120.4261, -6.62911], [120.42621, -6.62846], [120.42618, -6.62791], [120.42625, -6.62741], [120.42632, -6.62718], [120.42638, -6.62685], [120.42647, -6.62625], [120.42653, -6.62582], [120.42649, -6.6253], [120.42659, -6.62508], [120.42672, -6.62441], [120.42685, -6.62377], [120.42691, -6.62249], [120.42685, -6.62113], [120.42685, -6.62], [120.42688, -6.61858], [120.42708, -6.61715], [120.4271, -6.61681], [120.42725, -6.61615], [120.4274, -6.61532], [120.42738, -6.61472], [120.42754, -6.61349], [120.42754, -6.61311], [120.42771, -6.61248], [120.42786, -6.61175], [120.42795, -6.61093], [120.42804, -6.60927], [120.42804, -6.60826], [120.42794, -6.60799], [120.42792, -6.60679], [120.4279, -6.60663], [120.42764, -6.60538], [120.42748, -6.605], [120.42739, -6.6047], [120.42712, -6.60342], [120.42706, -6.60296], [120.42698, -6.60276], [120.4268, -6.60248], [120.42662, -6.60219], [120.42637, -6.60199], [120.42602, -6.60183], [120.42559, -6.60186], [120.42515, -6.60141], [120.42481, -6.60126], [120.4246, -6.60148], [120.42422, -6.60162], [120.42388, -6.60164], [120.4235, -6.60167], [120.4229, -6.60149], [120.42224, -6.6009], [120.42204, -6.60072], [120.42177, -6.60034], [120.42167, -6.59985], [120.42134, -6.59945], [120.42069, -6.59896], [120.42056, -6.59877], [120.42049, -6.5984], [120.42053, -6.59792], [120.4206, -6.59737], [120.42066, -6.59728], [120.4209, -6.59714], [120.42134, -6.59724], [120.4216, -6.59761], [120.42201, -6.5978], [120.42246, -6.5979], [120.42299, -6.59785], [120.4235, -6.5978], [120.42405, -6.59759], [120.42445, -6.59713], [120.42471, -6.59673], [120.42505, -6.59606], [120.42523, -6.59545], [120.42564, -6.59437], [120.42588, -6.59382], [120.42604, -6.59339], [120.42614, -6.59232], [120.42616, -6.59225], [120.42621, -6.59192], [120.42629, -6.59146], [120.42672, -6.58974], [120.4269, -6.58875], [120.42705, -6.58795], [120.42719, -6.58744], [120.42744, -6.58699], [120.42755, -6.58658], [120.42769, -6.58611], [120.4279, -6.58581], [120.42882, -6.58526], [120.42895, -6.58496], [120.4291, -6.5847], [120.42953, -6.58438], [120.43003, -6.58389], [120.43027, -6.58357], [120.43053, -6.58331], [120.43103, -6.58303], [120.43156, -6.58288], [120.43208, -6.58302], [120.43247, -6.58314], [120.43321, -6.5824], [120.43552, -6.58085], [120.43563, -6.58063], [120.43578, -6.58053], [120.43605, -6.58075], [120.43628, -6.58124], [120.43645, -6.58161], [120.43645, -6.58225], [120.43662, -6.58251], [120.43678, -6.58309], [120.43684, -6.58334], [120.43698, -6.58415], [120.43714, -6.58486], [120.43726, -6.5854], [120.43737, -6.58606], [120.43735, -6.58649], [120.43788, -6.58838], [120.43814, -6.59171], [120.43832, -6.59362], [120.4387, -6.59539], [120.43907, -6.5981], [120.43958, -6.60058], [120.44002, -6.60179], [120.44066, -6.60438], [120.44077, -6.60584], [120.44051, -6.60779], [120.43974, -6.60942], [120.43974, -6.60979], [120.43927, -6.61071], [120.43921, -6.61134], [120.43919, -6.61292], [120.43995, -6.61414], [120.4422, -6.61793], [120.44277, -6.61991], [120.44201, -6.62083], [120.44129, -6.6212], [120.44067, -6.62299], [120.44005, -6.62535], [120.4397, -6.62637], [120.4391, -6.62705], [120.43883, -6.6278], [120.43791, -6.62842], [120.43719, -6.62901], [120.43655, -6.62933], [120.43735, -6.62975], [120.43754, -6.63029], [120.43743, -6.63052], [120.43717, -6.63064], [120.43701, -6.63076], [120.43732, -6.63081], [120.43743, -6.63103], [120.43757, -6.63135], [120.43745, -6.63151]]], [[[120.43498, -6.64456], [120.43507, -6.64458], [120.43512, -6.64461], [120.43518, -6.64461], [120.43528, -6.64464], [120.43533, -6.64468], [120.43537, -6.6447], [120.43544, -6.64471], [120.43548, -6.64475], [120.43551, -6.64479], [120.43553, -6.64486], [120.43552, -6.64491], [120.43549, -6.64495], [120.43544, -6.64498], [120.43534, -6.645], [120.43516, -6.645], [120.43499, -6.645], [120.43484, -6.645], [120.43466, -6.64499], [120.43454, -6.64499], [120.43438, -6.64497], [120.43427, -6.64493], [120.43416, -6.64488], [120.43403, -6.64485], [120.43388, -6.64484], [120.43376, -6.6448], [120.43362, -6.64468], [120.43359, -6.64458], [120.43359, -6.64447], [120.43362, -6.64442], [120.43367, -6.6444], [120.43378, -6.64441], [120.43387, -6.64444], [120.43396, -6.64443], [120.43403, -6.64441], [120.43425, -6.64437], [120.4343, -6.64432], [120.43433, -6.64424], [120.43434, -6.64414], [120.43432, -6.64406], [120.43431, -6.64398], [120.43433, -6.64388], [120.43437, -6.64382], [120.4344, -6.64379], [120.43447, -6.64378], [120.43454, -6.6438], [120.43458, -6.64382], [120.43461, -6.64387], [120.43462, -6.64395], [120.43462, -6.64405], [120.43462, -6.64415], [120.43465, -6.6443], [120.43468, -6.64434], [120.43474, -6.6444], [120.43478, -6.64444], [120.43484, -6.64448], [120.43489, -6.64452], [120.43498, -6.64456]]], [[[120.44036, -6.6434], [120.44053, -6.64355], [120.44067, -6.64369], [120.44065, -6.64384], [120.44044, -6.64385], [120.44027, -6.64396], [120.44009, -6.64403], [120.44001, -6.64415], [120.43992, -6.6443], [120.43989, -6.64432], [120.43975, -6.64428], [120.43964, -6.64417], [120.43962, -6.64406], [120.43952, -6.64393], [120.43944, -6.64384], [120.43936, -6.64366], [120.43936, -6.64355], [120.43938, -6.64336], [120.43943, -6.64316], [120.43949, -6.64314], [120.43949, -6.64313], [120.43955, -6.64307], [120.43964, -6.64304], [120.43972, -6.64304], [120.43976, -6.64305], [120.43984, -6.64302], [120.43995, -6.64315], [120.44, -6.6432], [120.44011, -6.64325], [120.44036, -6.6434]]]]}}, {"type": "Feature", "properties": {"id": "020.003.LABUANG_PAMAJANG", "nmkec": "Pasimassunggu", "nmdesa": "Labuang Pamajang", "kdkec": "020", "kddesa": "003", "dominan": "kelapa", "total_ha": 967.2}, "geometry": {"type": "Polygon", "coordinates": [[[120.65048, -7.11603], [120.64801, -7.11778], [120.6454, -7.11879], [120.64034, -7.12096], [120.63358, -7.12417], [120.63357, -7.12418], [120.63342, -7.12423], [120.63332, -7.12426], [120.63327, -7.12407], [120.63299, -7.12374], [120.63284, -7.12383], [120.63274, -7.12391], [120.63265, -7.12385], [120.63246, -7.12382], [120.6323, -7.12368], [120.63192, -7.12343], [120.63177, -7.12292], [120.63211, -7.12234], [120.63198, -7.12205], [120.63195, -7.12161], [120.6314, -7.12097], [120.63087, -7.12052], [120.63058, -7.12053], [120.63003, -7.12055], [120.62958, -7.12047], [120.62921, -7.12097], [120.62901, -7.12113], [120.62885, -7.12113], [120.62869, -7.12097], [120.62842, -7.12052], [120.62801, -7.12003], [120.62797, -7.11958], [120.62759, -7.11892], [120.62698, -7.11864], [120.62664, -7.11875], [120.62626, -7.11874], [120.62603, -7.11846], [120.62558, -7.11834], [120.62534, -7.11801], [120.62548, -7.11751], [120.62542, -7.1171], [120.62539, -7.1167], [120.6253, -7.11594], [120.62555, -7.11555], [120.62529, -7.11484], [120.62485, -7.1144], [120.62459, -7.11421], [120.6242, -7.11397], [120.62408, -7.11404], [120.62383, -7.11417], [120.62349, -7.11398], [120.62347, -7.11374], [120.62336, -7.11358], [120.62332, -7.11337], [120.62323, -7.11318], [120.62368, -7.1132], [120.6243, -7.11331], [120.62478, -7.11263], [120.62529, -7.11232], [120.6257, -7.11197], [120.62615, -7.11201], [120.62658, -7.11223], [120.62656, -7.11239], [120.62677, -7.11256], [120.62745, -7.11244], [120.62755, -7.11234], [120.62794, -7.11154], [120.62819, -7.11066], [120.62803, -7.11012], [120.62778, -7.10991], [120.62769, -7.10996], [120.62756, -7.10976], [120.62742, -7.10932], [120.62731, -7.10922], [120.62729, -7.10899], [120.62728, -7.10861], [120.62739, -7.10739], [120.62709, -7.10625], [120.62699, -7.10616], [120.62684, -7.10602], [120.62654, -7.10592], [120.6264, -7.10587], [120.62607, -7.10567], [120.6257, -7.10574], [120.6256, -7.10548], [120.62577, -7.10542], [120.6258, -7.10523], [120.62635, -7.10498], [120.62687, -7.10473], [120.62745, -7.10467], [120.62803, -7.10458], [120.62838, -7.10421], [120.6287, -7.10399], [120.62885, -7.10395], [120.62911, -7.10399], [120.62996, -7.10389], [120.6305, -7.10395], [120.63116, -7.10396], [120.63143, -7.10407], [120.63172, -7.10443], [120.63194, -7.1049], [120.6323, -7.10521], [120.63282, -7.10503], [120.63331, -7.10478], [120.63392, -7.10382], [120.63455, -7.10375], [120.63487, -7.10371], [120.6351, -7.10329], [120.63505, -7.10295], [120.63465, -7.10265], [120.63407, -7.10237], [120.63403, -7.10223], [120.63415, -7.1022], [120.63444, -7.10143], [120.63454, -7.10084], [120.63456, -7.10052], [120.63459, -7.1], [120.63461, -7.09922], [120.6345, -7.09879], [120.63444, -7.09867], [120.63438, -7.09853], [120.63375, -7.09748], [120.63316, -7.09673], [120.63294, -7.09656], [120.63272, -7.09622], [120.6325, -7.09604], [120.63223, -7.09546], [120.63163, -7.09406], [120.63126, -7.09355], [120.63112, -7.0935], [120.63098, -7.09349], [120.63094, -7.09339], [120.63082, -7.09328], [120.6304, -7.0931], [120.63005, -7.093], [120.62965, -7.09295], [120.62942, -7.09305], [120.62949, -7.09325], [120.62935, -7.09332], [120.62928, -7.09348], [120.62921, -7.09359], [120.62901, -7.09359], [120.62876, -7.09349], [120.62849, -7.09329], [120.62829, -7.09319], [120.62821, -7.09296], [120.62823, -7.09281], [120.62788, -7.09257], [120.62758, -7.09255], [120.62741, -7.0925], [120.62722, -7.09232], [120.62709, -7.09201], [120.62701, -7.09217], [120.62678, -7.09227], [120.62649, -7.09225], [120.62624, -7.09214], [120.62618, -7.09208], [120.62608, -7.09178], [120.6258, -7.09162], [120.62551, -7.09169], [120.62557, -7.0918], [120.62562, -7.09195], [120.62555, -7.09206], [120.62545, -7.09223], [120.62532, -7.09245], [120.62515, -7.09257], [120.62517, -7.0927], [120.62513, -7.09299], [120.6252, -7.09312], [120.62514, -7.09329], [120.62517, -7.09362], [120.62508, -7.09412], [120.62486, -7.09435], [120.62422, -7.09471], [120.62371, -7.09522], [120.62355, -7.09566], [120.62292, -7.09653], [120.6227, -7.09663], [120.62231, -7.09649], [120.62201, -7.09624], [120.62157, -7.09615], [120.62094, -7.09618], [120.62071, -7.09657], [120.62063, -7.09721], [120.62046, -7.09735], [120.62029, -7.09755], [120.6202, -7.09779], [120.62011, -7.0979], [120.61972, -7.09796], [120.61998, -7.09697], [120.62081, -7.09507], [120.62602, -7.08827], [120.62956, -7.08501], [120.62964, -7.08494], [120.63238, -7.08219], [120.63453, -7.08153], [120.63962, -7.07944], [120.64497, -7.07655], [120.65061, -7.0738], [120.65243, -7.07284], [120.65582, -7.07105], [120.66074, -7.06859], [120.66305, -7.067], [120.66558, -7.06522], [120.66853, -7.0636], [120.66966, -7.06516], [120.67281, -7.06971], [120.67557, -7.07441], [120.67666, -7.07649], [120.67758, -7.07761], [120.68211, -7.08059], [120.68338, -7.08165], [120.68373, -7.08199], [120.68447, -7.08856], [120.67984, -7.09087], [120.66682, -7.0984], [120.66508, -7.09999], [120.66017, -7.10421], [120.65834, -7.1058], [120.65048, -7.11603], [120.65048, -7.11603]]]}}, {"type": "Feature", "properties": {"id": "050.017.TAMALANREA", "nmkec": "Bontomatene", "nmdesa": "Tamalanrea", "kdkec": "050", "kddesa": "017", "dominan": "kelapa", "total_ha": 1189.2}, "geometry": {"type": "Polygon", "coordinates": [[[120.46162, -5.93725], [120.46162, -5.93725], [120.46008, -5.93739], [120.45957, -5.93737], [120.45838, -5.93732], [120.45838, -5.93732], [120.45838, -5.93638], [120.45838, -5.93594], [120.45838, -5.93432], [120.45837, -5.93275], [120.45837, -5.93112], [120.45837, -5.92956], [120.45837, -5.92921], [120.45836, -5.92798], [120.45831, -5.92179], [120.45829, -5.91824], [120.45849, -5.91816], [120.45875, -5.91806], [120.45997, -5.91773], [120.46157, -5.91739], [120.46157, -5.91739], [120.46439, -5.91678], [120.46474, -5.9167], [120.46663, -5.9163], [120.46885, -5.91616], [120.46926, -5.91614], [120.47053, -5.91623], [120.47138, -5.91629], [120.47147, -5.9163], [120.47262, -5.91644], [120.47329, -5.91652], [120.47473, -5.91684], [120.47552, -5.91693], [120.47669, -5.91707], [120.47725, -5.91707], [120.47819, -5.91707], [120.47844, -5.917], [120.47921, -5.9168], [120.47923, -5.91679], [120.4804, -5.91648], [120.48141, -5.91627], [120.48296, -5.91661], [120.48299, -5.91662], [120.48306, -5.91663], [120.48306, -5.91663], [120.48427, -5.91687], [120.48427, -5.91689], [120.48425, -5.91737], [120.48409, -5.9189], [120.48377, -5.92073], [120.48351, -5.92211], [120.48298, -5.92507], [120.48214, -5.92721], [120.48108, -5.92963], [120.47972, -5.9322], [120.47922, -5.93348], [120.47921, -5.9335], [120.47844, -5.93545], [120.47831, -5.93579], [120.47831, -5.93579], [120.47725, -5.93578], [120.47612, -5.93576], [120.47612, -5.93576], [120.47593, -5.93576], [120.47593, -5.93576], [120.47552, -5.93578], [120.47417, -5.93583], [120.47275, -5.93607], [120.4721, -5.93618], [120.47145, -5.93629], [120.47143, -5.93629], [120.47133, -5.9363], [120.4705, -5.93637], [120.46918, -5.93649], [120.46885, -5.93645], [120.46712, -5.93622], [120.46688, -5.93614], [120.46667, -5.93622], [120.46478, -5.93689], [120.46451, -5.93699], [120.46357, -5.93707], [120.46162, -5.93725]]]}}, {"type": "Feature", "properties": {"id": "050.007.ONTO", "nmkec": "Bontomatene", "nmdesa": "Onto", "kdkec": "050", "kddesa": "007", "dominan": "kelapa", "total_ha": 1271.2}, "geometry": {"type": "Polygon", "coordinates": [[[120.49404, -5.96365], [120.4938, -5.96365], [120.4938, -5.95872], [120.49375, -5.95871], [120.49349, -5.95838], [120.49319, -5.95835], [120.49319, -5.95719], [120.49319, -5.95534], [120.49319, -5.95446], [120.49319, -5.95445], [120.49319, -5.9531], [120.49319, -5.95242], [120.49318, -5.95228], [120.49229, -5.95167], [120.49229, -5.95167], [120.49212, -5.95154], [120.4873, -5.94791], [120.48666, -5.94743], [120.48467, -5.94589], [120.49026, -5.94589], [120.50341, -5.94589], [120.50365, -5.94595], [120.50385, -5.946], [120.50588, -5.94605], [120.50847, -5.94605], [120.52401, -5.94605], [120.5266, -5.94605], [120.52711, -5.94605], [120.52697, -5.94643], [120.52561, -5.94785], [120.52556, -5.94791], [120.52438, -5.94914], [120.5227, -5.95154], [120.52257, -5.95173], [120.5218, -5.95218], [120.5215, -5.95262], [120.52088, -5.95355], [120.52038, -5.95431], [120.51889, -5.95593], [120.5163, -5.95748], [120.51614, -5.95759], [120.51509, -5.95829], [120.51398, -5.95903], [120.51269, -5.95961], [120.51028, -5.95961], [120.50958, -5.95961], [120.50752, -5.95968], [120.50623, -5.95956], [120.50623, -5.96253], [120.50623, -5.96312], [120.50623, -5.96362], [120.50563, -5.96362], [120.50563, -5.96362], [120.50561, -5.96362], [120.50556, -5.96362], [120.49704, -5.96365], [120.49525, -5.96365], [120.49525, -5.96365], [120.49404, -5.96365]]]}}, {"type": "Feature", "properties": {"id": "050.016.MENARA_INDAH", "nmkec": "Bontomatene", "nmdesa": "Menara Indah", "kdkec": "050", "kddesa": "016", "dominan": "kelapa", "total_ha": 2425.1}, "geometry": {"type": "Polygon", "coordinates": [[[120.48427, -5.7549], [120.48408, -5.75484], [120.48388, -5.75477], [120.48346, -5.75459], [120.48337, -5.75451], [120.48316, -5.75429], [120.48274, -5.75409], [120.48254, -5.7538], [120.48231, -5.75344], [120.48209, -5.75311], [120.48184, -5.75279], [120.48133, -5.75272], [120.48092, -5.75275], [120.48014, -5.75272], [120.47919, -5.75262], [120.47845, -5.75232], [120.47802, -5.75226], [120.47755, -5.75232], [120.4771, -5.75216], [120.47661, -5.7519], [120.47561, -5.75147], [120.47502, -5.75102], [120.4745, -5.75047], [120.47388, -5.74962], [120.47363, -5.74918], [120.47359, -5.74861], [120.47369, -5.7484], [120.47352, -5.74812], [120.47357, -5.74771], [120.47367, -5.74688], [120.47377, -5.74657], [120.47386, -5.74649], [120.47382, -5.74622], [120.47354, -5.74597], [120.4737, -5.74537], [120.47406, -5.74468], [120.47434, -5.74406], [120.47471, -5.7437], [120.47492, -5.74316], [120.47516, -5.74273], [120.47555, -5.74262], [120.4772, -5.74057], [120.47904, -5.73891], [120.47923, -5.73884], [120.47946, -5.73891], [120.47965, -5.73882], [120.47979, -5.73864], [120.47996, -5.73883], [120.48015, -5.73899], [120.48039, -5.73909], [120.4806, -5.73909], [120.48078, -5.73922], [120.48108, -5.73926], [120.48144, -5.73942], [120.48175, -5.73955], [120.48202, -5.7397], [120.48237, -5.73974], [120.48271, -5.73985], [120.48298, -5.73971], [120.48327, -5.73982], [120.48375, -5.73977], [120.48437, -5.73966], [120.48462, -5.7396], [120.48463, -5.7396], [120.48513, -5.73958], [120.48557, -5.7395], [120.48596, -5.73945], [120.48634, -5.73927], [120.48676, -5.7392], [120.48722, -5.739], [120.48779, -5.73879], [120.48837, -5.73848], [120.48888, -5.73834], [120.48907, -5.73817], [120.4894, -5.73846], [120.48965, -5.73893], [120.4894, -5.73915], [120.48962, -5.73931], [120.48984, -5.73926], [120.48995, -5.73983], [120.48976, -5.74013], [120.48977, -5.74045], [120.48974, -5.74072], [120.48972, -5.74107], [120.4897, -5.74116], [120.4897, -5.74129], [120.48955, -5.7413], [120.48955, -5.74138], [120.48945, -5.74152], [120.48924, -5.74174], [120.48906, -5.74224], [120.4893, -5.74334], [120.48945, -5.74323], [120.48951, -5.74334], [120.48938, -5.74369], [120.48919, -5.7435], [120.48917, -5.74364], [120.48928, -5.74381], [120.48926, -5.74391], [120.48934, -5.74392], [120.48943, -5.74403], [120.48949, -5.74402], [120.48948, -5.74432], [120.48945, -5.74451], [120.48953, -5.7447], [120.48965, -5.74465], [120.4899, -5.74488], [120.48999, -5.74515], [120.48993, -5.7453], [120.49017, -5.74548], [120.49036, -5.74555], [120.49038, -5.74554], [120.49034, -5.74588], [120.49013, -5.74587], [120.4901, -5.74611], [120.49033, -5.74638], [120.49034, -5.74638], [120.49034, -5.7464], [120.49049, -5.74651], [120.49075, -5.74702], [120.49073, -5.74756], [120.49112, -5.74763], [120.49126, -5.74796], [120.49128, -5.74826], [120.49155, -5.74841], [120.49168, -5.74875], [120.49185, -5.74905], [120.49176, -5.74937], [120.49172, -5.74964], [120.49194, -5.74985], [120.49209, -5.75018], [120.49229, -5.75049], [120.49238, -5.7508], [120.49253, -5.75113], [120.4928, -5.7514], [120.49272, -5.75188], [120.49243, -5.75239], [120.49144, -5.75308], [120.49089, -5.7532], [120.4904, -5.75328], [120.49009, -5.75308], [120.4897, -5.75305], [120.48935, -5.75335], [120.48868, -5.75349], [120.48828, -5.7534], [120.48787, -5.75359], [120.48756, -5.75369], [120.48731, -5.7539], [120.48736, -5.7542], [120.48685, -5.75459], [120.4865, -5.75457], [120.48624, -5.75474], [120.48628, -5.75505], [120.48602, -5.75521], [120.48531, -5.75529], [120.48481, -5.7551], [120.48479, -5.75508], [120.48458, -5.755], [120.48428, -5.7549], [120.48427, -5.7549]]]}}, {"type": "Feature", "properties": {"id": "022.003.BONTOBULAENG", "nmkec": "Pasimassunggu Timur", "nmdesa": "Bontobulaeng", "kdkec": "022", "kddesa": "003", "dominan": "kelapa", "total_ha": 2242.8}, "geometry": {"type": "MultiPolygon", "coordinates": [[[[120.74453, -7.08042], [120.74432, -7.08007], [120.74415, -7.07975], [120.74375, -7.07911], [120.74353, -7.07867], [120.74342, -7.07829], [120.74345, -7.07817], [120.74346, -7.07812], [120.74345, -7.07778], [120.7435, -7.07748], [120.74364, -7.07715], [120.74366, -7.07712], [120.74391, -7.077], [120.74441, -7.07711], [120.74439, -7.07717], [120.74476, -7.07724], [120.74499, -7.07722], [120.74521, -7.07719], [120.74577, -7.07711], [120.74563, -7.0776], [120.74578, -7.07778], [120.74604, -7.07798], [120.74697, -7.07842], [120.74786, -7.07884], [120.74806, -7.079], [120.7486, -7.07921], [120.74894, -7.07919], [120.74937, -7.07934], [120.74999, -7.07948], [120.75027, -7.07945], [120.75059, -7.07945], [120.75117, -7.07945], [120.75141, -7.07951], [120.75192, -7.07947], [120.75217, -7.07952], [120.75229, -7.07954], [120.75246, -7.07951], [120.75266, -7.0796], [120.75271, -7.07966], [120.75327, -7.07953], [120.75353, -7.07938], [120.75424, -7.07899], [120.75434, -7.0795], [120.75446, -7.07963], [120.755, -7.0796], [120.75548, -7.0796], [120.75603, -7.07954], [120.75605, -7.07955], [120.75623, -7.07955], [120.75632, -7.07961], [120.75666, -7.07962], [120.75707, -7.07957], [120.75772, -7.07949], [120.75802, -7.07946], [120.7584, -7.07936], [120.75863, -7.07934], [120.75909, -7.07929], [120.75956, -7.07923], [120.76012, -7.07906], [120.76043, -7.07896], [120.76078, -7.07885], [120.76103, -7.07875], [120.76116, -7.07869], [120.76165, -7.07844], [120.76196, -7.07834], [120.76225, -7.07831], [120.76282, -7.07818], [120.76299, -7.07814], [120.76322, -7.0781], [120.76394, -7.07789], [120.76543, -7.07733], [120.76674, -7.07676], [120.76783, -7.07615], [120.76919, -7.07535], [120.76956, -7.0751], [120.77055, -7.07427], [120.7712, -7.07365], [120.77197, -7.073], [120.77226, -7.07284], [120.7725, -7.07264], [120.77267, -7.07244], [120.77318, -7.07198], [120.77367, -7.07163], [120.774, -7.07142], [120.7743, -7.07122], [120.7749, -7.07074], [120.77539, -7.07014], [120.77576, -7.06977], [120.77604, -7.06956], [120.7761, -7.06957], [120.77634, -7.06957], [120.77642, -7.06956], [120.77672, -7.06947], [120.77703, -7.06901], [120.77706, -7.06895], [120.77734, -7.06872], [120.77748, -7.06859], [120.77767, -7.06849], [120.77775, -7.06836], [120.77786, -7.06802], [120.77795, -7.0679], [120.77762, -7.06767], [120.7774, -7.06807], [120.77723, -7.06824], [120.77704, -7.06818], [120.77694, -7.06812], [120.77669, -7.06815], [120.77652, -7.06819], [120.77644, -7.0682], [120.77634, -7.06831], [120.77626, -7.06819], [120.77615, -7.06819], [120.77596, -7.06822], [120.77611, -7.06747], [120.77641, -7.06654], [120.77655, -7.06624], [120.77696, -7.06533], [120.77788, -7.06414], [120.77901, -7.06307], [120.7806, -7.06142], [120.78189, -7.06028], [120.78261, -7.05973], [120.78315, -7.0594], [120.78369, -7.05912], [120.7844, -7.05908], [120.78517, -7.05933], [120.78573, -7.05969], [120.78625, -7.06031], [120.78681, -7.06129], [120.78696, -7.06229], [120.78707, -7.06343], [120.78683, -7.0647], [120.78657, -7.0655], [120.78646, -7.06612], [120.78626, -7.06697], [120.78625, -7.06697], [120.78618, -7.0674], [120.7861, -7.06767], [120.78599, -7.06813], [120.78588, -7.06848], [120.78578, -7.06891], [120.78574, -7.06911], [120.78548, -7.07011], [120.78532, -7.07072], [120.78518, -7.07103], [120.7851, -7.07152], [120.7849, -7.07212], [120.78477, -7.07252], [120.7846, -7.07303], [120.78445, -7.07346], [120.78431, -7.07394], [120.78421, -7.07422], [120.78412, -7.07446], [120.7839, -7.07526], [120.78384, -7.07563], [120.78378, -7.07619], [120.78369, -7.07716], [120.78363, -7.07801], [120.78356, -7.07886], [120.78352, -7.07918], [120.78345, -7.07987], [120.78341, -7.08026], [120.78334, -7.0809], [120.78322, -7.08158], [120.78306, -7.08276], [120.78302, -7.08304], [120.78294, -7.08366], [120.78279, -7.08514], [120.78275, -7.08625], [120.78267, -7.08732], [120.78262, -7.08841], [120.78265, -7.08901], [120.78272, -7.08957], [120.7827, -7.08975], [120.78274, -7.09073], [120.78291, -7.09129], [120.7829, -7.09156], [120.78291, -7.09173], [120.78301, -7.09232], [120.78313, -7.09276], [120.78314, -7.09306], [120.78318, -7.09344], [120.78323, -7.09363], [120.78315, -7.09395], [120.78318, -7.0943], [120.78322, -7.09494], [120.78324, -7.09507], [120.78328, -7.09528], [120.78321, -7.09574], [120.78317, -7.09634], [120.78314, -7.09674], [120.78306, -7.0972], [120.78298, -7.09751], [120.78292, -7.09767], [120.78281, -7.09818], [120.78274, -7.09847], [120.78267, -7.09873], [120.78257, -7.0988], [120.78252, -7.09899], [120.78241, -7.09921], [120.78229, -7.09943], [120.78206, -7.10015], [120.78187, -7.10062], [120.78183, -7.10071], [120.78178, -7.10084], [120.78169, -7.10086], [120.78142, -7.10105], [120.78143, -7.1011], [120.78144, -7.10113], [120.7813, -7.10123], [120.78105, -7.1013], [120.78084, -7.10136], [120.78063, -7.10147], [120.78051, -7.10154], [120.78041, -7.1016], [120.78035, -7.10164], [120.78028, -7.10166], [120.78018, -7.10172], [120.78007, -7.10177], [120.77981, -7.10188], [120.77962, -7.10189], [120.77948, -7.10196], [120.77928, -7.1021], [120.7791, -7.10227], [120.77897, -7.10238], [120.77857, -7.1027], [120.7783, -7.10284], [120.77826, -7.10285], [120.77817, -7.1029], [120.77801, -7.10297], [120.77775, -7.10367], [120.77757, -7.10401], [120.77731, -7.10435], [120.77718, -7.10435], [120.76853, -7.10239], [120.76301, -7.10255], [120.75937, -7.09555], [120.75917, -7.09528], [120.75829, -7.09414], [120.75498, -7.0897], [120.75358, -7.08777], [120.75228, -7.08595], [120.75204, -7.08562], [120.75108, -7.08423], [120.75062, -7.08357], [120.74966, -7.08222], [120.74966, -7.08222], [120.74964, -7.08201], [120.74958, -7.08122], [120.74891, -7.081], [120.74753, -7.08053], [120.74643, -7.08017], [120.74603, -7.08016], [120.74567, -7.08028], [120.74486, -7.08039], [120.74453, -7.08042]]], [[[120.75317, -7.02184], [120.75317, -7.02161], [120.75318, -7.02139], [120.75338, -7.02131], [120.75348, -7.02131], [120.75355, -7.02147], [120.75345, -7.02169], [120.75333, -7.02187], [120.75317, -7.02184]]], [[[120.75353, -7.01862], [120.75347, -7.01874], [120.75342, -7.0189], [120.75329, -7.01905], [120.75322, -7.0192], [120.75319, -7.01931], [120.75334, -7.01953], [120.75321, -7.01964], [120.75311, -7.01976], [120.75304, -7.01983], [120.75298, -7.01994], [120.75283, -7.01994], [120.75266, -7.01981], [120.75245, -7.01963], [120.75229, -7.01944], [120.7523, -7.0193], [120.75231, -7.0191], [120.75248, -7.01892], [120.75256, -7.01869], [120.75279, -7.01846], [120.75299, -7.01816], [120.75315, -7.01801], [120.75335, -7.01796], [120.75351, -7.01799], [120.75361, -7.01809], [120.75348, -7.01831], [120.75342, -7.01841], [120.75348, -7.01849], [120.75353, -7.01862]]]]}}, {"type": "Feature", "properties": {"id": "010.006.BONEA", "nmkec": "Pasimarannu", "nmdesa": "Bonea", "kdkec": "010", "kddesa": "006", "dominan": "kelapa", "total_ha": 1841.7}, "geometry": {"type": "MultiPolygon", "coordinates": [[[[121.20361, -7.51603], [121.20339, -7.51594], [121.20335, -7.51583], [121.20338, -7.51557], [121.20364, -7.51524], [121.20386, -7.51519], [121.20402, -7.51522], [121.20413, -7.51521], [121.20423, -7.51514], [121.20423, -7.51493], [121.20428, -7.51472], [121.20438, -7.51453], [121.20453, -7.51428], [121.20466, -7.5141], [121.20476, -7.51392], [121.20491, -7.51381], [121.20508, -7.51374], [121.20527, -7.51362], [121.20533, -7.51349], [121.20534, -7.5133], [121.20536, -7.51299], [121.20535, -7.51278], [121.20535, -7.51258], [121.20536, -7.51235], [121.20542, -7.51223], [121.20546, -7.51222], [121.20565, -7.51228], [121.20581, -7.51244], [121.20585, -7.51245], [121.20593, -7.5125], [121.20607, -7.51261], [121.20619, -7.5128], [121.20624, -7.51292], [121.20629, -7.51309], [121.2063, -7.51335], [121.20615, -7.51367], [121.20607, -7.51384], [121.20596, -7.51406], [121.20583, -7.51428], [121.20567, -7.51446], [121.20554, -7.51455], [121.20544, -7.51459], [121.20527, -7.51466], [121.20519, -7.51474], [121.20519, -7.51497], [121.20519, -7.51516], [121.20512, -7.51543], [121.20497, -7.5156], [121.20483, -7.51576], [121.20461, -7.51591], [121.20439, -7.51604], [121.20426, -7.51606], [121.20407, -7.51609], [121.20384, -7.51606], [121.20361, -7.51603]]], [[[121.21302, -7.49585], [121.21325, -7.496], [121.21397, -7.49624], [121.21445, -7.49626], [121.21476, -7.49631], [121.21512, -7.49643], [121.21545, -7.49653], [121.21569, -7.49667], [121.21603, -7.49689], [121.21651, -7.49694], [121.21689, -7.49706], [121.21708, -7.49711], [121.21727, -7.49721], [121.21741, -7.49747], [121.21744, -7.4978], [121.21743, -7.49814], [121.21755, -7.49845], [121.21743, -7.499], [121.21752, -7.49922], [121.21763, -7.49937], [121.21769, -7.49951], [121.21774, -7.49962], [121.21773, -7.49981], [121.21776, -7.50005], [121.21783, -7.50021], [121.21783, -7.50061], [121.21773, -7.50085], [121.21764, -7.50104], [121.21747, -7.50116], [121.21724, -7.50125], [121.21707, -7.50133], [121.21698, -7.50147], [121.21652, -7.50208], [121.21639, -7.50224], [121.21631, -7.50238], [121.21627, -7.50258], [121.21627, -7.50274], [121.2163, -7.50299], [121.21636, -7.50307], [121.21655, -7.5032], [121.21667, -7.50321], [121.21682, -7.5033], [121.21682, -7.50361], [121.2167, -7.50388], [121.21657, -7.50409], [121.21642, -7.50408], [121.21633, -7.50389], [121.21628, -7.50372], [121.21616, -7.50361], [121.21592, -7.50356], [121.21586, -7.50401], [121.21571, -7.5042], [121.21569, -7.50434], [121.21569, -7.50454], [121.21583, -7.5047], [121.21586, -7.50493], [121.21586, -7.50511], [121.21577, -7.50525], [121.21565, -7.50533], [121.21556, -7.50542], [121.21541, -7.50555], [121.21533, -7.50575], [121.21521, -7.50595], [121.21515, -7.50611], [121.21484, -7.50666], [121.21471, -7.50681], [121.2145, -7.50706], [121.21435, -7.50717], [121.21411, -7.5074], [121.21392, -7.50764], [121.21356, -7.50802], [121.21332, -7.50838], [121.21313, -7.50852], [121.21277, -7.50869], [121.21253, -7.5089], [121.21219, -7.50914], [121.21186, -7.50933], [121.21152, -7.50952], [121.21104, -7.50983], [121.21078, -7.51006], [121.21032, -7.51049], [121.20991, -7.51101], [121.2096, -7.51128], [121.20924, -7.51151], [121.20905, -7.51166], [121.20864, -7.51182], [121.2085, -7.51177], [121.20809, -7.51182], [121.2078, -7.51184], [121.20754, -7.51179], [121.20735, -7.51167], [121.20735, -7.51141], [121.20747, -7.5112], [121.20749, -7.51098], [121.20747, -7.5106], [121.2075, -7.51036], [121.20781, -7.50993], [121.20812, -7.50967], [121.20853, -7.50939], [121.20889, -7.50924], [121.20925, -7.50901], [121.21035, -7.50786], [121.21045, -7.50743], [121.2106, -7.50698], [121.21115, -7.50622], [121.21134, -7.50603], [121.21156, -7.50558], [121.21199, -7.50493], [121.2125, -7.50436], [121.21356, -7.50358], [121.21384, -7.50322], [121.21418, -7.50274], [121.21433, -7.50234], [121.21454, -7.50201], [121.21486, -7.50174], [121.21505, -7.50153], [121.21536, -7.50108], [121.2151, -7.50115], [121.21467, -7.50127], [121.21431, -7.50134], [121.21385, -7.50131], [121.21378, -7.50155], [121.2138, -7.50169], [121.21385, -7.50205], [121.21363, -7.50215], [121.21342, -7.50217], [121.21241, -7.50216], [121.21201, -7.50197], [121.21165, -7.5018], [121.21136, -7.50168], [121.21153, -7.50128], [121.21163, -7.50099], [121.21168, -7.50061], [121.21161, -7.50023], [121.21154, -7.49972], [121.21065, -7.49974], [121.21012, -7.49957], [121.20974, -7.4994], [121.20972, -7.49921], [121.21003, -7.49902], [121.21037, -7.49904], [121.21082, -7.49912], [121.21125, -7.49921], [121.21151, -7.49919], [121.21154, -7.49907], [121.2114, -7.49886], [121.21113, -7.49871], [121.21061, -7.49864], [121.21025, -7.49861], [121.20951, -7.49856], [121.20927, -7.49863], [121.20898, -7.49875], [121.20864, -7.49877], [121.20805, -7.49872], [121.20795, -7.49856], [121.20735, -7.49824], [121.20688, -7.49819], [121.20635, -7.49826], [121.20589, -7.4984], [121.20546, -7.49854], [121.20525, -7.49864], [121.20472, -7.49866], [121.20457, -7.49876], [121.20445, -7.49892], [121.20433, -7.49916], [121.20414, -7.49933], [121.2039, -7.49935], [121.20357, -7.49933], [121.20318, -7.49923], [121.20287, -7.49942], [121.20247, -7.49934], [121.20228, -7.49896], [121.20237, -7.49834], [121.20249, -7.49815], [121.20278, -7.49796], [121.20305, -7.49784], [121.20333, -7.4977], [121.20348, -7.49761], [121.2036, -7.49744], [121.20358, -7.49708], [121.20367, -7.49694], [121.20403, -7.4968], [121.20444, -7.4967], [121.20487, -7.49666], [121.20569, -7.49647], [121.20945, -7.49579], [121.20969, -7.49591], [121.21014, -7.49629], [121.2105, -7.49634], [121.21074, -7.4962], [121.211, -7.49613], [121.2112, -7.49611], [121.21143, -7.49604], [121.21165, -7.49597], [121.21191, -7.4959], [121.21218, -7.49582], [121.21251, -7.4958], [121.21302, -7.49585]]], [[[121.14036, -7.37886], [121.13998, -7.37882], [121.13993, -7.37881], [121.13959, -7.37875], [121.13929, -7.37875], [121.13901, -7.37871], [121.13901, -7.37871], [121.1378, -7.37872], [121.13736, -7.37919], [121.13672, -7.37931], [121.13625, -7.37908], [121.13592, -7.37923], [121.13543, -7.37952], [121.13467, -7.37979], [121.13454, -7.37993], [121.13455, -7.37988], [121.13399, -7.38009], [121.13355, -7.38012], [121.13323, -7.38017], [121.13323, -7.38017], [121.13323, -7.38017], [121.13289, -7.3718], [121.1336, -7.3711], [121.13359, -7.37087], [121.13359, -7.37084], [121.13358, -7.37022], [121.13358, -7.37013], [121.13358, -7.37012], [121.13347, -7.36503], [121.13347, -7.3649], [121.13347, -7.3649], [121.142, -7.3655], [121.15, -7.36606], [121.15, -7.36606], [121.1501, -7.36607], [121.15416, -7.36632], [121.15439, -7.36634], [121.15524, -7.36639], [121.15528, -7.36642], [121.15532, -7.36645], [121.15534, -7.36647], [121.15866, -7.36921], [121.1585, -7.36939], [121.15742, -7.37063], [121.15707, -7.37107], [121.15693, -7.37154], [121.15674, -7.37175], [121.15614, -7.3719], [121.15511, -7.37205], [121.15441, -7.37203], [121.15394, -7.37215], [121.15303, -7.37198], [121.1527, -7.37212], [121.15215, -7.3723], [121.15171, -7.37231], [121.15129, -7.37201], [121.15109, -7.37207], [121.1508, -7.37208], [121.1503, -7.37246], [121.14997, -7.37226], [121.14968, -7.37238], [121.14962, -7.37258], [121.14922, -7.37296], [121.14863, -7.37294], [121.14772, -7.37335], [121.14684, -7.37409], [121.14603, -7.37521], [121.14557, -7.37621], [121.14472, -7.37706], [121.14372, -7.37748], [121.14323, -7.37778], [121.14304, -7.37803], [121.14261, -7.37836], [121.14259, -7.37839], [121.1423, -7.37853], [121.14202, -7.37872], [121.14173, -7.37882], [121.14172, -7.37882], [121.14126, -7.37888], [121.14082, -7.37888], [121.14069, -7.37887], [121.14036, -7.37886]]]]}}, {"type": "Feature", "properties": {"id": "030.003.APPATANAH", "nmkec": "Bontosikuyu", "nmdesa": "Appatanah", "kdkec": "030", "kddesa": "003", "dominan": "kelapa", "total_ha": 1342.7}, "geometry": {"type": "Polygon", "coordinates": [[[120.48616, -6.49192], [120.48604, -6.49208], [120.48602, -6.49258], [120.48606, -6.49335], [120.48607, -6.49407], [120.48607, -6.49412], [120.48607, -6.49418], [120.48607, -6.49473], [120.48608, -6.49476], [120.48606, -6.49487], [120.48606, -6.4949], [120.48602, -6.49551], [120.48591, -6.49628], [120.48582, -6.49654], [120.48568, -6.49677], [120.48568, -6.49677], [120.48546, -6.49706], [120.48546, -6.49707], [120.48535, -6.4972], [120.48512, -6.49752], [120.48465, -6.49799], [120.4842, -6.49824], [120.48418, -6.49823], [120.48401, -6.49824], [120.48373, -6.49837], [120.48344, -6.49849], [120.48342, -6.49849], [120.48331, -6.49851], [120.48312, -6.49851], [120.48297, -6.49846], [120.48272, -6.49808], [120.48252, -6.49771], [120.48248, -6.49766], [120.48238, -6.4975], [120.48228, -6.49735], [120.48218, -6.49717], [120.48215, -6.49711], [120.48209, -6.49696], [120.48189, -6.49661], [120.48189, -6.49659], [120.48185, -6.49647], [120.48183, -6.49636], [120.48177, -6.49623], [120.48161, -6.49606], [120.48159, -6.49602], [120.48159, -6.49601], [120.48154, -6.49594], [120.48146, -6.49583], [120.48132, -6.49562], [120.48108, -6.49532], [120.48097, -6.49525], [120.48097, -6.49525], [120.48077, -6.49505], [120.4807, -6.49471], [120.48064, -6.49455], [120.48068, -6.49436], [120.48062, -6.49419], [120.48054, -6.49402], [120.48058, -6.49382], [120.48056, -6.49359], [120.48059, -6.49335], [120.48069, -6.49312], [120.48072, -6.4931], [120.48072, -6.49289], [120.4807, -6.49225], [120.48081, -6.49104], [120.48085, -6.49076], [120.48089, -6.49047], [120.4809, -6.49033], [120.48092, -6.49006], [120.48097, -6.48932], [120.48097, -6.48932], [120.48097, -6.48931], [120.48039, -6.48838], [120.48021, -6.48783], [120.48023, -6.48749], [120.48008, -6.48725], [120.48005, -6.48676], [120.47989, -6.48628], [120.47971, -6.48533], [120.47974, -6.4849], [120.47986, -6.48442], [120.48004, -6.48353], [120.48006, -6.48271], [120.47982, -6.48225], [120.47954, -6.48164], [120.47922, -6.48122], [120.47923, -6.48119], [120.47923, -6.48097], [120.47914, -6.4808], [120.47917, -6.48055], [120.47922, -6.48043], [120.47924, -6.48016], [120.47932, -6.47995], [120.47935, -6.47982], [120.47939, -6.47955], [120.47949, -6.47906], [120.47953, -6.47881], [120.47955, -6.4784], [120.47959, -6.47809], [120.47959, -6.47772], [120.47965, -6.47749], [120.4797, -6.4772], [120.47974, -6.47674], [120.47968, -6.47651], [120.47955, -6.47628], [120.47958, -6.47602], [120.47955, -6.47576], [120.4795, -6.47547], [120.47951, -6.4751], [120.47941, -6.47509], [120.47939, -6.47482], [120.47935, -6.47465], [120.47914, -6.47441], [120.47909, -6.47426], [120.47909, -6.47426], [120.47909, -6.47426], [120.47907, -6.4742], [120.47903, -6.47411], [120.47901, -6.47402], [120.47889, -6.47373], [120.47888, -6.47368], [120.47888, -6.47356], [120.47885, -6.47344], [120.47881, -6.47329], [120.4787, -6.47323], [120.47864, -6.4731], [120.47857, -6.47301], [120.4785, -6.47291], [120.47841, -6.47277], [120.47837, -6.47268], [120.47834, -6.47263], [120.47829, -6.47248], [120.47822, -6.47235], [120.47816, -6.47216], [120.47815, -6.47194], [120.47819, -6.47189], [120.47822, -6.47173], [120.47822, -6.47169], [120.47812, -6.47143], [120.47812, -6.47143], [120.47809, -6.47141], [120.47813, -6.4712], [120.47813, -6.47109], [120.47807, -6.47094], [120.47801, -6.47073], [120.47797, -6.4706], [120.47797, -6.47049], [120.47801, -6.47027], [120.47808, -6.47002], [120.47813, -6.46958], [120.47813, -6.46925], [120.47814, -6.46913], [120.4782, -6.4687], [120.47818, -6.46833], [120.47812, -6.46811], [120.4781, -6.46797], [120.47815, -6.46777], [120.47817, -6.46752], [120.47819, -6.46731], [120.47812, -6.46699], [120.4781, -6.46679], [120.47816, -6.46656], [120.47816, -6.46622], [120.47819, -6.4659], [120.47822, -6.46575], [120.47822, -6.46575], [120.47823, -6.46553], [120.47814, -6.4653], [120.47813, -6.46511], [120.47811, -6.46487], [120.47807, -6.46454], [120.478, -6.46418], [120.47793, -6.464], [120.47794, -6.46396], [120.47796, -6.46385], [120.4779, -6.4636], [120.4778, -6.46347], [120.47776, -6.46343], [120.4778, -6.46336], [120.47778, -6.46326], [120.47774, -6.46311], [120.47774, -6.463], [120.47773, -6.46254], [120.47767, -6.4621], [120.47746, -6.46156], [120.47739, -6.46154], [120.47739, -6.46154], [120.47738, -6.46154], [120.47737, -6.46154], [120.47727, -6.46154], [120.47712, -6.46141], [120.47712, -6.46141], [120.47711, -6.46141], [120.47711, -6.46141], [120.47695, -6.46118], [120.47695, -6.46105], [120.47675, -6.45994], [120.47679, -6.45966], [120.47653, -6.45878], [120.47632, -6.45847], [120.4761, -6.45812], [120.476, -6.45781], [120.47591, -6.4575], [120.47593, -6.45736], [120.47588, -6.45705], [120.47582, -6.45683], [120.47568, -6.45674], [120.47566, -6.45667], [120.47564, -6.45647], [120.47562, -6.45628], [120.47554, -6.45585], [120.47566, -6.45554], [120.47567, -6.45524], [120.47568, -6.45523], [120.47569, -6.45493], [120.47573, -6.45396], [120.47573, -6.45395], [120.47573, -6.45395], [120.47573, -6.45395], [120.47702, -6.45331], [120.47874, -6.45185], [120.4802, -6.45119], [120.48206, -6.44986], [120.48537, -6.45039], [120.48855, -6.45158], [120.49027, -6.45291], [120.49173, -6.45357], [120.49346, -6.45357], [120.49361, -6.45361], [120.49651, -6.45437], [120.49876, -6.45543], [120.50008, -6.45649], [120.50061, -6.45684], [120.50062, -6.45685], [120.50062, -6.45685], [120.50067, -6.4569], [120.50068, -6.4569], [120.50071, -6.457], [120.50072, -6.45701], [120.50076, -6.45713], [120.50076, -6.45714], [120.50076, -6.45734], [120.50071, -6.45737], [120.50046, -6.4575], [120.50042, -6.45758], [120.50023, -6.45765], [120.50011, -6.45784], [120.50011, -6.45786], [120.4998, -6.45808], [120.4997, -6.45833], [120.49948, -6.45853], [120.49912, -6.45922], [120.49877, -6.45962], [120.49849, -6.45973], [120.49829, -6.46003], [120.49816, -6.46009], [120.49789, -6.46028], [120.49789, -6.46028], [120.49783, -6.46029], [120.49766, -6.46034], [120.49741, -6.46063], [120.49702, -6.46106], [120.49671, -6.46145], [120.49654, -6.46157], [120.4964, -6.46157], [120.49608, -6.46202], [120.49606, -6.46204], [120.49588, -6.46229], [120.49585, -6.46248], [120.4958, -6.46251], [120.49578, -6.46257], [120.49579, -6.4627], [120.49553, -6.46323], [120.49525, -6.46345], [120.49514, -6.46362], [120.49514, -6.46369], [120.49512, -6.46375], [120.49508, -6.46379], [120.49502, -6.46394], [120.4949, -6.4643], [120.49468, -6.46461], [120.49459, -6.4648], [120.49459, -6.46488], [120.49448, -6.46501], [120.49434, -6.46524], [120.4943, -6.46534], [120.49413, -6.46571], [120.49414, -6.46581], [120.49397, -6.46611], [120.49397, -6.46612], [120.4938, -6.46658], [120.49379, -6.46659], [120.49344, -6.46679], [120.49338, -6.46701], [120.49324, -6.46722], [120.49313, -6.46731], [120.49294, -6.46763], [120.49281, -6.46835], [120.49282, -6.46842], [120.49282, -6.46842], [120.49283, -6.46857], [120.49271, -6.46895], [120.4927, -6.46896], [120.4927, -6.46899], [120.49268, -6.46904], [120.49256, -6.46955], [120.49261, -6.46963], [120.49255, -6.46973], [120.49252, -6.47005], [120.49253, -6.47007], [120.49254, -6.47021], [120.49248, -6.47027], [120.49246, -6.47044], [120.49243, -6.4705], [120.49243, -6.4705], [120.49242, -6.47052], [120.49235, -6.47073], [120.4922, -6.47088], [120.49212, -6.47099], [120.49202, -6.47103], [120.49188, -6.47119], [120.49179, -6.47156], [120.49179, -6.47173], [120.49174, -6.47185], [120.49172, -6.47205], [120.49172, -6.47208], [120.49171, -6.47219], [120.49165, -6.47232], [120.49157, -6.47251], [120.49141, -6.47319], [120.49141, -6.4732], [120.49138, -6.47323], [120.49132, -6.47336], [120.49135, -6.47355], [120.49131, -6.47377], [120.49131, -6.47391], [120.49132, -6.47438], [120.49133, -6.4747], [120.49133, -6.47478], [120.49133, -6.4748], [120.49131, -6.47519], [120.49134, -6.47554], [120.49132, -6.47605], [120.49128, -6.47664], [120.49127, -6.47682], [120.49124, -6.47726], [120.49123, -6.47747], [120.49119, -6.47812], [120.49118, -6.47833], [120.49117, -6.47849], [120.49117, -6.47851], [120.49116, -6.47874], [120.49112, -6.4794], [120.49103, -6.47973], [120.49096, -6.48], [120.49089, -6.48009], [120.4906, -6.48064], [120.49042, -6.48114], [120.49011, -6.48154], [120.48987, -6.48241], [120.4898, -6.48277], [120.48977, -6.48307], [120.48972, -6.48338], [120.48967, -6.48368], [120.48952, -6.48395], [120.48941, -6.48417], [120.48908, -6.48443], [120.48888, -6.48463], [120.48822, -6.48532], [120.4876, -6.48588], [120.48727, -6.48657], [120.48667, -6.48773], [120.48609, -6.48846], [120.4861, -6.48934], [120.48611, -6.49034], [120.48611, -6.49072], [120.48611, -6.49084], [120.48615, -6.4917], [120.48616, -6.49192]]]}}, {"type": "Feature", "properties": {"id": "042.010.KABURU", "nmkec": "Bontomanai", "nmdesa": "Kaburu", "kdkec": "042", "kddesa": "010", "dominan": "kelapa", "total_ha": 1037.7}, "geometry": {"type": "Polygon", "coordinates": [[[120.48165, -6.08065], [120.47705, -6.07932], [120.477, -6.0793], [120.47364, -6.07735], [120.47343, -6.07714], [120.47213, -6.07587], [120.47183, -6.07556], [120.47161, -6.07535], [120.47125, -6.07368], [120.47093, -6.07215], [120.47077, -6.07143], [120.47077, -6.07142], [120.47061, -6.07065], [120.47006, -6.06827], [120.47785, -6.06987], [120.48563, -6.07143], [120.48586, -6.07091], [120.48845, -6.07148], [120.48845, -6.07148], [120.49716, -6.07354], [120.49707, -6.0741], [120.49707, -6.0741], [120.49707, -6.0741], [120.49703, -6.07474], [120.49698, -6.07513], [120.49689, -6.07562], [120.49682, -6.07604], [120.49677, -6.07637], [120.49671, -6.07685], [120.49671, -6.07745], [120.49668, -6.07788], [120.49666, -6.07812], [120.4966, -6.07843], [120.4965, -6.07889], [120.49637, -6.07951], [120.49628, -6.08004], [120.49618, -6.08042], [120.4961, -6.081], [120.49606, -6.08153], [120.49606, -6.08153], [120.49604, -6.0819], [120.49607, -6.08384], [120.48614, -6.08181], [120.48484, -6.08155], [120.48447, -6.08147], [120.48402, -6.08134], [120.48165, -6.08065]]]}}, {"type": "Feature", "properties": {"id": "022.001.LEMBANG_BAJI", "nmkec": "Pasimassunggu Timur", "nmdesa": "Lembang Baji", "kdkec": "022", "kddesa": "001", "dominan": "kelapa", "total_ha": 421.1}, "geometry": {"type": "Polygon", "coordinates": [[[120.73928, -7.13203], [120.73928, -7.13203], [120.73928, -7.13239], [120.73892, -7.13253], [120.73837, -7.13272], [120.73836, -7.13272], [120.73836, -7.13272], [120.73826, -7.13277], [120.73817, -7.13294], [120.73817, -7.13294], [120.73808, -7.13312], [120.73789, -7.13329], [120.73763, -7.13336], [120.73739, -7.13332], [120.73705, -7.13318], [120.73676, -7.1331], [120.7364, -7.13302], [120.73616, -7.13298], [120.73586, -7.13296], [120.73561, -7.13294], [120.73533, -7.13296], [120.73516, -7.13301], [120.73496, -7.13311], [120.73495, -7.13312], [120.7348, -7.1332], [120.7347, -7.1333], [120.73465, -7.13346], [120.73479, -7.13364], [120.73484, -7.13375], [120.73474, -7.13398], [120.73473, -7.13399], [120.73464, -7.1341], [120.73449, -7.13413], [120.73439, -7.13415], [120.73422, -7.13416], [120.7342, -7.13427], [120.7342, -7.13428], [120.7342, -7.13433], [120.73419, -7.13444], [120.73407, -7.13449], [120.73397, -7.13452], [120.73388, -7.13441], [120.73383, -7.13424], [120.73384, -7.13414], [120.7339, -7.13405], [120.73389, -7.13394], [120.73373, -7.13376], [120.73317, -7.13308], [120.73297, -7.1327], [120.73292, -7.13268], [120.73285, -7.13265], [120.73281, -7.13252], [120.73284, -7.13247], [120.73276, -7.13231], [120.7325, -7.13196], [120.73197, -7.13133], [120.73132, -7.13064], [120.73025, -7.12989], [120.73015, -7.12982], [120.72938, -7.12951], [120.72949, -7.12916], [120.72949, -7.12916], [120.72949, -7.12916], [120.72929, -7.12907], [120.72886, -7.12893], [120.72861, -7.1287], [120.72825, -7.12883], [120.72795, -7.12887], [120.72768, -7.12885], [120.72747, -7.12896], [120.7273, -7.12894], [120.72716, -7.129], [120.72709, -7.12903], [120.72704, -7.12917], [120.72695, -7.12932], [120.7267, -7.12939], [120.72661, -7.12934], [120.72638, -7.1292], [120.72595, -7.12911], [120.72561, -7.12913], [120.72537, -7.12902], [120.72516, -7.12902], [120.72489, -7.12902], [120.72473, -7.12894], [120.72444, -7.12919], [120.72437, -7.12919], [120.72417, -7.12903], [120.72403, -7.12903], [120.72367, -7.12933], [120.7233, -7.1293], [120.72316, -7.12919], [120.72285, -7.12916], [120.72257, -7.12908], [120.72248, -7.129], [120.72247, -7.129], [120.72201, -7.12891], [120.72165, -7.12879], [120.72144, -7.12878], [120.72144, -7.12878], [120.72127, -7.12874], [120.72096, -7.12872], [120.72072, -7.12875], [120.72052, -7.12893], [120.72028, -7.12878], [120.71991, -7.12868], [120.71965, -7.12883], [120.71941, -7.12882], [120.71927, -7.12868], [120.71902, -7.12877], [120.71889, -7.12906], [120.71874, -7.12911], [120.71856, -7.12908], [120.71856, -7.12908], [120.71856, -7.12908], [120.72253, -7.1138], [120.72253, -7.1138], [120.72255, -7.11099], [120.72257, -7.10916], [120.7226, -7.10438], [120.72279, -7.10419], [120.72288, -7.0991], [120.72361, -7.09831], [120.72748, -7.09768], [120.73248, -7.10085], [120.7354, -7.10376], [120.73608, -7.10444], [120.73727, -7.10519], [120.73944, -7.10656], [120.73944, -7.10656], [120.74066, -7.10733], [120.74149, -7.10785], [120.74227, -7.10835], [120.74256, -7.10853], [120.74334, -7.1091], [120.74313, -7.10965], [120.74202, -7.1127], [120.74078, -7.11653], [120.74045, -7.11752], [120.74021, -7.11825], [120.73958, -7.12157], [120.73957, -7.12161], [120.73953, -7.12302], [120.7395, -7.12402], [120.73947, -7.12504], [120.73928, -7.13203]]]}}, {"type": "Feature", "properties": {"id": "050.009.BATANGMATA", "nmkec": "Bontomatene", "nmdesa": "Batangmata", "kdkec": "050", "kddesa": "009", "dominan": "kelapa", "total_ha": 2059.6}, "geometry": {"type": "Polygon", "coordinates": [[[120.44702, -5.93568], [120.447, -5.93554], [120.447, -5.93553], [120.447, -5.93547], [120.44701, -5.93529], [120.44697, -5.93519], [120.44694, -5.93474], [120.44693, -5.93467], [120.44696, -5.93446], [120.44696, -5.93388], [120.44696, -5.93376], [120.44696, -5.93376], [120.44696, -5.93375], [120.44693, -5.9331], [120.44691, -5.93288], [120.44687, -5.93278], [120.44684, -5.93274], [120.44684, -5.93268], [120.44682, -5.93259], [120.44683, -5.9325], [120.44681, -5.93246], [120.44678, -5.93231], [120.44677, -5.93225], [120.44675, -5.93205], [120.44669, -5.93173], [120.44669, -5.93171], [120.44667, -5.93143], [120.44665, -5.9308], [120.44665, -5.93072], [120.44666, -5.93035], [120.44664, -5.93025], [120.44668, -5.92997], [120.44671, -5.92993], [120.44669, -5.92974], [120.44667, -5.92933], [120.44667, -5.92919], [120.44668, -5.92877], [120.44669, -5.92847], [120.44669, -5.92814], [120.44669, -5.92785], [120.44669, -5.92783], [120.4467, -5.92754], [120.44675, -5.92744], [120.44676, -5.92662], [120.44679, -5.92566], [120.44679, -5.92565], [120.44682, -5.92446], [120.44694, -5.92294], [120.44702, -5.92288], [120.44705, -5.9228], [120.44701, -5.92274], [120.44695, -5.92269], [120.44701, -5.92198], [120.44709, -5.92192], [120.44709, -5.92185], [120.44706, -5.92182], [120.44702, -5.92181], [120.44703, -5.92179], [120.44983, -5.92179], [120.45831, -5.92179], [120.45836, -5.92798], [120.45837, -5.92921], [120.45837, -5.92956], [120.45837, -5.93112], [120.45837, -5.93275], [120.45838, -5.93432], [120.45838, -5.93594], [120.45838, -5.93638], [120.45838, -5.93732], [120.45838, -5.93732], [120.45104, -5.93776], [120.44926, -5.93785], [120.44852, -5.93789], [120.44723, -5.93789], [120.44723, -5.93789], [120.44674, -5.93789], [120.44675, -5.9378], [120.44675, -5.93767], [120.44676, -5.93767], [120.44676, -5.93753], [120.44674, -5.93738], [120.44679, -5.93716], [120.44678, -5.93693], [120.44681, -5.93683], [120.44702, -5.93568]]]}}, {"type": "Feature", "properties": {"id": "051.005.BUKI", "nmkec": "Buki", "nmdesa": "Buki", "kdkec": "051", "kddesa": "005", "dominan": "kelapa", "total_ha": 2133.3}, "geometry": {"type": "Polygon", "coordinates": [[[120.48657, -5.98275], [120.4843, -5.9877], [120.4843, -5.9877], [120.48361, -5.98753], [120.48361, -5.98752], [120.48361, -5.98752], [120.48202, -5.98712], [120.48161, -5.98701], [120.47819, -5.98614], [120.46582, -5.98297], [120.46544, -5.98288], [120.46544, -5.98288], [120.46509, -5.98279], [120.46426, -5.98257], [120.46321, -5.9823], [120.46295, -5.98218], [120.46292, -5.98208], [120.46288, -5.98192], [120.4629, -5.98155], [120.46277, -5.98116], [120.4625, -5.98105], [120.46211, -5.98079], [120.46158, -5.98072], [120.4615, -5.98071], [120.46105, -5.9806], [120.46084, -5.98041], [120.46061, -5.98034], [120.46059, -5.98034], [120.46024, -5.98031], [120.46008, -5.98008], [120.4599, -5.98007], [120.4599, -5.98006], [120.4598, -5.98005], [120.45967, -5.97994], [120.45932, -5.97968], [120.45879, -5.97958], [120.45846, -5.9794], [120.45835, -5.97938], [120.45784, -5.9795], [120.45754, -5.97968], [120.45751, -5.9797], [120.45732, -5.97993], [120.45702, -5.9802], [120.45683, -5.97954], [120.45669, -5.97924], [120.45654, -5.97917], [120.45619, -5.97933], [120.45576, -5.97938], [120.45528, -5.9794], [120.45471, -5.97938], [120.45437, -5.97904], [120.45436, -5.97903], [120.45446, -5.97878], [120.45409, -5.97858], [120.45344, -5.97849], [120.45288, -5.97836], [120.45213, -5.9783], [120.45184, -5.97827], [120.45137, -5.97828], [120.45153, -5.97894], [120.45145, -5.97927], [120.45134, -5.97961], [120.45126, -5.97969], [120.45122, -5.97969], [120.45123, -5.97965], [120.45121, -5.97965], [120.45113, -5.97962], [120.45105, -5.97956], [120.45097, -5.97952], [120.45096, -5.97952], [120.45096, -5.97952], [120.45091, -5.97951], [120.45091, -5.97951], [120.45087, -5.9795], [120.45078, -5.9795], [120.45073, -5.9794], [120.45071, -5.97934], [120.45055, -5.97913], [120.45055, -5.97905], [120.45049, -5.97892], [120.45046, -5.97884], [120.45043, -5.97881], [120.45038, -5.97871], [120.45037, -5.97863], [120.45041, -5.97853], [120.4504, -5.97843], [120.45058, -5.97808], [120.4506, -5.978], [120.45059, -5.97792], [120.4506, -5.97788], [120.45062, -5.97776], [120.45059, -5.97759], [120.45059, -5.97743], [120.45056, -5.97741], [120.45054, -5.97731], [120.45054, -5.97724], [120.45053, -5.97713], [120.45044, -5.97697], [120.45037, -5.97686], [120.45027, -5.97672], [120.45019, -5.97662], [120.45011, -5.97645], [120.45011, -5.9764], [120.45006, -5.97632], [120.45006, -5.97632], [120.45, -5.97615], [120.44995, -5.976], [120.44991, -5.97595], [120.44984, -5.97593], [120.44978, -5.97578], [120.44976, -5.97577], [120.44966, -5.97565], [120.44954, -5.97551], [120.44947, -5.97541], [120.44944, -5.97534], [120.44945, -5.97524], [120.4495, -5.97515], [120.4495, -5.97515], [120.4495, -5.97513], [120.44953, -5.97511], [120.44962, -5.97496], [120.44968, -5.97476], [120.44968, -5.97476], [120.44967, -5.97476], [120.44962, -5.97464], [120.44963, -5.9746], [120.44958, -5.97451], [120.44956, -5.97445], [120.44949, -5.97432], [120.44947, -5.97426], [120.44939, -5.97413], [120.44934, -5.97412], [120.44927, -5.97404], [120.4492, -5.97388], [120.44911, -5.97374], [120.4491, -5.97364], [120.449, -5.97349], [120.44894, -5.97343], [120.44889, -5.97339], [120.44881, -5.97329], [120.44877, -5.97317], [120.44874, -5.9731], [120.44872, -5.97303], [120.44868, -5.9729], [120.4486, -5.97277], [120.44857, -5.97261], [120.44853, -5.97253], [120.44851, -5.97248], [120.44846, -5.9723], [120.44839, -5.97228], [120.44836, -5.97216], [120.44835, -5.97214], [120.44841, -5.97209], [120.4484, -5.97203], [120.44835, -5.972], [120.44829, -5.97189], [120.44825, -5.97181], [120.4482, -5.97182], [120.44816, -5.97173], [120.44826, -5.97171], [120.44822, -5.9716], [120.44815, -5.97154], [120.4481, -5.97148], [120.44809, -5.97139], [120.44809, -5.97129], [120.44804, -5.97116], [120.448, -5.97114], [120.44799, -5.97098], [120.44786, -5.97069], [120.44788, -5.97068], [120.44787, -5.97063], [120.44786, -5.97062], [120.44784, -5.97053], [120.4478, -5.97047], [120.44777, -5.97042], [120.44777, -5.97035], [120.44776, -5.97027], [120.44775, -5.97024], [120.4477, -5.97024], [120.44764, -5.97024], [120.44764, -5.97023], [120.44766, -5.97018], [120.44767, -5.97013], [120.44763, -5.97011], [120.44758, -5.9701], [120.44752, -5.9699], [120.44755, -5.96987], [120.44756, -5.96978], [120.44751, -5.96973], [120.44747, -5.96965], [120.44745, -5.96956], [120.44742, -5.96956], [120.44743, -5.96954], [120.44742, -5.96946], [120.44742, -5.96921], [120.44746, -5.9692], [120.44741, -5.96907], [120.44739, -5.969], [120.44732, -5.96881], [120.44722, -5.96858], [120.44715, -5.96838], [120.44709, -5.96817], [120.44708, -5.96807], [120.44704, -5.96804], [120.44699, -5.96798], [120.44699, -5.96793], [120.44697, -5.96786], [120.44692, -5.96785], [120.44689, -5.96764], [120.44692, -5.96762], [120.4469, -5.96758], [120.44685, -5.96756], [120.44682, -5.96742], [120.44677, -5.96726], [120.44673, -5.96719], [120.4467, -5.96704], [120.44668, -5.96704], [120.44668, -5.96703], [120.44662, -5.96683], [120.44666, -5.96681], [120.44667, -5.96678], [120.44665, -5.96675], [120.44661, -5.96675], [120.44659, -5.96676], [120.44659, -5.96675], [120.4466, -5.96665], [120.44656, -5.96665], [120.44655, -5.96646], [120.4465, -5.9664], [120.44643, -5.96621], [120.44639, -5.96599], [120.44635, -5.9659], [120.44635, -5.96584], [120.44633, -5.96573], [120.44625, -5.96539], [120.4462, -5.96514], [120.44615, -5.96499], [120.44608, -5.96475], [120.446, -5.96452], [120.44593, -5.96419], [120.44587, -5.96391], [120.44583, -5.96374], [120.4458, -5.9636], [120.44576, -5.96336], [120.44572, -5.9631], [120.44568, -5.96302], [120.44562, -5.96285], [120.44564, -5.96274], [120.44563, -5.96271], [120.44557, -5.96245], [120.44558, -5.96239], [120.44555, -5.96219], [120.44552, -5.96196], [120.44548, -5.96164], [120.44549, -5.96135], [120.44549, -5.96124], [120.44549, -5.96106], [120.4454, -5.96099], [120.44538, -5.96093], [120.44539, -5.96088], [120.44539, -5.96082], [120.44536, -5.96076], [120.44535, -5.9607], [120.4454, -5.96066], [120.44543, -5.9606], [120.44543, -5.96053], [120.44543, -5.96045], [120.4454, -5.96037], [120.4454, -5.96031], [120.44539, -5.96017], [120.44536, -5.95992], [120.44535, -5.95969], [120.44536, -5.95956], [120.44537, -5.95941], [120.44536, -5.95926], [120.44536, -5.95903], [120.44535, -5.95895], [120.44534, -5.95882], [120.44533, -5.95855], [120.44534, -5.95839], [120.44535, -5.95815], [120.44538, -5.95792], [120.4454, -5.95775], [120.4454, -5.95761], [120.44539, -5.95748], [120.44539, -5.95732], [120.4454, -5.95715], [120.44543, -5.95701], [120.44545, -5.95688], [120.44547, -5.95671], [120.44546, -5.95657], [120.44559, -5.95657], [120.44818, -5.95657], [120.45077, -5.95657], [120.45207, -5.95657], [120.45336, -5.95657], [120.45356, -5.95657], [120.45356, -5.95658], [120.45588, -5.95664], [120.45588, -5.95722], [120.45905, -5.95722], [120.45944, -5.95761], [120.45957, -5.9576], [120.46125, -5.95754], [120.46138, -5.95771], [120.46151, -5.95787], [120.46561, -5.95782], [120.46644, -5.95782], [120.46644, -5.96642], [120.46644, -5.96642], [120.4669, -5.96642], [120.47985, -5.96642], [120.47986, -5.96642], [120.48249, -5.96642], [120.48414, -5.96642], [120.48414, -5.96642], [120.48527, -5.96643], [120.48679, -5.96644], [120.49042, -5.97432], [120.49042, -5.97432], [120.49042, -5.97432], [120.48813, -5.97934], [120.48689, -5.97957], [120.48579, -5.98205], [120.48565, -5.98224], [120.48657, -5.98269], [120.48656, -5.98271], [120.48658, -5.98272], [120.48657, -5.98275]]]}}, {"type": "Feature", "properties": {"id": "020.011.TELUK_KAMPE", "nmkec": "Pasimassunggu", "nmdesa": "Teluk Kampe", "kdkec": "020", "kddesa": "011", "dominan": "kelapa", "total_ha": 1537.5}, "geometry": {"type": "Polygon", "coordinates": [[[120.67905, -7.12227], [120.6776, -7.12233], [120.67686, -7.12228], [120.67653, -7.12242], [120.6759, -7.12292], [120.67481, -7.12353], [120.67342, -7.12364], [120.67309, -7.12354], [120.67242, -7.12304], [120.67151, -7.12268], [120.6709, -7.12228], [120.67067, -7.12157], [120.67001, -7.12125], [120.66918, -7.12116], [120.66884, -7.12125], [120.6681, -7.12149], [120.66778, -7.12117], [120.66705, -7.12116], [120.66635, -7.12144], [120.66566, -7.12186], [120.66493, -7.12169], [120.66432, -7.12127], [120.66377, -7.12134], [120.66325, -7.12103], [120.66254, -7.12089], [120.66221, -7.12096], [120.66164, -7.12116], [120.6612, -7.12139], [120.66065, -7.12154], [120.66, -7.12207], [120.65955, -7.12211], [120.65888, -7.12227], [120.65761, -7.12272], [120.6567, -7.12337], [120.65577, -7.12379], [120.65504, -7.12445], [120.65438, -7.12532], [120.6537, -7.12603], [120.65347, -7.12648], [120.65352, -7.12687], [120.65359, -7.12737], [120.65377, -7.12763], [120.65395, -7.12794], [120.65403, -7.12804], [120.65432, -7.12815], [120.65502, -7.12841], [120.65583, -7.12881], [120.65634, -7.12891], [120.65717, -7.12917], [120.65784, -7.12943], [120.65886, -7.12937], [120.65963, -7.1294], [120.66046, -7.12946], [120.66117, -7.12941], [120.66158, -7.12979], [120.6622, -7.12993], [120.66318, -7.1299], [120.66405, -7.12975], [120.66495, -7.12968], [120.66576, -7.12942], [120.66665, -7.12931], [120.66737, -7.12914], [120.66825, -7.12884], [120.66931, -7.12918], [120.66988, -7.12969], [120.67046, -7.12996], [120.67102, -7.13016], [120.67139, -7.13071], [120.67154, -7.13147], [120.67164, -7.13205], [120.67229, -7.1328], [120.67314, -7.13363], [120.67377, -7.13394], [120.67428, -7.13384], [120.67457, -7.134], [120.6747, -7.13449], [120.67515, -7.13476], [120.6756, -7.13491], [120.67614, -7.13484], [120.6764, -7.13509], [120.67621, -7.13596], [120.67606, -7.13647], [120.67579, -7.13649], [120.67539, -7.13655], [120.67549, -7.13706], [120.6761, -7.13722], [120.67705, -7.13758], [120.67743, -7.13826], [120.67771, -7.13927], [120.67842, -7.13997], [120.67857, -7.14072], [120.67928, -7.14074], [120.67957, -7.14175], [120.6803, -7.1428], [120.68026, -7.14345], [120.67959, -7.14303], [120.67908, -7.14227], [120.67843, -7.14192], [120.67754, -7.14231], [120.67722, -7.14288], [120.6773, -7.14386], [120.67704, -7.14438], [120.67659, -7.1451], [120.67602, -7.14544], [120.67492, -7.14573], [120.6741, -7.14601], [120.67349, -7.14594], [120.67302, -7.14588], [120.67269, -7.14588], [120.67217, -7.14619], [120.67164, -7.14617], [120.67114, -7.14629], [120.6708, -7.14659], [120.67059, -7.14693], [120.67039, -7.14678], [120.67038, -7.14641], [120.67019, -7.14643], [120.67005, -7.14678], [120.66987, -7.14701], [120.67013, -7.14714], [120.67048, -7.14708], [120.67056, -7.14739], [120.67054, -7.14772], [120.67016, -7.14801], [120.66993, -7.14826], [120.66996, -7.14944], [120.6702, -7.14996], [120.67009, -7.15053], [120.66954, -7.15044], [120.66927, -7.14999], [120.66873, -7.14933], [120.66845, -7.14882], [120.66851, -7.14822], [120.66872, -7.14791], [120.66879, -7.14756], [120.66906, -7.14731], [120.66919, -7.14709], [120.66894, -7.14692], [120.66861, -7.14689], [120.66835, -7.14704], [120.66814, -7.14729], [120.6677, -7.14724], [120.66714, -7.14655], [120.66656, -7.14563], [120.66584, -7.14503], [120.66508, -7.14364], [120.66422, -7.14318], [120.66338, -7.14311], [120.66269, -7.14288], [120.66183, -7.14255], [120.66091, -7.14268], [120.66036, -7.14309], [120.65976, -7.14351], [120.6594, -7.14439], [120.65875, -7.14448], [120.6584, -7.14427], [120.65819, -7.1441], [120.6581, -7.14411], [120.6573, -7.14354], [120.6566, -7.14258], [120.65556, -7.14184], [120.65631, -7.13999], [120.65518, -7.13808], [120.6543, -7.13726], [120.65416, -7.13668], [120.6523, -7.13477], [120.65186, -7.13474], [120.65159, -7.13453], [120.65128, -7.13441], [120.65105, -7.13485], [120.65059, -7.13489], [120.6503, -7.13496], [120.65019, -7.13496], [120.64978, -7.13502], [120.64952, -7.13466], [120.64941, -7.13419], [120.64898, -7.13342], [120.64876, -7.13324], [120.64811, -7.13271], [120.64806, -7.13266], [120.64668, -7.13208], [120.64611, -7.13234], [120.64573, -7.13235], [120.64458, -7.13205], [120.64415, -7.13198], [120.6435, -7.13168], [120.64335, -7.1314], [120.64314, -7.13128], [120.64266, -7.1309], [120.64187, -7.13073], [120.64099, -7.13052], [120.64054, -7.13018], [120.64032, -7.12952], [120.64033, -7.12907], [120.64029, -7.12883], [120.63952, -7.12855], [120.63874, -7.12847], [120.63814, -7.12831], [120.63693, -7.1283], [120.63624, -7.12853], [120.63563, -7.12883], [120.63511, -7.12923], [120.63446, -7.12979], [120.63444, -7.13], [120.63428, -7.13047], [120.63457, -7.13075], [120.63501, -7.13092], [120.63522, -7.13151], [120.63419, -7.133], [120.6337, -7.13312], [120.63294, -7.13313], [120.63215, -7.13279], [120.63152, -7.13231], [120.63137, -7.13185], [120.63127, -7.13159], [120.63159, -7.13116], [120.63173, -7.12887], [120.63209, -7.12804], [120.63311, -7.12743], [120.63372, -7.12717], [120.63358, -7.1257], [120.63332, -7.12431], [120.63332, -7.12426], [120.63342, -7.12423], [120.63357, -7.12418], [120.63358, -7.12417], [120.64034, -7.12096], [120.6454, -7.11879], [120.64801, -7.11778], [120.65048, -7.11603], [120.6575, -7.11569], [120.65834, -7.10578], [120.66017, -7.10421], [120.66534, -7.09975], [120.67539, -7.09344], [120.67912, -7.0954], [120.68281, -7.0973], [120.68698, -7.09948], [120.69063, -7.10136], [120.69452, -7.10344], [120.69533, -7.10382], [120.69016, -7.11777], [120.68861, -7.12201], [120.68828, -7.12289], [120.68732, -7.12548], [120.68705, -7.12533], [120.6868, -7.12513], [120.68594, -7.12501], [120.68529, -7.12445], [120.68489, -7.12416], [120.68427, -7.12396], [120.68383, -7.12378], [120.68339, -7.12361], [120.68338, -7.12361], [120.68337, -7.12362], [120.68327, -7.1238], [120.68202, -7.1231], [120.68087, -7.12266], [120.68059, -7.12257], [120.67988, -7.12233], [120.67905, -7.12227]]]}}, {"type": "Feature", "properties": {"id": "050.012.KAYU_BAUK", "nmkec": "Bontomatene", "nmdesa": "Kayu Bauk", "kdkec": "050", "kddesa": "012", "dominan": "kelapa", "total_ha": 895.3}, "geometry": {"type": "Polygon", "coordinates": [[[120.5328, -5.8967], [120.51518, -5.8967], [120.51372, -5.8967], [120.48583, -5.8967], [120.48581, -5.89632], [120.48577, -5.89574], [120.48587, -5.89456], [120.48597, -5.89378], [120.48621, -5.89348], [120.48621, -5.89029], [120.48572, -5.88999], [120.48573, -5.88964], [120.48577, -5.88775], [120.48575, -5.88775], [120.48563, -5.8849], [120.48613, -5.8839], [120.48625, -5.88284], [120.48636, -5.88193], [120.48659, -5.88003], [120.487, -5.87654], [120.48701, -5.87649], [120.4874, -5.87321], [120.51529, -5.87321], [120.51557, -5.87326], [120.53295, -5.87326], [120.53295, -5.87326], [120.53298, -5.87344], [120.53304, -5.87372], [120.53305, -5.87383], [120.53296, -5.87403], [120.53291, -5.87415], [120.53298, -5.87428], [120.53303, -5.87432], [120.53303, -5.87446], [120.53312, -5.87455], [120.53327, -5.87464], [120.53339, -5.87466], [120.53346, -5.87469], [120.53343, -5.87479], [120.53349, -5.87494], [120.53363, -5.87495], [120.53368, -5.87499], [120.53367, -5.87511], [120.53387, -5.87518], [120.53387, -5.87519], [120.5339, -5.87534], [120.53388, -5.87536], [120.53384, -5.87563], [120.5337, -5.87578], [120.53363, -5.87611], [120.53353, -5.87619], [120.53347, -5.87645], [120.53345, -5.87649], [120.53338, -5.87661], [120.53342, -5.87688], [120.53347, -5.87689], [120.53347, -5.8769], [120.53352, -5.87691], [120.53361, -5.87714], [120.5336, -5.8773], [120.5336, -5.87737], [120.53362, -5.87749], [120.53366, -5.87765], [120.53351, -5.87783], [120.53346, -5.87796], [120.53349, -5.87822], [120.5335, -5.87856], [120.53353, -5.87885], [120.53352, -5.87919], [120.53351, -5.87941], [120.53351, -5.87941], [120.5335, -5.87962], [120.53358, -5.87964], [120.53358, -5.87964], [120.53363, -5.87965], [120.53385, -5.88003], [120.53369, -5.88003], [120.53369, -5.88004], [120.5337, -5.88003], [120.53384, -5.88003], [120.53389, -5.88012], [120.53374, -5.88022], [120.53382, -5.88049], [120.53382, -5.88052], [120.5337, -5.88054], [120.53366, -5.88069], [120.53379, -5.88083], [120.5338, -5.88091], [120.53375, -5.88107], [120.53368, -5.88113], [120.53361, -5.88132], [120.53352, -5.88134], [120.53365, -5.88145], [120.53369, -5.88158], [120.53374, -5.88169], [120.53378, -5.88172], [120.53384, -5.88182], [120.53388, -5.88182], [120.53388, -5.88193], [120.53389, -5.88199], [120.53386, -5.882], [120.53386, -5.88216], [120.53388, -5.88234], [120.53391, -5.88259], [120.53389, -5.88272], [120.53394, -5.88277], [120.53393, -5.88284], [120.53393, -5.88285], [120.53367, -5.88296], [120.53361, -5.88307], [120.53363, -5.88316], [120.53369, -5.88322], [120.53367, -5.88322], [120.53381, -5.8832], [120.5339, -5.88318], [120.53405, -5.88321], [120.53412, -5.88331], [120.5342, -5.88348], [120.53424, -5.88368], [120.53432, -5.88376], [120.53446, -5.88395], [120.5345, -5.88416], [120.53453, -5.88435], [120.53461, -5.88452], [120.5347, -5.88465], [120.53462, -5.88482], [120.53451, -5.88497], [120.5345, -5.88511], [120.53454, -5.88519], [120.5345, -5.88534], [120.53453, -5.88549], [120.53456, -5.88561], [120.53462, -5.88571], [120.53467, -5.88577], [120.53463, -5.88595], [120.53462, -5.8863], [120.53463, -5.8866], [120.53465, -5.88694], [120.53464, -5.88715], [120.53458, -5.88732], [120.5345, -5.8874], [120.5345, -5.88753], [120.53463, -5.8876], [120.53469, -5.88774], [120.53473, -5.88792], [120.53475, -5.88812], [120.5348, -5.88827], [120.53487, -5.88833], [120.5349, -5.88839], [120.53487, -5.88847], [120.53472, -5.8886], [120.53465, -5.88871], [120.53457, -5.88881], [120.53445, -5.88884], [120.53431, -5.88882], [120.53431, -5.88882], [120.53407, -5.8888], [120.53386, -5.88876], [120.53367, -5.8887], [120.53352, -5.88865], [120.53351, -5.88864], [120.53347, -5.88867], [120.53325, -5.88869], [120.53314, -5.88862], [120.53303, -5.88862], [120.53298, -5.88871], [120.53308, -5.88884], [120.53289, -5.88893], [120.53282, -5.88896], [120.53277, -5.88906], [120.53271, -5.88909], [120.53262, -5.88938], [120.53257, -5.88964], [120.53255, -5.88974], [120.53247, -5.89002], [120.53249, -5.89023], [120.53258, -5.89052], [120.53266, -5.89084], [120.53271, -5.891], [120.53271, -5.89103], [120.53268, -5.89109], [120.5327, -5.89135], [120.53274, -5.89152], [120.53282, -5.89157], [120.53287, -5.89171], [120.53312, -5.89198], [120.53314, -5.89201], [120.53311, -5.89208], [120.53312, -5.8922], [120.53312, -5.89226], [120.53317, -5.89226], [120.53317, -5.8923], [120.53315, -5.89233], [120.53326, -5.89238], [120.53327, -5.89253], [120.53314, -5.89259], [120.53318, -5.89275], [120.53294, -5.89287], [120.53292, -5.89291], [120.53288, -5.89315], [120.53288, -5.89319], [120.53286, -5.89322], [120.53284, -5.89354], [120.53289, -5.89357], [120.53289, -5.89362], [120.53298, -5.89367], [120.5331, -5.89383], [120.53321, -5.89396], [120.5333, -5.8941], [120.5334, -5.89422], [120.53348, -5.8944], [120.53347, -5.89453], [120.53333, -5.89464], [120.53333, -5.89465], [120.53333, -5.89473], [120.53342, -5.89477], [120.53333, -5.89487], [120.53332, -5.89486], [120.53331, -5.89487], [120.53313, -5.89488], [120.53306, -5.89495], [120.5332, -5.89508], [120.53314, -5.89523], [120.5331, -5.89536], [120.53307, -5.8955], [120.53309, -5.89569], [120.53312, -5.89586], [120.53314, -5.89597], [120.53311, -5.89599], [120.53307, -5.89606], [120.53305, -5.8962], [120.53307, -5.8962], [120.53311, -5.8962], [120.53312, -5.89621], [120.53312, -5.89621], [120.53325, -5.89635], [120.53317, -5.89646], [120.53306, -5.89672], [120.53293, -5.89671], [120.53281, -5.8967], [120.5328, -5.8967]]]}}, {"type": "Feature", "properties": {"id": "020.010.MASSUNGKE", "nmkec": "Pasimassunggu", "nmdesa": "Massungke", "kdkec": "020", "kddesa": "010", "dominan": "kelapa", "total_ha": 400.9}, "geometry": {"type": "MultiPolygon", "coordinates": [[[[120.60369, -7.04233], [120.6035, -7.04234], [120.60329, -7.04237], [120.60307, -7.04239], [120.6028, -7.04244], [120.60263, -7.04251], [120.6025, -7.04258], [120.60237, -7.0427], [120.60226, -7.04281], [120.60206, -7.04293], [120.60185, -7.04294], [120.6017, -7.04289], [120.60155, -7.0427], [120.60159, -7.04248], [120.60169, -7.04237], [120.60183, -7.04229], [120.60188, -7.04211], [120.60205, -7.04178], [120.60216, -7.04165], [120.60231, -7.04139], [120.60242, -7.04122], [120.6027, -7.0409], [120.60284, -7.0408], [120.60298, -7.04068], [120.60309, -7.04052], [120.60317, -7.04046], [120.60351, -7.04038], [120.60368, -7.04034], [120.60395, -7.04033], [120.60419, -7.04037], [120.60439, -7.04042], [120.60454, -7.04054], [120.60472, -7.04067], [120.60497, -7.0408], [120.6052, -7.04089], [120.60537, -7.04101], [120.6056, -7.04111], [120.60581, -7.04122], [120.60604, -7.0413], [120.60625, -7.04145], [120.60646, -7.0415], [120.60678, -7.0416], [120.6069, -7.04173], [120.6069, -7.04188], [120.60674, -7.04203], [120.60655, -7.0421], [120.60642, -7.04212], [120.60613, -7.04209], [120.60603, -7.04203], [120.60596, -7.04192], [120.60579, -7.0418], [120.60556, -7.04175], [120.60539, -7.04172], [120.60516, -7.04176], [120.60493, -7.04182], [120.60474, -7.04184], [120.60463, -7.04194], [120.60458, -7.04201], [120.60442, -7.04211], [120.60416, -7.04219], [120.6039, -7.04229], [120.60369, -7.04233]]], [[[120.61932, -7.04082], [120.61955, -7.04117], [120.61958, -7.0416], [120.61928, -7.04192], [120.61891, -7.04213], [120.61846, -7.04222], [120.618, -7.04204], [120.61767, -7.04177], [120.61753, -7.04157], [120.61743, -7.04129], [120.61718, -7.04099], [120.61697, -7.04066], [120.61692, -7.04032], [120.61684, -7.04005], [120.61671, -7.0398], [120.6167, -7.03964], [120.61681, -7.03952], [120.61712, -7.03939], [120.61737, -7.03942], [120.61769, -7.03949], [120.61799, -7.03959], [120.61831, -7.03993], [120.61868, -7.04007], [120.61909, -7.0405], [120.61932, -7.04082]]], [[[120.61212, -7.04143], [120.61182, -7.04131], [120.61166, -7.04115], [120.61138, -7.04092], [120.61128, -7.04078], [120.61113, -7.04058], [120.61104, -7.04037], [120.611, -7.04011], [120.61099, -7.03981], [120.61103, -7.03957], [120.61109, -7.03939], [120.61121, -7.0393], [120.61133, -7.03929], [120.61141, -7.03924], [120.61145, -7.03912], [120.61148, -7.03905], [120.61167, -7.03909], [120.61184, -7.03916], [120.61198, -7.0393], [120.61208, -7.03953], [120.61222, -7.03976], [120.61229, -7.0399], [120.61246, -7.04], [120.61268, -7.04005], [120.61282, -7.04005], [120.61302, -7.04006], [120.61319, -7.04005], [120.61334, -7.04007], [120.61362, -7.04016], [120.61372, -7.04029], [120.61369, -7.04044], [120.6136, -7.04053], [120.61349, -7.04061], [120.61344, -7.0407], [120.61345, -7.04083], [120.61348, -7.041], [120.61347, -7.04117], [120.61343, -7.04129], [120.61335, -7.04142], [120.61317, -7.04159], [120.61297, -7.04168], [120.61276, -7.04168], [120.61256, -7.04165], [120.61235, -7.04154], [120.61212, -7.04143]]], [[[120.62376, -7.0287], [120.62387, -7.02826], [120.62375, -7.02817], [120.62369, -7.02796], [120.62377, -7.02755], [120.6239, -7.02737], [120.62406, -7.02726], [120.6241, -7.0267], [120.62409, -7.02663], [120.624, -7.02596], [120.62398, -7.0257], [120.62394, -7.0257], [120.62392, -7.0257], [120.62373, -7.02564], [120.62353, -7.0255], [120.62351, -7.02547], [120.62343, -7.0251], [120.62321, -7.02508], [120.6226, -7.02504], [120.62253, -7.02492], [120.62204, -7.02404], [120.62171, -7.02333], [120.62142, -7.02295], [120.62136, -7.02278], [120.62108, -7.02205], [120.62087, -7.02113], [120.62075, -7.02011], [120.62067, -7.01896], [120.62068, -7.01895], [120.62068, -7.01769], [120.62074, -7.01645], [120.62064, -7.01597], [120.62065, -7.01578], [120.62061, -7.01518], [120.62049, -7.01453], [120.62037, -7.01403], [120.62029, -7.01361], [120.62029, -7.01321], [120.62017, -7.01305], [120.62009, -7.01282], [120.61998, -7.01219], [120.61981, -7.01175], [120.61963, -7.01143], [120.61976, -7.01078], [120.61972, -7.00997], [120.61961, -7.00898], [120.61994, -7.00883], [120.62012, -7.00772], [120.62003, -7.00726], [120.61987, -7.00713], [120.61974, -7.00692], [120.61968, -7.00661], [120.61969, -7.00641], [120.61951, -7.00609], [120.61959, -7.00588], [120.61948, -7.00556], [120.61956, -7.00534], [120.61973, -7.00496], [120.61984, -7.00481], [120.62015, -7.00439], [120.62074, -7.0037], [120.62087, -7.00342], [120.62086, -7.00331], [120.62085, -7.00321], [120.62074, -7.00303], [120.62079, -7.0026], [120.62077, -7.00214], [120.62086, -7.00207], [120.62091, -7.00194], [120.62104, -7.00184], [120.62135, -7.0015], [120.62179, -7.00118], [120.62286, -7.00177], [120.62294, -7.00175], [120.62332, -7.00157], [120.62341, -7.00154], [120.62435, -7.00118], [120.62482, -7.00098], [120.62555, -7.00094], [120.62637, -7.0009], [120.62703, -7.0009], [120.62762, -7.00091], [120.62836, -7.00091], [120.62874, -7.00089], [120.6291, -7.00071], [120.62926, -7.0003], [120.62964, -7.00034], [120.62983, -7.00053], [120.62983, -7.00053], [120.63004, -7.00048], [120.63017, -7.00048], [120.63035, -7.00033], [120.63074, -7.00027], [120.63109, -7.00022], [120.63121, -7.00023], [120.63146, -7.00036], [120.63182, -7.00054], [120.63188, -7.00065], [120.63197, -7.0007], [120.63204, -7.00079], [120.63215, -7.00083], [120.63228, -7.0009], [120.63241, -7.00124], [120.63244, -7.00126], [120.63262, -7.00141], [120.63283, -7.00187], [120.63289, -7.00197], [120.63326, -7.00238], [120.63377, -7.00257], [120.63414, -7.00262], [120.63433, -7.00264], [120.63442, -7.0028], [120.63446, -7.00312], [120.63479, -7.00344], [120.63508, -7.00352], [120.6357, -7.0038], [120.63621, -7.00399], [120.63654, -7.00394], [120.63662, -7.0039], [120.63664, -7.0039], [120.63681, -7.00392], [120.63694, -7.00429], [120.63706, -7.00442], [120.63747, -7.0045], [120.63763, -7.00469], [120.63822, -7.00488], [120.63878, -7.00514], [120.6391, -7.00579], [120.63908, -7.00615], [120.63902, -7.0066], [120.63916, -7.00686], [120.63941, -7.00716], [120.63963, -7.00735], [120.6399, -7.00743], [120.63993, -7.00751], [120.63983, -7.00817], [120.64004, -7.00877], [120.64001, -7.00922], [120.64025, -7.00949], [120.64038, -7.00937], [120.64074, -7.00963], [120.64097, -7.01005], [120.64131, -7.01024], [120.64188, -7.01042], [120.64188, -7.01073], [120.64206, -7.01095], [120.64243, -7.01104], [120.64257, -7.01096], [120.64282, -7.01097], [120.64298, -7.01087], [120.64313, -7.01078], [120.64329, -7.01072], [120.64352, -7.01065], [120.64345, -7.01053], [120.64331, -7.01041], [120.64339, -7.01025], [120.64358, -7.01005], [120.64391, -7.01009], [120.64406, -7.01013], [120.64443, -7.01023], [120.6447, -7.01032], [120.64469, -7.01055], [120.645, -7.01051], [120.64533, -7.01041], [120.64541, -7.01043], [120.64541, -7.01047], [120.6455, -7.01063], [120.64572, -7.01067], [120.64573, -7.01072], [120.64581, -7.01081], [120.64591, -7.01085], [120.64591, -7.01092], [120.64597, -7.01093], [120.64614, -7.01093], [120.64625, -7.01106], [120.64632, -7.01097], [120.64639, -7.01091], [120.6464, -7.01091], [120.64659, -7.01095], [120.64682, -7.01107], [120.64684, -7.0111], [120.64693, -7.0112], [120.6469, -7.01141], [120.64705, -7.01146], [120.64723, -7.01141], [120.64736, -7.01134], [120.64752, -7.01132], [120.64752, -7.01132], [120.64752, -7.01132], [120.64752, -7.01132], [120.64768, -7.0114], [120.64765, -7.01252], [120.64754, -7.01886], [120.64681, -7.02489], [120.64663, -7.02659], [120.64663, -7.02659], [120.6464, -7.02873], [120.64588, -7.02894], [120.64592, -7.02976], [120.64593, -7.02983], [120.64597, -7.02983], [120.64614, -7.03332], [120.64619, -7.03445], [120.64661, -7.03455], [120.64702, -7.03476], [120.65544, -7.04713], [120.6563, -7.049], [120.65655, -7.04955], [120.65658, -7.04963], [120.65326, -7.05015], [120.649, -7.05087], [120.64422, -7.05171], [120.6413, -7.05202], [120.63829, -7.05243], [120.63153, -7.05129], [120.6302, -7.05052], [120.6301, -7.05046], [120.62956, -7.05015], [120.62765, -7.04927], [120.62765, -7.04927], [120.62765, -7.04926], [120.62759, -7.04921], [120.62781, -7.04833], [120.6278, -7.04818], [120.6278, -7.04803], [120.62779, -7.04785], [120.62777, -7.04769], [120.62777, -7.0475], [120.62781, -7.04724], [120.62785, -7.04692], [120.62787, -7.04664], [120.62785, -7.0464], [120.62784, -7.0462], [120.62783, -7.04609], [120.62782, -7.04602], [120.62781, -7.04588], [120.62773, -7.04562], [120.62767, -7.04541], [120.62761, -7.04517], [120.62729, -7.04468], [120.62669, -7.04407], [120.6265, -7.04372], [120.62646, -7.04336], [120.62641, -7.043], [120.62632, -7.04265], [120.62611, -7.04227], [120.62588, -7.04202], [120.62568, -7.04169], [120.62554, -7.04133], [120.62554, -7.04132], [120.62529, -7.04121], [120.625, -7.04064], [120.62509, -7.04016], [120.6252, -7.03967], [120.62539, -7.03913], [120.62516, -7.03886], [120.6246, -7.03766], [120.62431, -7.03728], [120.62405, -7.037], [120.62378, -7.03648], [120.62364, -7.03597], [120.6237, -7.03547], [120.62367, -7.03519], [120.6236, -7.03479], [120.62359, -7.0343], [120.62362, -7.03381], [120.6238, -7.03263], [120.62395, -7.03137], [120.62396, -7.03066], [120.62394, -7.03014], [120.62383, -7.02959], [120.62383, -7.02959], [120.62382, -7.02916], [120.62376, -7.0287]]]]}}, {"type": "Feature", "properties": {"id": "042.002.JAMBUIYA", "nmkec": "Bontomanai", "nmdesa": "Jambuiya", "kdkec": "042", "kddesa": "002", "dominan": "kelapa", "total_ha": 2049.1}, "geometry": {"type": "Polygon", "coordinates": [[[120.50715, -6.07691], [120.50708, -6.07805], [120.50098, -6.07805], [120.50079, -6.07805], [120.50079, -6.07816], [120.50079, -6.08032], [120.5008, -6.08032], [120.5008, -6.08076], [120.5008, -6.08456], [120.4994, -6.08451], [120.49937, -6.08451], [120.49935, -6.08451], [120.49916, -6.08447], [120.49907, -6.08445], [120.49607, -6.08384], [120.49604, -6.0819], [120.49606, -6.08153], [120.49606, -6.08153], [120.4961, -6.081], [120.49618, -6.08042], [120.49628, -6.08004], [120.49637, -6.07951], [120.4965, -6.07889], [120.4966, -6.07843], [120.49666, -6.07812], [120.49668, -6.07788], [120.49671, -6.07745], [120.49671, -6.07685], [120.49677, -6.07637], [120.49682, -6.07604], [120.49689, -6.07562], [120.49698, -6.07513], [120.49703, -6.07474], [120.49707, -6.0741], [120.49707, -6.0741], [120.49707, -6.0741], [120.49716, -6.07354], [120.48845, -6.07148], [120.48845, -6.07148], [120.48586, -6.07091], [120.48563, -6.07143], [120.47785, -6.06987], [120.47006, -6.06827], [120.46997, -6.06764], [120.46937, -6.06481], [120.46921, -6.06406], [120.46919, -6.06367], [120.46919, -6.06367], [120.46919, -6.06289], [120.46917, -6.06079], [120.46915, -6.05785], [120.46015, -6.05778], [120.4602, -6.05778], [120.45961, -6.04465], [120.46022, -6.04446], [120.46022, -6.04446], [120.46022, -6.04446], [120.46036, -6.04438], [120.46064, -6.04434], [120.46088, -6.0444], [120.46094, -6.04452], [120.46091, -6.04478], [120.46089, -6.04492], [120.46092, -6.0451], [120.46075, -6.04586], [120.46087, -6.04662], [120.46122, -6.0468], [120.46256, -6.04697], [120.46332, -6.04714], [120.46414, -6.04725], [120.4649, -6.04737], [120.4652, -6.04779], [120.46513, -6.04793], [120.46518, -6.04812], [120.46516, -6.04847], [120.46512, -6.04886], [120.46514, -6.04902], [120.4652, -6.04944], [120.46521, -6.04948], [120.46521, -6.04948], [120.46522, -6.04948], [120.46561, -6.04976], [120.4659, -6.04997], [120.4661, -6.04995], [120.46623, -6.05], [120.46644, -6.05], [120.46667, -6.04994], [120.46694, -6.0498], [120.46722, -6.04973], [120.46723, -6.04972], [120.46734, -6.04968], [120.46735, -6.04956], [120.46776, -6.04946], [120.4684, -6.04942], [120.46851, -6.04941], [120.46851, -6.04941], [120.46873, -6.0494], [120.46889, -6.04937], [120.46909, -6.04943], [120.46909, -6.04944], [120.46914, -6.04963], [120.46913, -6.04979], [120.46909, -6.04987], [120.46909, -6.04987], [120.46909, -6.04993], [120.46909, -6.04993], [120.46905, -6.04998], [120.469, -6.05002], [120.46872, -6.05029], [120.46862, -6.05042], [120.46858, -6.05046], [120.46858, -6.05047], [120.46855, -6.05062], [120.46855, -6.05062], [120.46854, -6.05064], [120.46845, -6.05084], [120.46853, -6.05101], [120.46868, -6.05115], [120.46872, -6.05117], [120.46872, -6.05117], [120.46892, -6.05128], [120.4691, -6.05131], [120.46914, -6.05132], [120.46917, -6.05133], [120.46972, -6.05166], [120.47015, -6.05203], [120.47054, -6.0529], [120.47094, -6.05355], [120.47148, -6.05425], [120.47212, -6.0548], [120.47267, -6.05519], [120.47302, -6.05541], [120.47339, -6.05559], [120.47427, -6.05586], [120.47467, -6.05632], [120.47512, -6.05633], [120.47548, -6.05591], [120.4757, -6.05542], [120.476, -6.05516], [120.47648, -6.05539], [120.47722, -6.05588], [120.47771, -6.05584], [120.47787, -6.05642], [120.47768, -6.05697], [120.47784, -6.05723], [120.47855, -6.05712], [120.47876, -6.05687], [120.4793, -6.05677], [120.47994, -6.05691], [120.48025, -6.0565], [120.48059, -6.05605], [120.48108, -6.05579], [120.48157, -6.05589], [120.4824, -6.0568], [120.48258, -6.05695], [120.48258, -6.05695], [120.48266, -6.05696], [120.4827, -6.05696], [120.48302, -6.05713], [120.48307, -6.05716], [120.48308, -6.05716], [120.48313, -6.05721], [120.48328, -6.05735], [120.48333, -6.05744], [120.48334, -6.05746], [120.48338, -6.05755], [120.48333, -6.05769], [120.48327, -6.05785], [120.48334, -6.05797], [120.48335, -6.05797], [120.48343, -6.05798], [120.48347, -6.05799], [120.48348, -6.05799], [120.48378, -6.05803], [120.48411, -6.0581], [120.48412, -6.0581], [120.48422, -6.05812], [120.48433, -6.05814], [120.48447, -6.05816], [120.48462, -6.05819], [120.48471, -6.05814], [120.48483, -6.05808], [120.48503, -6.05801], [120.48507, -6.058], [120.48508, -6.058], [120.48524, -6.05797], [120.48524, -6.05797], [120.48545, -6.05791], [120.48555, -6.05789], [120.48567, -6.05789], [120.48568, -6.05789], [120.48579, -6.05798], [120.48584, -6.05802], [120.48584, -6.05802], [120.48606, -6.05852], [120.48606, -6.05853], [120.48626, -6.05873], [120.48635, -6.05884], [120.48639, -6.05888], [120.48639, -6.05888], [120.48651, -6.05895], [120.48676, -6.05891], [120.48689, -6.05887], [120.48695, -6.05885], [120.48709, -6.05878], [120.48716, -6.05878], [120.48744, -6.05881], [120.48767, -6.05887], [120.48768, -6.05887], [120.48791, -6.05906], [120.48796, -6.0591], [120.48797, -6.05911], [120.48801, -6.05915], [120.48816, -6.05931], [120.48821, -6.05946], [120.48816, -6.05961], [120.48816, -6.05961], [120.48816, -6.05961], [120.48804, -6.05974], [120.48796, -6.0598], [120.48793, -6.05982], [120.48774, -6.05985], [120.48776, -6.05997], [120.48776, -6.05998], [120.48776, -6.05998], [120.48815, -6.06024], [120.48823, -6.0603], [120.48857, -6.06052], [120.4889, -6.06035], [120.48923, -6.06019], [120.49075, -6.05919], [120.49373, -6.05827], [120.49541, -6.05728], [120.49756, -6.05602], [120.50196, -6.054], [120.50345, -6.05331], [120.50757, -6.05077], [120.50757, -6.05077], [120.50757, -6.05077], [120.50757, -6.05077], [120.50792, -6.05642], [120.50792, -6.06082], [120.50792, -6.06114], [120.50791, -6.06125], [120.50791, -6.06129], [120.50791, -6.0613], [120.50791, -6.06459], [120.50792, -6.06586], [120.50793, -6.06607], [120.5099, -6.06607], [120.50986, -6.0662], [120.50893, -6.06931], [120.5084, -6.07086], [120.50822, -6.0714], [120.50741, -6.07374], [120.50715, -6.07691]]]}}, {"type": "Feature", "properties": {"id": "010.007.SAMBALI", "nmkec": "Pasimarannu", "nmdesa": "Sambali", "kdkec": "010", "kddesa": "007", "dominan": "kelapa", "total_ha": 1667.6}, "geometry": {"type": "Polygon", "coordinates": [[[121.1501, -7.36607], [121.15, -7.36606], [121.15, -7.36606], [121.142, -7.3655], [121.13347, -7.3649], [121.13347, -7.3649], [121.13343, -7.36333], [121.13342, -7.36264], [121.13355, -7.36221], [121.13465, -7.35859], [121.13566, -7.35418], [121.13566, -7.35418], [121.13641, -7.35085], [121.14029, -7.34539], [121.14134, -7.34398], [121.14204, -7.33898], [121.14204, -7.33898], [121.14205, -7.33898], [121.14243, -7.33894], [121.14273, -7.33893], [121.14312, -7.3389], [121.14337, -7.33887], [121.14356, -7.33882], [121.14393, -7.33877], [121.14428, -7.33865], [121.14574, -7.338], [121.14607, -7.33795], [121.1463, -7.33789], [121.14651, -7.3378], [121.14675, -7.33772], [121.14707, -7.33771], [121.1474, -7.33775], [121.14772, -7.33787], [121.14808, -7.33807], [121.14832, -7.33822], [121.14857, -7.3384], [121.14889, -7.3386], [121.14908, -7.33872], [121.14932, -7.33889], [121.14959, -7.33903], [121.15, -7.3392], [121.15034, -7.33938], [121.15068, -7.33963], [121.15102, -7.33985], [121.15206, -7.34095], [121.15225, -7.3411], [121.15248, -7.34124], [121.15272, -7.34138], [121.15293, -7.34156], [121.15319, -7.34175], [121.15341, -7.34189], [121.15361, -7.34206], [121.15387, -7.34225], [121.15421, -7.34247], [121.15555, -7.34337], [121.15583, -7.34351], [121.15612, -7.34365], [121.15639, -7.34381], [121.15668, -7.34398], [121.15768, -7.34453], [121.15787, -7.34465], [121.15814, -7.3447], [121.15855, -7.34471], [121.15883, -7.3447], [121.15909, -7.34469], [121.15939, -7.34467], [121.15965, -7.34464], [121.16068, -7.34455], [121.16113, -7.34463], [121.16153, -7.34464], [121.16177, -7.34464], [121.16203, -7.34464], [121.16231, -7.34477], [121.16266, -7.34487], [121.16294, -7.34494], [121.16317, -7.34494], [121.16356, -7.34498], [121.1639, -7.34504], [121.16414, -7.34511], [121.16452, -7.34522], [121.16478, -7.34533], [121.16515, -7.34547], [121.16536, -7.34565], [121.16552, -7.34584], [121.16568, -7.34612], [121.16591, -7.34673], [121.16653, -7.34792], [121.16663, -7.34814], [121.16676, -7.34838], [121.16695, -7.34903], [121.16692, -7.34942], [121.1669, -7.34983], [121.16696, -7.35065], [121.16729, -7.35126], [121.16757, -7.35155], [121.16761, -7.35165], [121.16764, -7.35171], [121.1677, -7.35194], [121.16779, -7.35218], [121.1682, -7.35412], [121.16754, -7.35495], [121.1674, -7.35522], [121.16755, -7.35583], [121.16741, -7.35668], [121.16729, -7.35733], [121.16721, -7.35781], [121.16718, -7.35782], [121.16659, -7.35838], [121.1658, -7.35883], [121.16574, -7.35894], [121.16558, -7.35925], [121.16556, -7.35928], [121.16546, -7.35948], [121.16476, -7.3603], [121.16359, -7.36084], [121.16341, -7.36125], [121.1623, -7.36234], [121.16126, -7.36407], [121.16027, -7.36572], [121.16009, -7.36632], [121.15984, -7.36716], [121.15986, -7.36737], [121.15986, -7.36737], [121.15987, -7.36745], [121.15955, -7.36824], [121.15866, -7.36921], [121.15534, -7.36647], [121.15532, -7.36645], [121.15528, -7.36642], [121.15524, -7.36639], [121.15439, -7.36634], [121.15416, -7.36632], [121.1501, -7.36607]]]}}, {"type": "Feature", "properties": {"id": "042.003.BONTOMARANNU", "nmkec": "Bontomanai", "nmdesa": "Bontomarannu", "kdkec": "042", "kddesa": "003", "dominan": "kelapa", "total_ha": 549.9}, "geometry": {"type": "Polygon", "coordinates": [[[120.53333, -6.09171], [120.53274, -6.09349], [120.52761, -6.09098], [120.52761, -6.09098], [120.52559, -6.08998], [120.51448, -6.09016], [120.51415, -6.09295], [120.51233, -6.09495], [120.51021, -6.09604], [120.51021, -6.09605], [120.5102, -6.10208], [120.50946, -6.10106], [120.5092, -6.10069], [120.50802, -6.09911], [120.5075, -6.09827], [120.50693, -6.09733], [120.50698, -6.09635], [120.50662, -6.09608], [120.50634, -6.09623], [120.50596, -6.09605], [120.50563, -6.09587], [120.50499, -6.09587], [120.5045, -6.09576], [120.50426, -6.09521], [120.50426, -6.09504], [120.50396, -6.09464], [120.50336, -6.09459], [120.50289, -6.09445], [120.50231, -6.09448], [120.50206, -6.09456], [120.50087, -6.09479], [120.50056, -6.09483], [120.50055, -6.09427], [120.5008, -6.08456], [120.5008, -6.08456], [120.5008, -6.08032], [120.50079, -6.07816], [120.50098, -6.07805], [120.50715, -6.07691], [120.50822, -6.0714], [120.50893, -6.06931], [120.5099, -6.06607], [120.50792, -6.06586], [120.50791, -6.0613], [120.50791, -6.06125], [120.50792, -6.06082], [120.50757, -6.05077], [120.51284, -6.05439], [120.51418, -6.05702], [120.52026, -6.05553], [120.52329, -6.05516], [120.52329, -6.05516], [120.52811, -6.06129], [120.53164, -6.06577], [120.53416, -6.06744], [120.53416, -6.06758], [120.5342, -6.06942], [120.53585, -6.06941], [120.53585, -6.06856], [120.53722, -6.06845], [120.54297, -6.07065], [120.54708, -6.07222], [120.55151, -6.0746], [120.55169, -6.0747], [120.55185, -6.07478], [120.55181, -6.07494], [120.55168, -6.07517], [120.55164, -6.07535], [120.55173, -6.0756], [120.55189, -6.07582], [120.55192, -6.07595], [120.55192, -6.07597], [120.55194, -6.07605], [120.55194, -6.0761], [120.55196, -6.07621], [120.55199, -6.07636], [120.55187, -6.07652], [120.55177, -6.0766], [120.55192, -6.07675], [120.55218, -6.07677], [120.55229, -6.07679], [120.55247, -6.07681], [120.55268, -6.07684], [120.55278, -6.0768], [120.55285, -6.07683], [120.55296, -6.07684], [120.5531, -6.07682], [120.55322, -6.07685], [120.55343, -6.07689], [120.55369, -6.07711], [120.55386, -6.07717], [120.55408, -6.07724], [120.55437, -6.07741], [120.55472, -6.07759], [120.55482, -6.07775], [120.55501, -6.07787], [120.55519, -6.07797], [120.55524, -6.0781], [120.55512, -6.07821], [120.55508, -6.07833], [120.55512, -6.0784], [120.55533, -6.07856], [120.55549, -6.0786], [120.55554, -6.07854], [120.55559, -6.07861], [120.55565, -6.07853], [120.5557, -6.07852], [120.55595, -6.07861], [120.55625, -6.07878], [120.55648, -6.07889], [120.55676, -6.07915], [120.55695, -6.07945], [120.55717, -6.07987], [120.5573, -6.08024], [120.5573, -6.08051], [120.55735, -6.08073], [120.55745, -6.08084], [120.55752, -6.08105], [120.55749, -6.08125], [120.5575, -6.08168], [120.55746, -6.08217], [120.55747, -6.0825], [120.55748, -6.08268], [120.55748, -6.08294], [120.55756, -6.08317], [120.55763, -6.08348], [120.55751, -6.0836], [120.55747, -6.08379], [120.55748, -6.084], [120.55742, -6.08411], [120.55734, -6.08423], [120.55725, -6.08433], [120.55715, -6.08444], [120.55701, -6.08446], [120.55688, -6.08446], [120.55682, -6.08452], [120.55678, -6.08459], [120.55686, -6.08467], [120.55695, -6.08494], [120.55701, -6.08518], [120.5569, -6.0853], [120.5569, -6.08552], [120.55696, -6.08588], [120.55706, -6.08616], [120.55708, -6.0864], [120.55702, -6.08665], [120.55703, -6.08719], [120.55705, -6.08731], [120.557, -6.08747], [120.55701, -6.08765], [120.55699, -6.08787], [120.55694, -6.08811], [120.55687, -6.08822], [120.55678, -6.08832], [120.55677, -6.08843], [120.55668, -6.0886], [120.55662, -6.08872], [120.55662, -6.08907], [120.55664, -6.0893], [120.55663, -6.08949], [120.55658, -6.08961], [120.55649, -6.08963], [120.5564, -6.08984], [120.5562, -6.08996], [120.55606, -6.08996], [120.5558, -6.08995], [120.55566, -6.08987], [120.55552, -6.08985], [120.55533, -6.0898], [120.55523, -6.08984], [120.55507, -6.08973], [120.55493, -6.0897], [120.55481, -6.08974], [120.55466, -6.0897], [120.55469, -6.08954], [120.55458, -6.08945], [120.55461, -6.08936], [120.55455, -6.08927], [120.55446, -6.08916], [120.55439, -6.08912], [120.55434, -6.08899], [120.55431, -6.08888], [120.55434, -6.08879], [120.55426, -6.08868], [120.55412, -6.08866], [120.554, -6.08861], [120.55399, -6.08861], [120.55381, -6.08861], [120.55359, -6.08876], [120.55341, -6.08892], [120.55318, -6.08929], [120.55295, -6.08967], [120.55283, -6.09003], [120.55286, -6.09045], [120.55311, -6.09074], [120.55336, -6.09085], [120.55373, -6.09119], [120.554, -6.09141], [120.55424, -6.09145], [120.55443, -6.09162], [120.5544, -6.09177], [120.55434, -6.09183], [120.55421, -6.09201], [120.55418, -6.09217], [120.55419, -6.09245], [120.55426, -6.09267], [120.55434, -6.09288], [120.55454, -6.09324], [120.55461, -6.09336], [120.55466, -6.09342], [120.55479, -6.09353], [120.55496, -6.09338], [120.55503, -6.09329], [120.55508, -6.09327], [120.55531, -6.09323], [120.55562, -6.09359], [120.5557, -6.09412], [120.55571, -6.09447], [120.55575, -6.09478], [120.55579, -6.09497], [120.55581, -6.09516], [120.55578, -6.09525], [120.55581, -6.09545], [120.55579, -6.09562], [120.55578, -6.09574], [120.55586, -6.09588], [120.55579, -6.09605], [120.55572, -6.09625], [120.55576, -6.09647], [120.55577, -6.09669], [120.55586, -6.09687], [120.5558, -6.09693], [120.55585, -6.09713], [120.55579, -6.09731], [120.5557, -6.09739], [120.55571, -6.09757], [120.55563, -6.09785], [120.55565, -6.098], [120.55556, -6.09845], [120.55548, -6.09869], [120.55546, -6.09892], [120.55536, -6.09924], [120.55525, -6.09931], [120.55512, -6.09954], [120.55504, -6.09976], [120.55502, -6.10002], [120.555, -6.10027], [120.55507, -6.10045], [120.55517, -6.10071], [120.55508, -6.10148], [120.55489, -6.1018], [120.55484, -6.10223], [120.55494, -6.10267], [120.55487, -6.10313], [120.55476, -6.10351], [120.5547, -6.10399], [120.55463, -6.10425], [120.55468, -6.10453], [120.55453, -6.10483], [120.55434, -6.105], [120.55425, -6.10518], [120.5541, -6.10535], [120.55425, -6.10555], [120.55428, -6.10575], [120.55421, -6.10621], [120.55414, -6.10638], [120.55404, -6.10651], [120.55406, -6.10671], [120.55403, -6.10688], [120.55397, -6.10706], [120.55393, -6.10716], [120.55377, -6.10726], [120.55375, -6.10739], [120.55359, -6.1075], [120.55355, -6.10768], [120.55332, -6.10777], [120.55309, -6.10786], [120.55295, -6.10793], [120.55301, -6.1081], [120.55296, -6.10831], [120.55278, -6.10838], [120.5527, -6.10819], [120.55263, -6.10805], [120.55244, -6.10792], [120.55228, -6.10781], [120.55203, -6.10769], [120.55185, -6.10743], [120.55165, -6.1072], [120.5515, -6.10701], [120.55133, -6.10707], [120.55111, -6.10709], [120.55092, -6.10699], [120.55071, -6.10705], [120.55044, -6.10712], [120.55019, -6.10704], [120.55004, -6.10694], [120.5498, -6.1068], [120.54959, -6.10659], [120.54958, -6.10648], [120.54956, -6.10634], [120.5495, -6.10627], [120.54937, -6.10622], [120.5492, -6.10631], [120.54909, -6.10641], [120.54879, -6.10647], [120.54859, -6.10651], [120.54847, -6.10643], [120.54839, -6.10638], [120.54836, -6.10624], [120.54828, -6.10617], [120.54813, -6.10619], [120.54798, -6.10619], [120.54761, -6.10605], [120.5473, -6.10598], [120.54718, -6.10623], [120.54709, -6.10652], [120.54663, -6.1066], [120.54639, -6.10663], [120.54634, -6.10666], [120.5461, -6.10664], [120.54595, -6.10659], [120.53445, -6.09644], [120.53333, -6.09171]]]}}, {"type": "Feature", "properties": {"id": "021.001.TAMBUNA", "nmkec": "Takabonerate", "nmdesa": "Tambuna", "kdkec": "021", "kddesa": "001", "dominan": "kelapa", "total_ha": 1140.9}, "geometry": {"type": "MultiPolygon", "coordinates": [[[[121.44351, -7.11839], [121.44352, -7.11853], [121.44352, -7.11869], [121.44353, -7.11884], [121.44345, -7.11909], [121.44339, -7.11924], [121.44329, -7.11938], [121.44319, -7.11949], [121.44302, -7.11966], [121.4429, -7.11979], [121.44278, -7.1199], [121.44267, -7.12003], [121.44256, -7.12009], [121.44248, -7.12012], [121.4424, -7.12025], [121.44234, -7.12036], [121.44223, -7.12047], [121.44206, -7.12054], [121.44185, -7.12046], [121.44178, -7.1203], [121.44182, -7.12013], [121.44193, -7.11997], [121.44198, -7.11982], [121.442, -7.11965], [121.44197, -7.11948], [121.44186, -7.11926], [121.44174, -7.11902], [121.4416, -7.11881], [121.44156, -7.11862], [121.44154, -7.11842], [121.44152, -7.11828], [121.44142, -7.11818], [121.44119, -7.1182], [121.44111, -7.1181], [121.44123, -7.11793], [121.44131, -7.11774], [121.4415, -7.11766], [121.4417, -7.11761], [121.44193, -7.11759], [121.44213, -7.11757], [121.44231, -7.11755], [121.44255, -7.11754], [121.44277, -7.11758], [121.44292, -7.11759], [121.44309, -7.11761], [121.4432, -7.11771], [121.44332, -7.11791], [121.44341, -7.11805], [121.44348, -7.11819], [121.44351, -7.11839]]], [[[121.09993, -7.06295], [121.09992, -7.06297], [121.09983, -7.06329], [121.09982, -7.06333], [121.09981, -7.06342], [121.09978, -7.06342], [121.09976, -7.06346], [121.09968, -7.06351], [121.09963, -7.06361], [121.09956, -7.06375], [121.09947, -7.06393], [121.09947, -7.06398], [121.09941, -7.06407], [121.09938, -7.06422], [121.0992, -7.06445], [121.09904, -7.06466], [121.09892, -7.06483], [121.09879, -7.065], [121.09874, -7.06511], [121.09871, -7.06516], [121.09866, -7.06524], [121.09862, -7.06532], [121.09851, -7.06544], [121.0984, -7.06556], [121.09837, -7.06564], [121.09823, -7.0658], [121.0981, -7.06592], [121.09798, -7.06603], [121.09776, -7.06619], [121.09761, -7.0663], [121.09747, -7.06642], [121.09737, -7.06653], [121.09724, -7.06666], [121.09717, -7.06672], [121.09692, -7.06689], [121.09667, -7.06691], [121.0964, -7.06693], [121.0964, -7.06693], [121.0964, -7.06694], [121.0962, -7.06697], [121.09597, -7.06705], [121.09587, -7.06712], [121.09581, -7.06721], [121.09571, -7.06727], [121.0956, -7.06729], [121.09553, -7.06729], [121.09544, -7.06723], [121.09539, -7.06712], [121.09535, -7.06702], [121.09527, -7.06646], [121.09528, -7.066], [121.09539, -7.06541], [121.09549, -7.065], [121.09555, -7.06471], [121.09571, -7.06396], [121.09595, -7.06313], [121.09629, -7.06222], [121.09648, -7.06169], [121.09659, -7.06138], [121.09683, -7.06076], [121.09687, -7.06064], [121.09711, -7.06003], [121.09716, -7.0599], [121.09724, -7.05975], [121.09752, -7.05924], [121.0978, -7.05892], [121.09814, -7.0586], [121.09834, -7.05862], [121.0985, -7.05862], [121.09874, -7.05862], [121.09892, -7.05863], [121.09911, -7.05867], [121.09925, -7.05875], [121.0993, -7.05888], [121.09937, -7.05902], [121.09951, -7.05921], [121.09971, -7.05946], [121.09971, -7.05948], [121.09977, -7.05963], [121.09977, -7.05964], [121.09978, -7.0597], [121.09979, -7.0599], [121.0998, -7.06006], [121.09983, -7.06023], [121.09986, -7.06036], [121.09987, -7.06048], [121.09987, -7.06056], [121.09987, -7.06061], [121.09988, -7.06068], [121.09992, -7.06082], [121.09995, -7.06094], [121.09999, -7.06113], [121.10003, -7.06144], [121.10003, -7.0619], [121.10003, -7.0619], [121.10003, -7.0619], [121.10001, -7.06233], [121.10001, -7.06238], [121.10001, -7.0624], [121.09997, -7.06268], [121.09997, -7.0627], [121.09993, -7.06295]]], [[[121.0631, -7.04669], [121.06298, -7.04696], [121.06284, -7.04682], [121.06248, -7.04592], [121.06226, -7.04493], [121.06225, -7.04418], [121.06225, -7.04334], [121.06229, -7.043], [121.06242, -7.04189], [121.06259, -7.04138], [121.06289, -7.04064], [121.06344, -7.03985], [121.06358, -7.03958], [121.06378, -7.03933], [121.06383, -7.03932], [121.06393, -7.03929], [121.06404, -7.03963], [121.06435, -7.04012], [121.06448, -7.04077], [121.06442, -7.04103], [121.06442, -7.04185], [121.06434, -7.04253], [121.06432, -7.04324], [121.06421, -7.0435], [121.06406, -7.044], [121.06393, -7.04452], [121.06391, -7.04499], [121.06382, -7.04526], [121.06381, -7.04533], [121.06358, -7.04542], [121.06339, -7.04556], [121.06327, -7.04572], [121.06324, -7.04576], [121.0632, -7.04604], [121.0632, -7.0465], [121.0631, -7.04669]]], [[[121.21659, -7.00693], [121.21634, -7.00678], [121.21629, -7.00662], [121.21619, -7.00652], [121.21601, -7.00632], [121.21594, -7.00618], [121.21632, -7.00583], [121.21663, -7.00601], [121.21674, -7.0056], [121.21694, -7.00496], [121.21725, -7.0042], [121.2176, -7.0033], [121.21826, -7.00239], [121.21849, -7.00196], [121.21877, -7.00155], [121.21876, -7.00128], [121.21866, -7.00107], [121.21828, -7.00114], [121.2182, -7.00101], [121.21823, -7.0009], [121.21846, -7.00085], [121.21873, -7.00085], [121.21889, -7.00094], [121.21898, -7.00117], [121.21902, -7.00174], [121.21905, -7.0021], [121.2192, -7.00223], [121.219, -7.0029], [121.21858, -7.00384], [121.21687, -7.00715], [121.21659, -7.00693]]]]}}, {"type": "Feature", "properties": {"id": "021.002.KAYUADI", "nmkec": "Takabonerate", "nmdesa": "Kayuadi", "kdkec": "021", "kddesa": "002", "dominan": "kelapa", "total_ha": 1517.6}, "geometry": {"type": "MultiPolygon", "coordinates": [[[[120.79059, -6.95685], [120.79084, -6.95701], [120.79119, -6.95718], [120.79146, -6.95726], [120.7918, -6.95728], [120.79195, -6.95734], [120.79216, -6.9574], [120.7924, -6.95747], [120.79259, -6.95754], [120.79283, -6.95766], [120.79299, -6.95772], [120.79317, -6.95777], [120.79344, -6.9578], [120.79368, -6.95782], [120.79393, -6.95789], [120.79412, -6.95796], [120.7943, -6.95805], [120.79431, -6.95805], [120.79431, -6.95805], [120.79434, -6.95806], [120.79444, -6.95812], [120.79458, -6.9582], [120.79466, -6.95825], [120.79465, -6.95835], [120.7945, -6.95848], [120.79437, -6.95853], [120.79412, -6.95866], [120.79397, -6.95884], [120.79385, -6.95902], [120.79369, -6.95917], [120.79356, -6.95929], [120.79346, -6.95956], [120.79326, -6.95979], [120.7931, -6.95997], [120.79293, -6.96012], [120.79278, -6.9602], [120.79253, -6.96029], [120.79232, -6.96032], [120.79221, -6.96038], [120.7921, -6.96046], [120.79196, -6.96052], [120.79189, -6.96053], [120.7918, -6.9606], [120.79158, -6.96069], [120.79126, -6.96084], [120.79102, -6.96095], [120.79074, -6.96104], [120.79062, -6.96112], [120.79034, -6.96119], [120.79004, -6.96131], [120.78971, -6.96135], [120.78947, -6.96135], [120.78922, -6.96135], [120.78903, -6.96136], [120.78881, -6.96142], [120.78857, -6.96157], [120.7884, -6.96161], [120.78824, -6.96168], [120.78801, -6.96167], [120.78776, -6.96165], [120.78743, -6.96154], [120.78715, -6.96141], [120.78699, -6.96131], [120.78681, -6.96124], [120.78648, -6.96105], [120.78633, -6.96092], [120.78619, -6.96084], [120.78612, -6.96079], [120.78592, -6.9607], [120.7859, -6.9607], [120.78588, -6.96066], [120.78574, -6.96046], [120.78557, -6.96016], [120.78543, -6.95989], [120.78532, -6.95963], [120.78528, -6.95949], [120.78526, -6.95921], [120.78539, -6.95881], [120.78551, -6.95858], [120.7857, -6.95832], [120.78595, -6.95805], [120.78623, -6.95783], [120.78643, -6.95761], [120.78665, -6.9574], [120.78706, -6.95702], [120.78737, -6.9568], [120.78771, -6.95668], [120.78773, -6.95667], [120.78784, -6.95664], [120.78806, -6.95658], [120.78848, -6.95652], [120.78891, -6.95649], [120.78936, -6.95652], [120.78965, -6.95655], [120.78992, -6.95661], [120.79032, -6.95675], [120.79044, -6.95679], [120.79059, -6.95685]]], [[[120.79052, -6.88212], [120.79045, -6.8822], [120.79033, -6.88226], [120.79026, -6.88229], [120.79026, -6.88231], [120.79021, -6.88237], [120.79016, -6.88238], [120.79016, -6.88237], [120.79014, -6.88237], [120.79008, -6.88234], [120.79007, -6.88225], [120.79005, -6.88224], [120.79006, -6.88221], [120.79007, -6.88212], [120.79008, -6.882], [120.79009, -6.88187], [120.79013, -6.88173], [120.79021, -6.88157], [120.79025, -6.88148], [120.79027, -6.88143], [120.79028, -6.88134], [120.79031, -6.88122], [120.79041, -6.88106], [120.79055, -6.88091], [120.79061, -6.88081], [120.79068, -6.88072], [120.79075, -6.88065], [120.79082, -6.88055], [120.79097, -6.88036], [120.79107, -6.88024], [120.79124, -6.88004], [120.79137, -6.87988], [120.79154, -6.87971], [120.79167, -6.87956], [120.79175, -6.8795], [120.79177, -6.8795], [120.79179, -6.87945], [120.79186, -6.87938], [120.79194, -6.87939], [120.79202, -6.87941], [120.79208, -6.87939], [120.79205, -6.87936], [120.7921, -6.87934], [120.79225, -6.87933], [120.79226, -6.87941], [120.79221, -6.87941], [120.7922, -6.87948], [120.79213, -6.87965], [120.79207, -6.8798], [120.79194, -6.88008], [120.79181, -6.8803], [120.79149, -6.88064], [120.79142, -6.88073], [120.79104, -6.88129], [120.79079, -6.88167], [120.79068, -6.88185], [120.79059, -6.88199], [120.79052, -6.88212]]], [[[120.80612, -6.84499], [120.80595, -6.84508], [120.80582, -6.84524], [120.80581, -6.8453], [120.8058, -6.8453], [120.8058, -6.84531], [120.80579, -6.84543], [120.80572, -6.84549], [120.80551, -6.84551], [120.80535, -6.84549], [120.80519, -6.84549], [120.80504, -6.84554], [120.80485, -6.84567], [120.8046, -6.84577], [120.8044, -6.84591], [120.80428, -6.846], [120.8041, -6.8462], [120.80359, -6.84689], [120.80358, -6.84689], [120.80357, -6.84691], [120.80307, -6.84756], [120.80263, -6.84817], [120.80235, -6.84857], [120.80228, -6.8487], [120.80205, -6.84912], [120.80206, -6.84913], [120.80202, -6.84914], [120.80189, -6.84943], [120.80176, -6.84968], [120.80169, -6.84977], [120.80161, -6.84993], [120.80157, -6.85005], [120.80145, -6.85025], [120.80114, -6.85106], [120.80066, -6.85271], [120.80033, -6.85371], [120.80011, -6.85456], [120.79994, -6.8551], [120.79982, -6.85555], [120.79977, -6.85594], [120.79959, -6.85689], [120.79953, -6.85758], [120.79951, -6.85826], [120.79955, -6.85879], [120.79955, -6.85928], [120.7996, -6.86036], [120.79956, -6.86048], [120.7994, -6.86086], [120.79939, -6.86154], [120.79937, -6.86271], [120.79924, -6.86358], [120.79915, -6.86412], [120.79915, -6.86425], [120.79913, -6.86435], [120.79913, -6.86469], [120.79903, -6.8651], [120.79905, -6.86541], [120.79901, -6.86556], [120.79902, -6.86572], [120.79895, -6.86593], [120.79867, -6.86606], [120.79845, -6.86602], [120.79831, -6.86599], [120.79812, -6.86615], [120.79772, -6.86634], [120.79732, -6.86634], [120.79694, -6.86628], [120.79678, -6.86633], [120.79665, -6.86641], [120.79656, -6.86667], [120.79643, -6.86681], [120.79612, -6.86677], [120.79586, -6.86666], [120.7956, -6.8665], [120.79559, -6.8665], [120.7953, -6.86631], [120.7951, -6.86627], [120.79502, -6.86619], [120.79482, -6.86604], [120.79463, -6.86579], [120.79444, -6.86545], [120.79421, -6.86503], [120.79415, -6.8649], [120.79414, -6.8649], [120.7938, -6.86439], [120.79359, -6.86393], [120.79346, -6.86365], [120.79343, -6.86353], [120.79344, -6.86347], [120.79333, -6.86305], [120.79328, -6.86271], [120.79325, -6.86226], [120.79322, -6.86182], [120.79318, -6.86111], [120.79316, -6.86044], [120.79313, -6.85976], [120.79313, -6.85921], [120.7932, -6.85872], [120.79324, -6.85808], [120.79329, -6.85738], [120.79333, -6.85649], [120.79338, -6.85551], [120.79339, -6.85525], [120.79338, -6.85449], [120.79341, -6.85354], [120.79342, -6.85244], [120.79344, -6.85159], [120.79341, -6.85072], [120.79339, -6.84986], [120.79338, -6.84933], [120.79338, -6.84933], [120.79336, -6.84879], [120.79335, -6.84814], [120.79333, -6.84764], [120.79334, -6.84699], [120.79333, -6.84632], [120.79331, -6.84553], [120.7933, -6.84505], [120.79331, -6.84484], [120.7933, -6.84422], [120.7933, -6.84405], [120.79324, -6.8433], [120.79319, -6.84329], [120.79317, -6.8431], [120.79323, -6.84308], [120.79321, -6.84233], [120.79325, -6.8422], [120.79325, -6.84201], [120.79325, -6.84196], [120.79325, -6.84177], [120.79323, -6.84149], [120.79319, -6.84123], [120.79315, -6.84106], [120.79306, -6.8403], [120.79298, -6.83965], [120.79292, -6.83933], [120.79272, -6.8382], [120.79265, -6.8377], [120.79266, -6.83758], [120.79262, -6.83724], [120.79262, -6.83724], [120.79255, -6.83673], [120.79255, -6.83667], [120.79247, -6.83607], [120.79244, -6.83554], [120.79236, -6.83518], [120.79231, -6.83486], [120.7923, -6.83461], [120.79228, -6.8343], [120.79222, -6.83348], [120.79222, -6.83265], [120.7922, -6.83208], [120.79221, -6.83149], [120.79221, -6.83118], [120.7922, -6.83078], [120.79214, -6.83], [120.79267, -6.83004], [120.79267, -6.83004], [120.79267, -6.83004], [120.79298, -6.83007], [120.7936, -6.83013], [120.7942, -6.83018], [120.79431, -6.83018], [120.79491, -6.83017], [120.79656, -6.83018], [120.8019, -6.83019], [120.8019, -6.83018], [120.80245, -6.8302], [120.80435, -6.82974], [120.80721, -6.82942], [120.80984, -6.82955], [120.81228, -6.82931], [120.81238, -6.82928], [120.81238, -6.82928], [120.81238, -6.82928], [120.81241, -6.82941], [120.81249, -6.82955], [120.81258, -6.82964], [120.81269, -6.82966], [120.81276, -6.82975], [120.8128, -6.82987], [120.81287, -6.8299], [120.81293, -6.82991], [120.81298, -6.83004], [120.81304, -6.83014], [120.81315, -6.83024], [120.81317, -6.83035], [120.81323, -6.83047], [120.81329, -6.83056], [120.8133, -6.83072], [120.8133, -6.83079], [120.8134, -6.83089], [120.8134, -6.831], [120.8134, -6.831], [120.81342, -6.83112], [120.81341, -6.83115], [120.8133, -6.83126], [120.81324, -6.83129], [120.81317, -6.83139], [120.81326, -6.83154], [120.81333, -6.83167], [120.81345, -6.83182], [120.81354, -6.8319], [120.81365, -6.83188], [120.81375, -6.83186], [120.81378, -6.83201], [120.81375, -6.83211], [120.81371, -6.83218], [120.81368, -6.83227], [120.81363, -6.83242], [120.81365, -6.8325], [120.81367, -6.83259], [120.81371, -6.83265], [120.81369, -6.83268], [120.81364, -6.83277], [120.81365, -6.83283], [120.81355, -6.83291], [120.81351, -6.83298], [120.81356, -6.83311], [120.81365, -6.8332], [120.81366, -6.83321], [120.81368, -6.83322], [120.81373, -6.83325], [120.81373, -6.83339], [120.8137, -6.83349], [120.81365, -6.83351], [120.81366, -6.83353], [120.81361, -6.83355], [120.81353, -6.83355], [120.81341, -6.83362], [120.8133, -6.83374], [120.81329, -6.83385], [120.81326, -6.83402], [120.81326, -6.83424], [120.81323, -6.83446], [120.81324, -6.83447], [120.81322, -6.83449], [120.8132, -6.83463], [120.81315, -6.83487], [120.81311, -6.83515], [120.81309, -6.83526], [120.81321, -6.83533], [120.81333, -6.83541], [120.81343, -6.83548], [120.81348, -6.83562], [120.81349, -6.83577], [120.81341, -6.83597], [120.81325, -6.83607], [120.81323, -6.83607], [120.81322, -6.83608], [120.81321, -6.83611], [120.8131, -6.8362], [120.81293, -6.83627], [120.81255, -6.83644], [120.8123, -6.8366], [120.81221, -6.83667], [120.81217, -6.8367], [120.81217, -6.8367], [120.81208, -6.83683], [120.81204, -6.83685], [120.81198, -6.83694], [120.81191, -6.83706], [120.81186, -6.83721], [120.81182, -6.83733], [120.81179, -6.83735], [120.81178, -6.83746], [120.81163, -6.83752], [120.81156, -6.83758], [120.81152, -6.83768], [120.81141, -6.83774], [120.81127, -6.83778], [120.81123, -6.83779], [120.81109, -6.83784], [120.81099, -6.83812], [120.81091, -6.83815], [120.81087, -6.83817], [120.81073, -6.83831], [120.81068, -6.83835], [120.81062, -6.83836], [120.81056, -6.83853], [120.81044, -6.83873], [120.81046, -6.83886], [120.81058, -6.83905], [120.81058, -6.83906], [120.81047, -6.83921], [120.81033, -6.83949], [120.81011, -6.83966], [120.8102, -6.83984], [120.81009, -6.8401], [120.80994, -6.84033], [120.80983, -6.84059], [120.80969, -6.84071], [120.80965, -6.84073], [120.80949, -6.84086], [120.80933, -6.84111], [120.80924, -6.84136], [120.80921, -6.84159], [120.80921, -6.84163], [120.80911, -6.84178], [120.80908, -6.84182], [120.80906, -6.84186], [120.80904, -6.8419], [120.80897, -6.84204], [120.80887, -6.84221], [120.80886, -6.84221], [120.80885, -6.84226], [120.80879, -6.84237], [120.80864, -6.84246], [120.80864, -6.8425], [120.80864, -6.8425], [120.80848, -6.84259], [120.80834, -6.84281], [120.80816, -6.84322], [120.808, -6.84382], [120.80796, -6.84398], [120.80794, -6.84398], [120.80778, -6.84415], [120.80764, -6.84431], [120.80752, -6.8445], [120.80752, -6.8445], [120.80752, -6.8445], [120.80751, -6.8445], [120.80742, -6.84456], [120.80727, -6.84464], [120.80708, -6.8447], [120.80689, -6.84464], [120.80677, -6.8446], [120.8067, -6.84461], [120.8065, -6.84468], [120.80632, -6.84484], [120.80613, -6.84495], [120.80612, -6.84499]]]]}}, {"type": "Feature", "properties": {"id": "042.006.BARUGAIYA", "nmkec": "Bontomanai", "nmdesa": "Barugaiya", "kdkec": "042", "kddesa": "006", "dominan": "kelapa", "total_ha": 608.1}, "geometry": {"type": "Polygon", "coordinates": [[[120.46783, -6.04081], [120.46762, -6.04309], [120.46757, -6.04566], [120.46793, -6.04712], [120.46851, -6.04941], [120.4684, -6.04942], [120.46735, -6.04956], [120.46723, -6.04972], [120.46694, -6.0498], [120.46644, -6.05], [120.4661, -6.04995], [120.46561, -6.04976], [120.46521, -6.04948], [120.4652, -6.04944], [120.46512, -6.04886], [120.46518, -6.04812], [120.4652, -6.04779], [120.46414, -6.04725], [120.46256, -6.04697], [120.46087, -6.04662], [120.46092, -6.0451], [120.46091, -6.04478], [120.46088, -6.0444], [120.46036, -6.04438], [120.46022, -6.04446], [120.45961, -6.04465], [120.45859, -6.04525], [120.45708, -6.04588], [120.45405, -6.04744], [120.45328, -6.04778], [120.45311, -6.04765], [120.45298, -6.04752], [120.45285, -6.0474], [120.45269, -6.04711], [120.45256, -6.04678], [120.45247, -6.04661], [120.45238, -6.04644], [120.4522, -6.04614], [120.45206, -6.04592], [120.45188, -6.04574], [120.45167, -6.04544], [120.45149, -6.04527], [120.4513, -6.045], [120.45105, -6.04474], [120.45075, -6.04445], [120.45059, -6.04429], [120.45046, -6.04408], [120.45012, -6.0437], [120.45003, -6.04353], [120.44991, -6.04326], [120.44985, -6.04296], [120.44967, -6.04266], [120.44948, -6.04224], [120.44932, -6.04171], [120.44919, -6.04152], [120.44911, -6.04135], [120.449, -6.04075], [120.44893, -6.04073], [120.44885, -6.04032], [120.44885, -6.04025], [120.44878, -6.03984], [120.44872, -6.03953], [120.44872, -6.03928], [120.44863, -6.03912], [120.44857, -6.03876], [120.44847, -6.03836], [120.44852, -6.03814], [120.44842, -6.03805], [120.44844, -6.03787], [120.4484, -6.03712], [120.44838, -6.03655], [120.4484, -6.03613], [120.44839, -6.03571], [120.44834, -6.0354], [120.44835, -6.03506], [120.44839, -6.03497], [120.44837, -6.03482], [120.44841, -6.03458], [120.44838, -6.03425], [120.44839, -6.03387], [120.4484, -6.03369], [120.44849, -6.03321], [120.4486, -6.0328], [120.44867, -6.03243], [120.44869, -6.03227], [120.44877, -6.03181], [120.44882, -6.0314], [120.44887, -6.03084], [120.44896, -6.03026], [120.44898, -6.0301], [120.44897, -6.0296], [120.44899, -6.02936], [120.44904, -6.02902], [120.44906, -6.0288], [120.44905, -6.02853], [120.44906, -6.02837], [120.44909, -6.02813], [120.44908, -6.02772], [120.44908, -6.02743], [120.44905, -6.0272], [120.44905, -6.0269], [120.44908, -6.02667], [120.44912, -6.02652], [120.44908, -6.02633], [120.44907, -6.02617], [120.44915, -6.02597], [120.44915, -6.02585], [120.44921, -6.02553], [120.44922, -6.02513], [120.44934, -6.0247], [120.44948, -6.02443], [120.44961, -6.0239], [120.4496, -6.02359], [120.44964, -6.02338], [120.44978, -6.02306], [120.44989, -6.02263], [120.44984, -6.02249], [120.44994, -6.02196], [120.45024, -6.02161], [120.45033, -6.02152], [120.45049, -6.02124], [120.4506, -6.02103], [120.45062, -6.0208], [120.45065, -6.02065], [120.45068, -6.02041], [120.45071, -6.02026], [120.45076, -6.02001], [120.4509, -6.0197], [120.45091, -6.01965], [120.45108, -6.0194], [120.4511, -6.01938], [120.45117, -6.01922], [120.45121, -6.01915], [120.45136, -6.019], [120.4515, -6.01875], [120.45181, -6.01803], [120.45179, -6.01744], [120.45175, -6.01723], [120.4518, -6.0171], [120.45195, -6.01682], [120.45205, -6.01664], [120.45212, -6.0165], [120.45212, -6.01643], [120.45208, -6.01639], [120.4521, -6.01617], [120.45209, -6.01606], [120.45206, -6.01586], [120.45203, -6.01576], [120.45212, -6.01551], [120.45224, -6.01527], [120.45232, -6.01507], [120.45232, -6.01484], [120.45243, -6.01468], [120.45242, -6.01457], [120.45243, -6.01426], [120.45244, -6.0141], [120.45246, -6.01368], [120.45248, -6.01343], [120.45248, -6.01299], [120.45252, -6.01267], [120.45259, -6.01238], [120.45263, -6.01196], [120.45264, -6.01184], [120.45271, -6.01164], [120.45282, -6.01105], [120.45321, -6.01093], [120.45424, -6.01163], [120.45502, -6.01215], [120.45586, -6.01272], [120.4567, -6.01314], [120.45808, -6.01252], [120.45858, -6.01206], [120.45901, -6.01174], [120.45978, -6.01155], [120.46014, -6.01116], [120.46062, -6.01142], [120.46136, -6.01161], [120.46191, -6.01144], [120.46233, -6.01157], [120.4626, -6.01152], [120.463, -6.01134], [120.46298, -6.01095], [120.46289, -6.01036], [120.46358, -6.01026], [120.46384, -6.01017], [120.46405, -6.01007], [120.46438, -6.01021], [120.46801, -6.01058], [120.47415, -6.0114], [120.47589, -6.01163], [120.47797, -6.01665], [120.46892, -6.01668], [120.46427, -6.01667], [120.46427, -6.01676], [120.46429, -6.01805], [120.46429, -6.02157], [120.45971, -6.02537], [120.45995, -6.02667], [120.45668, -6.03016], [120.45682, -6.03329], [120.46252, -6.03592], [120.46783, -6.04081]]]}}, {"type": "Feature", "properties": {"id": "022.004.BONTOBARU", "nmkec": "Pasimassunggu Timur", "nmdesa": "Bontobaru", "kdkec": "022", "kddesa": "004", "dominan": "kelapa", "total_ha": 519.2}, "geometry": {"type": "Polygon", "coordinates": [[[120.72984, -7.07048], [120.73035, -7.07094], [120.73082, -7.07128], [120.73104, -7.07138], [120.73087, -7.07173], [120.72845, -7.07677], [120.71999, -7.09898], [120.71827, -7.09867], [120.71501, -7.09808], [120.71371, -7.09762], [120.71066, -7.09697], [120.71066, -7.09697], [120.70945, -7.09614], [120.70396, -7.09356], [120.70334, -7.09327], [120.70177, -7.09259], [120.69561, -7.08994], [120.69344, -7.08901], [120.69088, -7.08786], [120.68774, -7.08645], [120.68705, -7.08614], [120.68694, -7.086], [120.68373, -7.08199], [120.68373, -7.08199], [120.68338, -7.08165], [120.68251, -7.08081], [120.68211, -7.08059], [120.67892, -7.07879], [120.67758, -7.07761], [120.67671, -7.07655], [120.67666, -7.07649], [120.67663, -7.07645], [120.67557, -7.07441], [120.67481, -7.0735], [120.67281, -7.06971], [120.67281, -7.06971], [120.67281, -7.0697], [120.6885, -7.05032], [120.68885, -7.0504], [120.69082, -7.05088], [120.69132, -7.05107], [120.69211, -7.0512], [120.69274, -7.05134], [120.69345, -7.0517], [120.6943, -7.05236], [120.69472, -7.05256], [120.69607, -7.05289], [120.69709, -7.05337], [120.69805, -7.05366], [120.69901, -7.05395], [120.69971, -7.05409], [120.70022, -7.05421], [120.70064, -7.05455], [120.70095, -7.05485], [120.70116, -7.05495], [120.70222, -7.05528], [120.70228, -7.05528], [120.70253, -7.05528], [120.70347, -7.05531], [120.70347, -7.0553], [120.70347, -7.0553], [120.704, -7.05531], [120.70424, -7.05516], [120.70451, -7.05519], [120.70478, -7.05502], [120.70551, -7.05529], [120.7066, -7.05627], [120.70943, -7.05729], [120.71213, -7.05814], [120.71371, -7.05867], [120.71413, -7.05882], [120.71631, -7.06006], [120.71664, -7.06021], [120.71765, -7.06066], [120.71863, -7.06115], [120.7193, -7.06171], [120.71969, -7.06223], [120.7209, -7.06376], [120.72162, -7.0642], [120.72254, -7.06475], [120.72444, -7.06621], [120.72606, -7.06767], [120.7269, -7.06825], [120.72804, -7.06906], [120.72984, -7.07048]]]}}, {"type": "Feature", "properties": {"id": "010.001.KOMBA-KOMBA", "nmkec": "Pasimarannu", "nmdesa": "Komba-Komba", "kdkec": "010", "kddesa": "001", "dominan": "kelapa", "total_ha": 428.6}, "geometry": {"type": "Polygon", "coordinates": [[[120.83705, -7.29958], [120.83599, -7.29923], [120.83463, -7.29878], [120.83385, -7.29866], [120.83293, -7.29879], [120.83198, -7.29907], [120.83088, -7.29908], [120.82994, -7.29896], [120.82903, -7.29844], [120.827, -7.29741], [120.82524, -7.29681], [120.82519, -7.29678], [120.82525, -7.29633], [120.82282, -7.29504], [120.82164, -7.29479], [120.82069, -7.29442], [120.82028, -7.2941], [120.8195, -7.29337], [120.81824, -7.29302], [120.81616, -7.29226], [120.81259, -7.29057], [120.81136, -7.29002], [120.81059, -7.28957], [120.80992, -7.2896], [120.8094, -7.28919], [120.80837, -7.28895], [120.8071, -7.28819], [120.80638, -7.28779], [120.80599, -7.28695], [120.80577, -7.28537], [120.8058, -7.28409], [120.80533, -7.28344], [120.80494, -7.28334], [120.80489, -7.28275], [120.8045, -7.28218], [120.8033, -7.28076], [120.80318, -7.28027], [120.80259, -7.27911], [120.80157, -7.27774], [120.80156, -7.27773], [120.80118, -7.27742], [120.80018, -7.27692], [120.79947, -7.27679], [120.79842, -7.27711], [120.79762, -7.27674], [120.79734, -7.27587], [120.79718, -7.27524], [120.79681, -7.27462], [120.79628, -7.274], [120.79594, -7.27349], [120.79571, -7.27295], [120.79548, -7.27214], [120.79538, -7.27136], [120.79527, -7.27068], [120.79559, -7.26995], [120.79622, -7.26955], [120.79671, -7.26917], [120.79773, -7.26775], [120.79766, -7.26742], [120.79859, -7.2665], [120.7986, -7.26599], [120.79868, -7.26531], [120.79901, -7.26461], [120.79975, -7.26431], [120.80046, -7.26399], [120.8009, -7.2641], [120.80115, -7.26404], [120.80155, -7.26411], [120.80176, -7.26385], [120.80215, -7.26374], [120.80244, -7.26351], [120.80281, -7.26319], [120.80351, -7.26308], [120.80373, -7.26328], [120.80406, -7.26353], [120.80479, -7.26382], [120.80534, -7.26392], [120.80575, -7.2637], [120.80619, -7.26351], [120.80662, -7.26325], [120.80704, -7.26292], [120.80756, -7.26285], [120.80781, -7.26304], [120.80818, -7.26286], [120.80877, -7.2625], [120.80973, -7.26267], [120.80992, -7.26223], [120.81099, -7.26134], [120.81152, -7.26128], [120.81199, -7.26112], [120.81258, -7.26092], [120.81319, -7.26017], [120.81337, -7.26003], [120.81367, -7.25979], [120.8139, -7.2594], [120.81412, -7.25912], [120.81458, -7.25936], [120.81486, -7.25943], [120.81551, -7.25913], [120.81616, -7.25879], [120.81676, -7.25874], [120.81765, -7.2587], [120.81885, -7.25864], [120.81948, -7.25887], [120.81993, -7.25884], [120.81993, -7.25884], [120.82091, -7.2596], [120.82174, -7.25972], [120.8228, -7.25963], [120.8241, -7.26016], [120.8248, -7.26022], [120.82707, -7.26058], [120.82818, -7.2606], [120.82771, -7.26036], [120.82818, -7.2598], [120.82867, -7.25994], [120.82876, -7.26047], [120.82965, -7.26063], [120.83233, -7.26026], [120.83298, -7.25987], [120.83472, -7.26007], [120.83778, -7.25983], [120.83932, -7.25982], [120.84021, -7.26014], [120.84115, -7.26036], [120.84319, -7.26175], [120.84449, -7.26257], [120.84535, -7.26291], [120.84585, -7.26298], [120.84721, -7.26373], [120.84811, -7.26408], [120.84896, -7.26418], [120.85011, -7.26475], [120.85071, -7.26509], [120.8514, -7.26514], [120.85169, -7.26588], [120.85209, -7.26619], [120.85238, -7.26653], [120.85284, -7.26693], [120.85322, -7.26751], [120.85399, -7.2681], [120.85468, -7.26832], [120.8554, -7.26852], [120.85605, -7.26857], [120.85669, -7.26854], [120.85757, -7.26851], [120.85758, -7.26794], [120.85851, -7.26753], [120.85923, -7.26733], [120.85964, -7.26695], [120.86019, -7.26736], [120.86083, -7.26817], [120.86066, -7.26865], [120.86061, -7.26912], [120.86101, -7.26959], [120.86153, -7.27016], [120.86201, -7.27053], [120.86284, -7.27076], [120.86332, -7.27091], [120.86376, -7.27122], [120.8661, -7.2714], [120.86703, -7.27142], [120.86782, -7.27114], [120.86867, -7.27117], [120.86938, -7.27131], [120.87013, -7.27153], [120.87067, -7.2717], [120.87128, -7.27164], [120.87196, -7.27169], [120.87311, -7.27237], [120.8737, -7.27255], [120.87387, -7.27271], [120.87454, -7.27273], [120.87535, -7.2728], [120.87582, -7.27293], [120.8764, -7.27299], [120.87711, -7.27276], [120.87824, -7.27249], [120.87904, -7.2728], [120.87948, -7.27217], [120.88021, -7.27188], [120.88118, -7.27182], [120.88196, -7.27184], [120.88253, -7.27204], [120.8831, -7.27221], [120.88373, -7.27252], [120.88402, -7.27269], [120.8846, -7.2728], [120.8852, -7.27291], [120.88571, -7.27337], [120.88603, -7.27373], [120.88663, -7.27393], [120.88689, -7.27444], [120.88718, -7.27441], [120.8878, -7.2742], [120.88844, -7.2746], [120.88899, -7.27486], [120.88962, -7.27495], [120.88982, -7.27517], [120.89011, -7.27523], [120.89119, -7.27528], [120.89157, -7.27542], [120.89258, -7.27521], [120.89311, -7.2748], [120.89377, -7.27475], [120.89408, -7.27422], [120.89474, -7.27362], [120.89605, -7.27371], [120.89708, -7.27356], [120.8979, -7.27354], [120.89862, -7.27331], [120.89926, -7.27324], [120.89974, -7.27312], [120.90035, -7.27334], [120.90069, -7.27318], [120.90138, -7.27314], [120.90204, -7.2739], [120.90205, -7.27442], [120.90253, -7.2749], [120.90311, -7.27527], [120.90362, -7.27601], [120.90446, -7.27638], [120.9052, -7.27681], [120.90575, -7.2773], [120.90595, -7.27769], [120.90646, -7.27766], [120.90698, -7.27777], [120.90753, -7.27814], [120.90805, -7.27841], [120.90854, -7.2786], [120.9089, -7.27848], [120.90968, -7.27858], [120.91042, -7.27864], [120.91145, -7.2786], [120.91274, -7.27882], [120.91322, -7.27913], [120.91364, -7.27999], [120.91451, -7.28173], [120.91623, -7.28327], [120.91849, -7.28418], [120.91988, -7.28418], [120.91838, -7.29425], [120.9171, -7.30701], [120.91699, -7.30823], [120.91501, -7.30852], [120.91417, -7.30841], [120.9137, -7.30816], [120.91245, -7.30831], [120.91028, -7.30861], [120.90896, -7.30861], [120.9073, -7.30847], [120.90602, -7.31039], [120.90485, -7.31018], [120.90408, -7.31004], [120.9023, -7.31076], [120.90163, -7.31062], [120.89924, -7.31103], [120.89732, -7.31123], [120.89665, -7.31159], [120.89324, -7.31158], [120.89083, -7.31107], [120.88956, -7.31006], [120.88828, -7.30914], [120.88752, -7.30906], [120.88713, -7.30852], [120.88555, -7.30833], [120.88342, -7.30776], [120.88107, -7.30738], [120.87965, -7.30734], [120.87844, -7.3072], [120.87717, -7.30652], [120.87624, -7.30632], [120.87485, -7.30594], [120.87404, -7.3058], [120.87291, -7.30538], [120.87148, -7.30414], [120.87005, -7.30352], [120.86903, -7.30255], [120.86802, -7.30185], [120.86754, -7.30136], [120.86728, -7.30109], [120.86467, -7.29897], [120.86184, -7.29753], [120.85993, -7.29639], [120.85808, -7.2961], [120.85579, -7.2958], [120.85426, -7.295], [120.85263, -7.29508], [120.84938, -7.2961], [120.84867, -7.2962], [120.84822, -7.29591], [120.84601, -7.29659], [120.84604, -7.2969], [120.84492, -7.29738], [120.84468, -7.29713], [120.84335, -7.29769], [120.84204, -7.29834], [120.84116, -7.2992], [120.84079, -7.29939], [120.83976, -7.29978], [120.83888, -7.29974], [120.838, -7.29962], [120.83762, -7.29977], [120.83729, -7.29983], [120.83706, -7.29959], [120.83705, -7.29958]]]}}, {"type": "Feature", "properties": {"id": "021.008.TARUPA", "nmkec": "Takabonerate", "nmdesa": "Tarupa", "kdkec": "021", "kddesa": "008", "dominan": "kelapa", "total_ha": 1065.9}, "geometry": {"type": "MultiPolygon", "coordinates": [[[[121.17138, -6.55299], [121.17143, -6.55329], [121.17144, -6.55352], [121.17148, -6.55422], [121.17154, -6.55443], [121.17148, -6.55467], [121.17158, -6.55591], [121.17157, -6.5562], [121.17151, -6.55664], [121.17148, -6.55673], [121.17143, -6.55687], [121.17132, -6.55693], [121.17122, -6.55707], [121.17123, -6.55679], [121.17112, -6.5561], [121.17099, -6.55557], [121.171, -6.55532], [121.17092, -6.55492], [121.17092, -6.55452], [121.17092, -6.55434], [121.17087, -6.55393], [121.17079, -6.55321], [121.17076, -6.55267], [121.17077, -6.55242], [121.17083, -6.55235], [121.17088, -6.55231], [121.17094, -6.55238], [121.17099, -6.55242], [121.17111, -6.55248], [121.17121, -6.55258], [121.17124, -6.55272], [121.17127, -6.55273], [121.17127, -6.55278], [121.1714, -6.553], [121.17138, -6.55299]]], [[[121.1351, -6.49333], [121.13543, -6.49397], [121.13553, -6.49445], [121.13564, -6.49502], [121.13574, -6.49531], [121.13583, -6.49554], [121.13584, -6.49576], [121.13575, -6.49601], [121.13553, -6.4965], [121.13533, -6.49672], [121.13533, -6.49672], [121.13523, -6.49683], [121.13484, -6.49706], [121.13447, -6.4971], [121.13386, -6.49659], [121.13324, -6.49603], [121.1328, -6.49571], [121.13263, -6.49555], [121.13248, -6.49527], [121.13229, -6.49506], [121.13222, -6.49451], [121.13211, -6.49374], [121.13208, -6.49335], [121.13207, -6.49314], [121.13206, -6.49298], [121.13208, -6.49269], [121.13207, -6.4924], [121.13195, -6.49188], [121.13186, -6.49147], [121.13176, -6.49117], [121.13171, -6.49085], [121.13166, -6.49081], [121.13167, -6.49068], [121.1317, -6.49057], [121.13173, -6.49039], [121.13195, -6.49036], [121.13204, -6.49042], [121.13238, -6.49067], [121.13262, -6.491], [121.13288, -6.49131], [121.13318, -6.49159], [121.13346, -6.49179], [121.1339, -6.49211], [121.13418, -6.49235], [121.13437, -6.49256], [121.13459, -6.49274], [121.13467, -6.49285], [121.1347, -6.49288], [121.1351, -6.49333]]], [[[121.13138, -6.46204], [121.1312, -6.46174], [121.13114, -6.46153], [121.13088, -6.46112], [121.13066, -6.46058], [121.13057, -6.4603], [121.1304, -6.46001], [121.13027, -6.45991], [121.13021, -6.45968], [121.13006, -6.45957], [121.12904, -6.45791], [121.12857, -6.45713], [121.12845, -6.45684], [121.12818, -6.45673], [121.12807, -6.45649], [121.12783, -6.45614], [121.12768, -6.45583], [121.12749, -6.4556], [121.12725, -6.45514], [121.12691, -6.45475], [121.12669, -6.4543], [121.12664, -6.45406], [121.12675, -6.4538], [121.12702, -6.45385], [121.12723, -6.45395], [121.12744, -6.45418], [121.12758, -6.45436], [121.12771, -6.45459], [121.12804, -6.45501], [121.12836, -6.45557], [121.12851, -6.45581], [121.12865, -6.456], [121.12882, -6.45631], [121.12913, -6.45657], [121.12932, -6.45686], [121.12955, -6.45722], [121.12966, -6.45758], [121.12988, -6.45793], [121.13054, -6.45897], [121.13081, -6.4594], [121.13092, -6.45969], [121.13117, -6.46011], [121.13125, -6.46032], [121.1314, -6.46069], [121.13159, -6.46111], [121.13189, -6.46196], [121.13182, -6.4624], [121.13159, -6.4623], [121.13138, -6.46204]]], [[[121.0952, -6.41262], [121.0951, -6.41244], [121.09502, -6.41219], [121.09502, -6.41198], [121.09505, -6.41165], [121.09508, -6.41112], [121.09507, -6.41076], [121.09514, -6.41047], [121.09515, -6.41018], [121.0952, -6.40928], [121.09526, -6.40895], [121.09529, -6.40873], [121.09546, -6.40812], [121.09546, -6.40792], [121.09556, -6.4077], [121.09562, -6.40746], [121.09569, -6.40734], [121.09578, -6.4072], [121.09581, -6.40701], [121.0959, -6.4069], [121.096, -6.40677], [121.09612, -6.40662], [121.09635, -6.40652], [121.09657, -6.40634], [121.09678, -6.40652], [121.09703, -6.40711], [121.09727, -6.40784], [121.09755, -6.40855], [121.09768, -6.40899], [121.09776, -6.40929], [121.09779, -6.4096], [121.09777, -6.41006], [121.09776, -6.41027], [121.09765, -6.41089], [121.0976, -6.41119], [121.09753, -6.41141], [121.09734, -6.41174], [121.09698, -6.41206], [121.09663, -6.4124], [121.09618, -6.41275], [121.09578, -6.41282], [121.09538, -6.41279], [121.0952, -6.41262]]]]}}, {"type": "Feature", "properties": {"id": "030.011.PATILERENG", "nmkec": "Bontosikuyu", "nmdesa": "Patilereng", "kdkec": "030", "kddesa": "011", "dominan": "kelapa", "total_ha": 2197.5}, "geometry": {"type": "Polygon", "coordinates": [[[120.53062, -6.19774], [120.53075, -6.19782], [120.53067, -6.19809], [120.53085, -6.19902], [120.53108, -6.20022], [120.53111, -6.20046], [120.53114, -6.20068], [120.53101, -6.20087], [120.53106, -6.20103], [120.53084, -6.20122], [120.53067, -6.2019], [120.53063, -6.20206], [120.53053, -6.20223], [120.53046, -6.2026], [120.53038, -6.20292], [120.53038, -6.20311], [120.53026, -6.20362], [120.53007, -6.20411], [120.53006, -6.20423], [120.52999, -6.20456], [120.52982, -6.20467], [120.52966, -6.20464], [120.52936, -6.20485], [120.52926, -6.20486], [120.52914, -6.20488], [120.52901, -6.20481], [120.52878, -6.20484], [120.52861, -6.20495], [120.52836, -6.20509], [120.52817, -6.20529], [120.52804, -6.20547], [120.52793, -6.20561], [120.52721, -6.20665], [120.5267, -6.20742], [120.52656, -6.20784], [120.52669, -6.20843], [120.52708, -6.20928], [120.52724, -6.20932], [120.52719, -6.20944], [120.52739, -6.20999], [120.52751, -6.21016], [120.52776, -6.21046], [120.52789, -6.21088], [120.52797, -6.21124], [120.52802, -6.21162], [120.52814, -6.2117], [120.52831, -6.21174], [120.5285, -6.21176], [120.52865, -6.2118], [120.52871, -6.21182], [120.5289, -6.21192], [120.52913, -6.21208], [120.52917, -6.21226], [120.52918, -6.2124], [120.52922, -6.21259], [120.52931, -6.21272], [120.52938, -6.21287], [120.5294, -6.21301], [120.52942, -6.21327], [120.52946, -6.21338], [120.52961, -6.21346], [120.52963, -6.21361], [120.52959, -6.21376], [120.52954, -6.21384], [120.52947, -6.21398], [120.52955, -6.21439], [120.52949, -6.21454], [120.52971, -6.21477], [120.52986, -6.21496], [120.53, -6.2151], [120.52995, -6.21526], [120.52978, -6.21535], [120.52958, -6.21535], [120.52929, -6.21529], [120.52925, -6.21531], [120.52907, -6.21524], [120.52899, -6.21516], [120.52884, -6.21516], [120.52871, -6.21513], [120.52865, -6.21511], [120.52814, -6.2152], [120.52789, -6.21518], [120.52764, -6.2155], [120.52745, -6.21579], [120.52722, -6.21637], [120.52694, -6.21694], [120.52692, -6.21704], [120.52676, -6.21728], [120.52674, -6.21741], [120.52666, -6.21749], [120.52663, -6.21799], [120.52672, -6.21815], [120.52674, -6.21822], [120.527, -6.21867], [120.52752, -6.21951], [120.52787, -6.21987], [120.52802, -6.21988], [120.52811, -6.21989], [120.52828, -6.21983], [120.52833, -6.21978], [120.52835, -6.21968], [120.52846, -6.21965], [120.52857, -6.21964], [120.52859, -6.21958], [120.52879, -6.2196], [120.52899, -6.21962], [120.52903, -6.2196], [120.52934, -6.21956], [120.52955, -6.21956], [120.52972, -6.21963], [120.52988, -6.21964], [120.53, -6.2197], [120.52997, -6.21977], [120.53008, -6.21979], [120.53002, -6.21988], [120.5301, -6.22], [120.53014, -6.22022], [120.53017, -6.22036], [120.53019, -6.22049], [120.53024, -6.22064], [120.53028, -6.22077], [120.53038, -6.22087], [120.53024, -6.22102], [120.5301, -6.22124], [120.52987, -6.22141], [120.52938, -6.22149], [120.52884, -6.22151], [120.52854, -6.22159], [120.52819, -6.22171], [120.52788, -6.22175], [120.52763, -6.22164], [120.52745, -6.22155], [120.52741, -6.2215], [120.52736, -6.22145], [120.52733, -6.22142], [120.52729, -6.22138], [120.52721, -6.2213], [120.5272, -6.22129], [120.52715, -6.22124], [120.52712, -6.22113], [120.52704, -6.22112], [120.52685, -6.22111], [120.5267, -6.22092], [120.52653, -6.22092], [120.52607, -6.22115], [120.52587, -6.22125], [120.52562, -6.22124], [120.52538, -6.22123], [120.52526, -6.22122], [120.52493, -6.22153], [120.52438, -6.22221], [120.52421, -6.22263], [120.52448, -6.2235], [120.52454, -6.22368], [120.52463, -6.22369], [120.52472, -6.22375], [120.52472, -6.2238], [120.52478, -6.22415], [120.525, -6.22424], [120.52509, -6.22434], [120.52531, -6.22449], [120.52547, -6.22458], [120.52567, -6.22465], [120.52578, -6.22478], [120.52571, -6.22482], [120.52561, -6.22507], [120.52582, -6.22525], [120.52597, -6.22545], [120.52602, -6.22553], [120.52613, -6.22566], [120.52614, -6.22579], [120.52617, -6.22582], [120.52627, -6.22579], [120.52638, -6.22609], [120.52642, -6.22664], [120.52649, -6.22746], [120.52653, -6.22756], [120.52657, -6.22773], [120.52657, -6.22787], [120.52663, -6.22819], [120.52684, -6.22853], [120.52658, -6.22862], [120.52622, -6.22873], [120.52323, -6.2291], [120.52143, -6.2318], [120.51806, -6.23389], [120.51567, -6.23531], [120.51387, -6.23584], [120.51193, -6.23479], [120.50938, -6.23636], [120.50429, -6.23816], [120.50212, -6.23748], [120.50065, -6.23592], [120.49979, -6.23104], [120.49912, -6.22808], [120.49782, -6.22589], [120.49695, -6.22474], [120.49576, -6.22332], [120.49408, -6.22165], [120.4932, -6.22043], [120.49292, -6.21984], [120.4925, -6.21936], [120.49149, -6.2188], [120.49056, -6.21848], [120.48716, -6.21881], [120.48507, -6.21889], [120.48052, -6.21826], [120.47869, -6.21788], [120.47655, -6.21745], [120.47467, -6.21678], [120.47215, -6.21353], [120.4687, -6.20906], [120.46618, -6.20534], [120.46491, -6.20445], [120.46382, -6.20375], [120.46311, -6.20309], [120.4627, -6.20242], [120.4627, -6.20242], [120.46509, -6.19993], [120.466, -6.19541], [120.466, -6.19115], [120.466, -6.18624], [120.46616, -6.18629], [120.47308, -6.18956], [120.47731, -6.19442], [120.47862, -6.19466], [120.4809, -6.19458], [120.48506, -6.19443], [120.48681, -6.19323], [120.48865, -6.19312], [120.48916, -6.19308], [120.49264, -6.1936], [120.49502, -6.19523], [120.49922, -6.19799], [120.50234, -6.20183], [120.50317, -6.20266], [120.50382, -6.20294], [120.50549, -6.20229], [120.50632, -6.20044], [120.50715, -6.19979], [120.50983, -6.19813], [120.51288, -6.1973], [120.51491, -6.19305], [120.51667, -6.19092], [120.51935, -6.1899], [120.52471, -6.19369], [120.52869, -6.19656], [120.53052, -6.19766], [120.53062, -6.19774]]]}}, {"type": "Feature", "properties": {"id": "040.003.BONTOSUNGGU", "nmkec": "Bontoharu", "nmdesa": "Bontosunggu", "kdkec": "040", "kddesa": "003", "dominan": "kelapa", "total_ha": 1967.9}, "geometry": {"type": "Polygon", "coordinates": [[[120.43414, -6.18931], [120.43397, -6.18924], [120.43368, -6.18955], [120.43378, -6.18969], [120.43367, -6.18983], [120.43354, -6.18975], [120.43337, -6.18967], [120.43328, -6.18971], [120.43311, -6.18963], [120.43306, -6.18954], [120.43294, -6.18954], [120.43277, -6.18946], [120.43269, -6.18943], [120.43257, -6.1894], [120.43239, -6.18935], [120.43227, -6.18938], [120.43226, -6.18926], [120.43199, -6.1892], [120.43185, -6.18906], [120.43163, -6.18905], [120.43151, -6.189], [120.43143, -6.18897], [120.4313, -6.18891], [120.43114, -6.18883], [120.43107, -6.18874], [120.43109, -6.18851], [120.43108, -6.1884], [120.43078, -6.18844], [120.43066, -6.18842], [120.43047, -6.18837], [120.4305, -6.18821], [120.43033, -6.18813], [120.43006, -6.18811], [120.43004, -6.18796], [120.43028, -6.18795], [120.43036, -6.1879], [120.43032, -6.18779], [120.43041, -6.18766], [120.43021, -6.18765], [120.43021, -6.18753], [120.43009, -6.18746], [120.4302, -6.18744], [120.43017, -6.18727], [120.43002, -6.18718], [120.42988, -6.18727], [120.42988, -6.18713], [120.42993, -6.18706], [120.42983, -6.18698], [120.42986, -6.18686], [120.42996, -6.18688], [120.42996, -6.18677], [120.42978, -6.18689], [120.42967, -6.18683], [120.42951, -6.18685], [120.42961, -6.18691], [120.42959, -6.18711], [120.42947, -6.18714], [120.42934, -6.18719], [120.42928, -6.18735], [120.42913, -6.18724], [120.42912, -6.18719], [120.42899, -6.18709], [120.42893, -6.18699], [120.42895, -6.18686], [120.42891, -6.18674], [120.42896, -6.18653], [120.42887, -6.1864], [120.429, -6.18637], [120.42911, -6.18617], [120.42907, -6.18612], [120.42894, -6.18597], [120.42889, -6.18577], [120.429, -6.18558], [120.42915, -6.18555], [120.42886, -6.18541], [120.42857, -6.1853], [120.42843, -6.18523], [120.42843, -6.1852], [120.42867, -6.18428], [120.42914, -6.18313], [120.42933, -6.18189], [120.42979, -6.1816], [120.43, -6.18165], [120.43008, -6.18151], [120.43017, -6.18111], [120.43028, -6.18081], [120.43033, -6.18056], [120.43058, -6.18031], [120.43094, -6.18027], [120.43115, -6.18017], [120.43132, -6.18017], [120.43131, -6.17995], [120.43047, -6.17954], [120.43012, -6.17945], [120.42962, -6.17945], [120.42927, -6.17941], [120.42908, -6.17952], [120.42889, -6.17983], [120.4287, -6.18039], [120.42791, -6.18146], [120.42718, -6.18143], [120.42659, -6.18124], [120.42645, -6.1807], [120.42646, -6.18034], [120.4265, -6.17999], [120.42672, -6.17944], [120.42702, -6.17893], [120.42734, -6.17863], [120.42759, -6.17853], [120.42823, -6.17813], [120.42871, -6.17781], [120.42886, -6.17769], [120.42933, -6.17748], [120.42956, -6.17738], [120.43, -6.17723], [120.43035, -6.17739], [120.43059, -6.1774], [120.43073, -6.17731], [120.43074, -6.17716], [120.43086, -6.17708], [120.43099, -6.17705], [120.43076, -6.17684], [120.43112, -6.17582], [120.4312, -6.17557], [120.43261, -6.1762], [120.43261, -6.17598], [120.4325, -6.17587], [120.43255, -6.17578], [120.43243, -6.17566], [120.43263, -6.1756], [120.43255, -6.17549], [120.43254, -6.17533], [120.43257, -6.17521], [120.43253, -6.17493], [120.43249, -6.17484], [120.43252, -6.17474], [120.4325, -6.17463], [120.4324, -6.17453], [120.43247, -6.17444], [120.43239, -6.17435], [120.43238, -6.17415], [120.43232, -6.17403], [120.43225, -6.17362], [120.43205, -6.17316], [120.43181, -6.17286], [120.43175, -6.17269], [120.43168, -6.17251], [120.43159, -6.17249], [120.43149, -6.17241], [120.43147, -6.17228], [120.43139, -6.1722], [120.43131, -6.17214], [120.43123, -6.17199], [120.43124, -6.17185], [120.43123, -6.17166], [120.4313, -6.17166], [120.43144, -6.17171], [120.43141, -6.17157], [120.43132, -6.17149], [120.43124, -6.17149], [120.43117, -6.17136], [120.43109, -6.17121], [120.43102, -6.17105], [120.43109, -6.17088], [120.43105, -6.17062], [120.43104, -6.17052], [120.43091, -6.17036], [120.43082, -6.17025], [120.43072, -6.17014], [120.43053, -6.16999], [120.43049, -6.16986], [120.43043, -6.16978], [120.43035, -6.16972], [120.43032, -6.16962], [120.43027, -6.16956], [120.43023, -6.1695], [120.43022, -6.16942], [120.43031, -6.16934], [120.43028, -6.16922], [120.43022, -6.16911], [120.43028, -6.16904], [120.43032, -6.1689], [120.43037, -6.16878], [120.43047, -6.16872], [120.43046, -6.16866], [120.43057, -6.16852], [120.43047, -6.16843], [120.43051, -6.1683], [120.43071, -6.16837], [120.43083, -6.16833], [120.43093, -6.16826], [120.43105, -6.16829], [120.43106, -6.16834], [120.43109, -6.16843], [120.43125, -6.16839], [120.43147, -6.1684], [120.43165, -6.16835], [120.43171, -6.16835], [120.43184, -6.16834], [120.43202, -6.16837], [120.43214, -6.16833], [120.4323, -6.16834], [120.43257, -6.16833], [120.43268, -6.1683], [120.43279, -6.16831], [120.43292, -6.16839], [120.43302, -6.16833], [120.4331, -6.16818], [120.43322, -6.16815], [120.43329, -6.16815], [120.43331, -6.16806], [120.43328, -6.16797], [120.43325, -6.1678], [120.43325, -6.1677], [120.43319, -6.16761], [120.43318, -6.16746], [120.43303, -6.16736], [120.43285, -6.1672], [120.43261, -6.16706], [120.43251, -6.16687], [120.43259, -6.16679], [120.43257, -6.1666], [120.43268, -6.16649], [120.43284, -6.1664], [120.43323, -6.1663], [120.43342, -6.16642], [120.43351, -6.1666], [120.43369, -6.16667], [120.4339, -6.16659], [120.43396, -6.1667], [120.43418, -6.16668], [120.43425, -6.16662], [120.43432, -6.16659], [120.43448, -6.16659], [120.43464, -6.16665], [120.43476, -6.16655], [120.43507, -6.16647], [120.43513, -6.16638], [120.43537, -6.1664], [120.43558, -6.16635], [120.43578, -6.16625], [120.4359, -6.16617], [120.43599, -6.16617], [120.43616, -6.16624], [120.43635, -6.16615], [120.43641, -6.16609], [120.43642, -6.16624], [120.43657, -6.16628], [120.43708, -6.16616], [120.43723, -6.16602], [120.43727, -6.16591], [120.4374, -6.16581], [120.43759, -6.16575], [120.43773, -6.16569], [120.43796, -6.16556], [120.43817, -6.16543], [120.43837, -6.1654], [120.4385, -6.16534], [120.43874, -6.16547], [120.43883, -6.16529], [120.43894, -6.16528], [120.43907, -6.16529], [120.43917, -6.1652], [120.43927, -6.16519], [120.43975, -6.16513], [120.43993, -6.16508], [120.44016, -6.16499], [120.44023, -6.1649], [120.44043, -6.16491], [120.44056, -6.16489], [120.44087, -6.16491], [120.44113, -6.165], [120.44131, -6.16489], [120.44154, -6.16493], [120.44161, -6.16494], [120.44187, -6.16498], [120.44189, -6.16508], [120.44211, -6.16517], [120.4422, -6.16524], [120.44245, -6.16519], [120.44257, -6.16493], [120.44316, -6.16462], [120.4436, -6.16453], [120.44407, -6.16449], [120.44449, -6.1643], [120.44476, -6.16423], [120.44502, -6.16413], [120.44514, -6.16401], [120.44513, -6.16389], [120.44518, -6.16381], [120.44533, -6.16378], [120.44541, -6.16371], [120.44547, -6.1642], [120.44598, -6.16683], [120.44796, -6.16894], [120.44884, -6.17044], [120.44851, -6.17508], [120.44969, -6.17821], [120.44954, -6.1783], [120.44888, -6.17813], [120.44834, -6.17773], [120.44825, -6.17844], [120.44794, -6.1814], [120.44738, -6.18279], [120.4427, -6.19495], [120.44262, -6.1949], [120.44243, -6.19481], [120.44235, -6.19474], [120.4422, -6.19466], [120.44207, -6.19464], [120.44201, -6.19451], [120.44206, -6.19442], [120.44208, -6.19423], [120.44202, -6.1941], [120.44196, -6.19426], [120.44187, -6.19433], [120.44189, -6.19422], [120.44176, -6.19419], [120.44161, -6.19418], [120.4415, -6.19413], [120.4416, -6.19402], [120.44175, -6.19403], [120.44183, -6.19391], [120.44166, -6.19376], [120.44148, -6.19379], [120.44135, -6.19396], [120.44134, -6.19381], [120.4413, -6.19373], [120.44129, -6.19359], [120.4411, -6.19341], [120.44091, -6.19336], [120.44078, -6.19325], [120.44068, -6.19318], [120.44079, -6.19298], [120.44061, -6.19289], [120.44069, -6.19273], [120.44077, -6.19261], [120.44057, -6.19245], [120.44023, -6.19238], [120.43978, -6.19231], [120.43936, -6.19215], [120.43923, -6.19215], [120.43909, -6.19223], [120.43896, -6.19225], [120.4388, -6.19217], [120.43879, -6.19208], [120.43865, -6.19211], [120.43841, -6.19203], [120.43809, -6.1917], [120.43793, -6.1915], [120.43768, -6.19131], [120.43732, -6.19107], [120.4371, -6.19095], [120.43669, -6.19074], [120.43638, -6.19061], [120.43625, -6.19052], [120.43606, -6.19034], [120.43588, -6.19025], [120.43568, -6.19012], [120.43532, -6.18996], [120.43474, -6.18967], [120.43447, -6.18951], [120.43425, -6.18938], [120.43414, -6.18931]]]}}, {"type": "Feature", "properties": {"id": "020.004.MAMINASA", "nmkec": "Pasimassunggu", "nmdesa": "Maminasa", "kdkec": "020", "kddesa": "004", "dominan": "kelapa", "total_ha": 317.4}, "geometry": {"type": "Polygon", "coordinates": [[[120.6955, -7.12836], [120.69517, -7.12826], [120.69513, -7.12819], [120.69432, -7.12796], [120.69404, -7.12805], [120.69362, -7.1283], [120.69315, -7.12834], [120.693, -7.12791], [120.69255, -7.12744], [120.69198, -7.1273], [120.69125, -7.127], [120.69036, -7.12689], [120.68935, -7.12657], [120.68896, -7.12641], [120.68855, -7.12619], [120.68799, -7.1258], [120.68759, -7.12559], [120.68732, -7.12548], [120.68825, -7.12288], [120.68828, -7.12289], [120.68828, -7.12289], [120.68861, -7.12201], [120.69017, -7.11778], [120.69016, -7.11777], [120.69532, -7.10384], [120.69533, -7.10382], [120.69462, -7.10349], [120.69452, -7.10344], [120.69297, -7.1026], [120.69063, -7.10136], [120.6886, -7.1003], [120.68698, -7.09948], [120.68469, -7.09828], [120.68281, -7.0973], [120.68116, -7.09645], [120.67912, -7.0954], [120.6761, -7.09385], [120.67539, -7.09344], [120.67984, -7.09087], [120.6823, -7.08957], [120.68447, -7.08856], [120.68694, -7.086], [120.68705, -7.08614], [120.68774, -7.08645], [120.69088, -7.08786], [120.69344, -7.08901], [120.69561, -7.08994], [120.70177, -7.09259], [120.70334, -7.09327], [120.70396, -7.09356], [120.70945, -7.09614], [120.71066, -7.09697], [120.71066, -7.09697], [120.71371, -7.09762], [120.71501, -7.09808], [120.71827, -7.09867], [120.71999, -7.09898], [120.72066, -7.0991], [120.72288, -7.0991], [120.72279, -7.10419], [120.7226, -7.10438], [120.72257, -7.10916], [120.72255, -7.11099], [120.72253, -7.1138], [120.72253, -7.1138], [120.71856, -7.12908], [120.71856, -7.12908], [120.71843, -7.12905], [120.71816, -7.12927], [120.71748, -7.12924], [120.71673, -7.12937], [120.71585, -7.12956], [120.71573, -7.12959], [120.71521, -7.12977], [120.71471, -7.13], [120.71371, -7.1304], [120.71314, -7.13058], [120.71271, -7.13076], [120.71215, -7.13091], [120.71171, -7.13113], [120.71142, -7.13127], [120.71132, -7.13152], [120.71132, -7.13179], [120.71125, -7.13216], [120.71118, -7.1327], [120.71093, -7.13347], [120.71075, -7.13383], [120.71031, -7.13401], [120.7099, -7.13405], [120.70978, -7.13402], [120.70918, -7.13384], [120.70868, -7.13373], [120.70821, -7.13366], [120.70767, -7.13365], [120.7073, -7.13367], [120.70705, -7.13372], [120.70687, -7.13388], [120.70674, -7.13381], [120.7066, -7.13356], [120.70581, -7.13346], [120.70552, -7.13343], [120.70517, -7.13375], [120.7046, -7.13373], [120.70424, -7.13366], [120.70381, -7.13349], [120.70322, -7.13333], [120.70257, -7.13315], [120.70243, -7.1333], [120.70238, -7.13362], [120.702, -7.13375], [120.70162, -7.13387], [120.70111, -7.13336], [120.70078, -7.13313], [120.70029, -7.13305], [120.69998, -7.13314], [120.69975, -7.13343], [120.69939, -7.13359], [120.69939, -7.1336], [120.69914, -7.13369], [120.6989, -7.13371], [120.69871, -7.13367], [120.69851, -7.13329], [120.69834, -7.13285], [120.69825, -7.13267], [120.69802, -7.1325], [120.69763, -7.13246], [120.69736, -7.13212], [120.69727, -7.13186], [120.6973, -7.1315], [120.69748, -7.1311], [120.6976, -7.13082], [120.69767, -7.13051], [120.69756, -7.13023], [120.69738, -7.12989], [120.69719, -7.1295], [120.69703, -7.12932], [120.69641, -7.12912], [120.69601, -7.12881], [120.69574, -7.12844], [120.6955, -7.12836]]]}}, {"type": "Feature", "properties": {"id": "020.002.KEMBANG_RAGI", "nmkec": "Pasimassunggu", "nmdesa": "Kembang Ragi", "kdkec": "020", "kddesa": "002", "dominan": "kelapa", "total_ha": 2477.9}, "geometry": {"type": "MultiPolygon", "coordinates": [[[[120.63238, -7.08219], [120.62964, -7.08494], [120.62956, -7.08501], [120.62602, -7.08827], [120.62081, -7.09507], [120.61998, -7.09697], [120.6195, -7.0978], [120.61942, -7.09743], [120.61925, -7.09704], [120.6192, -7.09633], [120.61923, -7.09587], [120.61913, -7.09488], [120.619, -7.09459], [120.61918, -7.09392], [120.61914, -7.0932], [120.6192, -7.09253], [120.61966, -7.09216], [120.62031, -7.09196], [120.62017, -7.09162], [120.61998, -7.09122], [120.61997, -7.09033], [120.61979, -7.08988], [120.61963, -7.0892], [120.61969, -7.0887], [120.61997, -7.08799], [120.6201, -7.08732], [120.61993, -7.08635], [120.61982, -7.08633], [120.61964, -7.08614], [120.61953, -7.08606], [120.6194, -7.08608], [120.61893, -7.08588], [120.61853, -7.0855], [120.61835, -7.08532], [120.61798, -7.08481], [120.61808, -7.08428], [120.6179, -7.08435], [120.6176, -7.08399], [120.61769, -7.08317], [120.61807, -7.08264], [120.61832, -7.08176], [120.61831, -7.08144], [120.61817, -7.08136], [120.61806, -7.08102], [120.61794, -7.081], [120.61767, -7.08092], [120.61747, -7.08076], [120.61734, -7.0805], [120.61727, -7.08029], [120.61701, -7.08006], [120.61691, -7.07976], [120.61679, -7.0798], [120.61633, -7.07971], [120.61623, -7.07953], [120.61611, -7.07953], [120.61591, -7.07934], [120.61572, -7.07921], [120.61552, -7.07912], [120.61536, -7.07909], [120.6152, -7.07895], [120.615, -7.07892], [120.61482, -7.07885], [120.61486, -7.07862], [120.61467, -7.07829], [120.61442, -7.07815], [120.61375, -7.07813], [120.6131, -7.07825], [120.61282, -7.07831], [120.61272, -7.07838], [120.61255, -7.0785], [120.61238, -7.07847], [120.61221, -7.07854], [120.61205, -7.07858], [120.61192, -7.07877], [120.61175, -7.07871], [120.61164, -7.07868], [120.61155, -7.07864], [120.61148, -7.07862], [120.61134, -7.07872], [120.61128, -7.07868], [120.61109, -7.07871], [120.61075, -7.0787], [120.61073, -7.07861], [120.61061, -7.07858], [120.61037, -7.07852], [120.60992, -7.07828], [120.60969, -7.07819], [120.60958, -7.07819], [120.60957, -7.07817], [120.60936, -7.07811], [120.60921, -7.07827], [120.6092, -7.07808], [120.60905, -7.07795], [120.60872, -7.07779], [120.60802, -7.07751], [120.60733, -7.077], [120.60705, -7.07689], [120.60682, -7.07683], [120.60668, -7.07655], [120.60654, -7.07644], [120.60647, -7.0764], [120.60618, -7.07619], [120.60606, -7.0759], [120.60599, -7.07577], [120.60574, -7.07557], [120.60558, -7.07549], [120.60558, -7.07527], [120.60544, -7.07527], [120.60538, -7.07536], [120.60519, -7.07532], [120.6051, -7.07526], [120.605, -7.07536], [120.60495, -7.07535], [120.60484, -7.07532], [120.60485, -7.07527], [120.60465, -7.07529], [120.6046, -7.07521], [120.60445, -7.0751], [120.60433, -7.07495], [120.60419, -7.07488], [120.60411, -7.07484], [120.60418, -7.0747], [120.60405, -7.0745], [120.6042, -7.07396], [120.60414, -7.07355], [120.60415, -7.07322], [120.60421, -7.07266], [120.60427, -7.07243], [120.60422, -7.07225], [120.60415, -7.07209], [120.60399, -7.07199], [120.60397, -7.07192], [120.60401, -7.07169], [120.60419, -7.07157], [120.6044, -7.07133], [120.60449, -7.07127], [120.60477, -7.0712], [120.60507, -7.07127], [120.60518, -7.07133], [120.60535, -7.07135], [120.60556, -7.07137], [120.60577, -7.07139], [120.60592, -7.07148], [120.60618, -7.07146], [120.6066, -7.07171], [120.60677, -7.07187], [120.60675, -7.07198], [120.60723, -7.07238], [120.60742, -7.07258], [120.6074, -7.07275], [120.60752, -7.07277], [120.60798, -7.07271], [120.60836, -7.07264], [120.60879, -7.07243], [120.60929, -7.07198], [120.60951, -7.0717], [120.60951, -7.0717], [120.60973, -7.07105], [120.60982, -7.07086], [120.60987, -7.07069], [120.61003, -7.07019], [120.60995, -7.06993], [120.61006, -7.06968], [120.61, -7.06953], [120.60984, -7.06945], [120.60974, -7.06914], [120.60975, -7.06878], [120.60989, -7.06863], [120.60991, -7.06853], [120.60969, -7.06868], [120.60966, -7.06858], [120.60958, -7.06846], [120.60948, -7.06843], [120.60937, -7.06846], [120.60921, -7.06838], [120.60918, -7.06834], [120.60919, -7.06821], [120.60909, -7.06822], [120.60892, -7.06816], [120.60877, -7.0681], [120.60868, -7.06797], [120.60851, -7.06809], [120.60835, -7.06796], [120.60803, -7.06792], [120.60775, -7.06778], [120.60753, -7.06757], [120.60732, -7.06742], [120.60725, -7.06715], [120.60711, -7.06664], [120.60708, -7.06649], [120.60702, -7.06628], [120.60701, -7.06613], [120.60701, -7.06583], [120.60719, -7.06552], [120.60732, -7.06528], [120.60756, -7.06504], [120.60758, -7.06476], [120.60756, -7.0646], [120.60771, -7.06439], [120.60795, -7.06428], [120.60807, -7.06437], [120.60815, -7.06427], [120.60826, -7.06431], [120.60838, -7.06422], [120.60853, -7.06418], [120.6086, -7.06423], [120.60878, -7.06426], [120.60902, -7.06416], [120.60928, -7.06426], [120.60937, -7.06438], [120.6098, -7.0643], [120.61016, -7.06438], [120.61053, -7.06449], [120.61095, -7.0647], [120.61137, -7.06525], [120.61182, -7.06592], [120.61203, -7.06623], [120.6124, -7.06619], [120.61241, -7.06618], [120.61288, -7.06604], [120.61302, -7.06576], [120.61358, -7.06533], [120.61394, -7.06524], [120.61395, -7.06491], [120.61418, -7.06463], [120.61424, -7.06434], [120.61446, -7.06413], [120.615, -7.06358], [120.61521, -7.06317], [120.61547, -7.06289], [120.61561, -7.06252], [120.61478, -7.06188], [120.6163, -7.06164], [120.61644, -7.06158], [120.61669, -7.0613], [120.61716, -7.06069], [120.61741, -7.06038], [120.61804, -7.05894], [120.61854, -7.05791], [120.61871, -7.05744], [120.61884, -7.05725], [120.61902, -7.0557], [120.61937, -7.0555], [120.61959, -7.05567], [120.62007, -7.05482], [120.62013, -7.05476], [120.62053, -7.05462], [120.62115, -7.05402], [120.62125, -7.05391], [120.6216, -7.05348], [120.62189, -7.05259], [120.62204, -7.05221], [120.62207, -7.0519], [120.62235, -7.05185], [120.6225, -7.05214], [120.62279, -7.0522], [120.62294, -7.05218], [120.62335, -7.05206], [120.62363, -7.05209], [120.62424, -7.05193], [120.62493, -7.05176], [120.62557, -7.05205], [120.62578, -7.05213], [120.62599, -7.05234], [120.62704, -7.05252], [120.62719, -7.0521], [120.62722, -7.0515], [120.62737, -7.05094], [120.62732, -7.05028], [120.62737, -7.0498], [120.62743, -7.04956], [120.62751, -7.04951], [120.62762, -7.04934], [120.62956, -7.05015], [120.6302, -7.05052], [120.63829, -7.05243], [120.64422, -7.05171], [120.65326, -7.05015], [120.65655, -7.04955], [120.65897, -7.05228], [120.66147, -7.05478], [120.66526, -7.0591], [120.66853, -7.0636], [120.66558, -7.06522], [120.66305, -7.067], [120.66074, -7.06859], [120.65582, -7.07105], [120.65243, -7.07284], [120.65061, -7.0738], [120.64497, -7.07655], [120.63962, -7.07944], [120.63453, -7.08153], [120.63238, -7.08219]]], [[[120.59757, -7.06679], [120.59746, -7.06677], [120.59742, -7.06677], [120.59723, -7.0667], [120.59706, -7.06669], [120.59706, -7.06669], [120.59692, -7.06671], [120.59684, -7.06671], [120.59664, -7.06659], [120.59654, -7.06655], [120.59635, -7.06656], [120.59617, -7.0665], [120.59602, -7.06635], [120.59602, -7.06631], [120.596, -7.06622], [120.59599, -7.06615], [120.596, -7.06609], [120.59603, -7.06586], [120.59603, -7.06585], [120.59613, -7.06562], [120.59616, -7.06556], [120.5963, -7.06535], [120.59641, -7.06523], [120.5965, -7.06511], [120.59661, -7.06499], [120.59662, -7.06498], [120.59662, -7.06498], [120.59681, -7.065], [120.59695, -7.06502], [120.59696, -7.06502], [120.59703, -7.06506], [120.59711, -7.0651], [120.59713, -7.06513], [120.59722, -7.06531], [120.5973, -7.06554], [120.59733, -7.06563], [120.59736, -7.06567], [120.59739, -7.06571], [120.59742, -7.06584], [120.59742, -7.06584], [120.59757, -7.06597], [120.59758, -7.06602], [120.59761, -7.06615], [120.59765, -7.06633], [120.59766, -7.06641], [120.5977, -7.06654], [120.59771, -7.06656], [120.59782, -7.06656], [120.59782, -7.06656], [120.59786, -7.06656], [120.59784, -7.06654], [120.59779, -7.0665], [120.5978, -7.0664], [120.59784, -7.06638], [120.59787, -7.06637], [120.59794, -7.06636], [120.59797, -7.06636], [120.59798, -7.06636], [120.59802, -7.06638], [120.59807, -7.0664], [120.59807, -7.06645], [120.59807, -7.0665], [120.5981, -7.06653], [120.5981, -7.06653], [120.59814, -7.06653], [120.59821, -7.06654], [120.59835, -7.06661], [120.59839, -7.06663], [120.59837, -7.06671], [120.59838, -7.06672], [120.5985, -7.06685], [120.59852, -7.06686], [120.59822, -7.0668], [120.59806, -7.06677], [120.59805, -7.06676], [120.59801, -7.06676], [120.59787, -7.06674], [120.59777, -7.06677], [120.59768, -7.06679], [120.59757, -7.06679]]], [[[120.60387, -7.05991], [120.60387, -7.05991], [120.60391, -7.05993], [120.60391, -7.05993], [120.60391, -7.05993], [120.60391, -7.05994], [120.60394, -7.05995], [120.60395, -7.05995], [120.60396, -7.06], [120.60393, -7.06005], [120.60394, -7.06007], [120.60393, -7.06009], [120.60393, -7.06014], [120.60393, -7.06014], [120.60381, -7.06028], [120.60366, -7.06043], [120.60347, -7.06053], [120.60347, -7.06055], [120.60347, -7.06059], [120.60346, -7.06065], [120.60347, -7.06068], [120.60347, -7.06069], [120.60345, -7.0607], [120.60345, -7.0607], [120.60343, -7.06071], [120.60343, -7.06072], [120.60343, -7.06077], [120.60343, -7.06079], [120.60343, -7.06084], [120.60344, -7.06085], [120.6035, -7.06092], [120.60343, -7.06098], [120.60334, -7.06107], [120.60332, -7.06109], [120.60332, -7.0611], [120.60329, -7.06116], [120.60327, -7.06121], [120.60328, -7.06122], [120.60331, -7.06124], [120.60332, -7.06126], [120.60333, -7.06127], [120.60334, -7.06129], [120.60332, -7.06133], [120.60332, -7.06133], [120.60331, -7.06135], [120.60331, -7.06136], [120.60326, -7.06142], [120.60326, -7.06142], [120.60331, -7.06147], [120.60331, -7.06147], [120.60332, -7.06154], [120.60333, -7.06161], [120.60333, -7.06162], [120.60334, -7.06167], [120.60335, -7.0618], [120.60337, -7.06186], [120.60338, -7.06186], [120.60337, -7.06197], [120.60337, -7.06197], [120.60332, -7.06207], [120.6033, -7.06211], [120.60331, -7.06214], [120.60335, -7.06225], [120.60336, -7.06227], [120.60341, -7.06232], [120.60342, -7.06235], [120.60341, -7.06243], [120.60344, -7.06246], [120.60345, -7.06247], [120.60346, -7.06256], [120.60347, -7.06261], [120.60347, -7.06265], [120.60347, -7.06266], [120.60346, -7.06267], [120.60343, -7.06273], [120.60346, -7.06284], [120.60347, -7.06286], [120.60346, -7.06291], [120.60346, -7.06293], [120.6034, -7.06304], [120.60342, -7.06316], [120.60344, -7.06323], [120.60347, -7.06336], [120.60347, -7.06337], [120.60347, -7.06338], [120.60352, -7.06345], [120.60354, -7.06348], [120.6036, -7.06353], [120.6036, -7.06358], [120.6036, -7.06361], [120.60367, -7.06371], [120.60378, -7.0639], [120.60382, -7.06402], [120.60378, -7.06409], [120.60378, -7.06409], [120.6037, -7.06415], [120.60368, -7.06415], [120.60359, -7.06417], [120.60349, -7.06424], [120.60342, -7.06426], [120.60341, -7.06435], [120.60341, -7.06436], [120.60341, -7.06437], [120.60335, -7.0644], [120.60332, -7.06441], [120.6033, -7.06442], [120.60326, -7.06443], [120.60323, -7.0644], [120.60322, -7.06438], [120.60319, -7.06434], [120.60319, -7.06428], [120.60315, -7.06423], [120.60315, -7.06423], [120.60314, -7.06422], [120.60308, -7.06418], [120.60307, -7.06417], [120.60305, -7.06417], [120.60302, -7.06417], [120.60302, -7.06417], [120.60301, -7.06418], [120.60295, -7.06427], [120.60288, -7.06432], [120.60282, -7.06429], [120.60282, -7.06429], [120.60277, -7.06433], [120.60273, -7.06434], [120.60272, -7.06434], [120.6027, -7.06431], [120.60269, -7.0643], [120.60269, -7.06428], [120.60267, -7.06428], [120.60264, -7.06429], [120.6026, -7.06427], [120.6026, -7.06426], [120.6026, -7.06424], [120.60259, -7.06422], [120.60255, -7.06422], [120.6025, -7.06425], [120.60246, -7.06428], [120.60246, -7.06432], [120.60246, -7.06433], [120.60244, -7.0644], [120.60241, -7.06442], [120.60238, -7.0644], [120.60238, -7.0644], [120.60238, -7.0644], [120.60237, -7.06442], [120.60236, -7.06443], [120.60236, -7.06447], [120.60236, -7.0645], [120.60236, -7.06455], [120.6023, -7.06459], [120.60227, -7.06461], [120.60227, -7.06462], [120.60224, -7.06467], [120.60219, -7.06469], [120.60213, -7.06471], [120.60211, -7.06476], [120.60208, -7.06479], [120.60202, -7.06483], [120.602, -7.06489], [120.60197, -7.06495], [120.60192, -7.06497], [120.60182, -7.06501], [120.60177, -7.06498], [120.60172, -7.06493], [120.60163, -7.06492], [120.60161, -7.06492], [120.60156, -7.06492], [120.60151, -7.06486], [120.60151, -7.06482], [120.60152, -7.06471], [120.60151, -7.06468], [120.6015, -7.06466], [120.60148, -7.06461], [120.60145, -7.06454], [120.60138, -7.06443], [120.60135, -7.06432], [120.60132, -7.06426], [120.60129, -7.06416], [120.60129, -7.06414], [120.60125, -7.06399], [120.60125, -7.06398], [120.60125, -7.0639], [120.60125, -7.06387], [120.60125, -7.06384], [120.60128, -7.06378], [120.6013, -7.06371], [120.60132, -7.06354], [120.60132, -7.06352], [120.60133, -7.06344], [120.60135, -7.0634], [120.60138, -7.06335], [120.6014, -7.06333], [120.60157, -7.06293], [120.60172, -7.06253], [120.60177, -7.06237], [120.60178, -7.06235], [120.60176, -7.06215], [120.60173, -7.06206], [120.60167, -7.062], [120.60165, -7.06192], [120.60163, -7.06185], [120.60161, -7.06183], [120.6016, -7.06182], [120.6016, -7.0618], [120.60162, -7.06171], [120.60163, -7.06169], [120.60163, -7.06159], [120.60163, -7.06156], [120.60162, -7.06149], [120.60159, -7.06142], [120.60151, -7.06132], [120.60148, -7.06131], [120.60147, -7.0613], [120.60147, -7.0613], [120.60145, -7.06127], [120.60145, -7.06127], [120.60144, -7.06122], [120.60144, -7.06121], [120.60146, -7.06116], [120.60143, -7.0611], [120.60141, -7.06105], [120.60136, -7.06093], [120.60135, -7.06091], [120.60137, -7.06059], [120.60122, -7.06033], [120.60121, -7.0603], [120.60116, -7.06009], [120.60115, -7.06007], [120.60115, -7.06007], [120.60109, -7.05993], [120.60109, -7.05992], [120.60105, -7.05988], [120.60104, -7.05979], [120.60098, -7.05975], [120.60098, -7.05975], [120.60097, -7.05974], [120.60094, -7.05967], [120.60085, -7.05949], [120.60085, -7.05948], [120.60082, -7.05941], [120.60082, -7.05941], [120.6008, -7.05934], [120.60076, -7.05926], [120.6007, -7.05919], [120.60069, -7.05917], [120.60064, -7.05913], [120.60068, -7.05893], [120.6007, -7.05883], [120.6007, -7.05879], [120.6007, -7.05876], [120.60066, -7.05864], [120.60068, -7.05862], [120.60071, -7.05859], [120.60075, -7.05856], [120.60082, -7.05853], [120.60086, -7.05852], [120.60089, -7.0585], [120.6015, -7.05821], [120.60176, -7.058], [120.60191, -7.05775], [120.602, -7.05768], [120.60203, -7.05767], [120.60208, -7.05765], [120.60218, -7.0576], [120.60233, -7.05749], [120.60248, -7.05737], [120.60265, -7.05725], [120.60279, -7.05719], [120.60291, -7.05712], [120.60297, -7.05709], [120.603, -7.05707], [120.60315, -7.05712], [120.60318, -7.05716], [120.60321, -7.05721], [120.60321, -7.0573], [120.60325, -7.05732], [120.60325, -7.05732], [120.60325, -7.05733], [120.60325, -7.05733], [120.60325, -7.05741], [120.60325, -7.05742], [120.60326, -7.05744], [120.60328, -7.05752], [120.60329, -7.05755], [120.60329, -7.05757], [120.60329, -7.0577], [120.6033, -7.05784], [120.60328, -7.0579], [120.60327, -7.05792], [120.60326, -7.05805], [120.60326, -7.05811], [120.60329, -7.05818], [120.60331, -7.05819], [120.60336, -7.05821], [120.60342, -7.05823], [120.60342, -7.05824], [120.60344, -7.05828], [120.60344, -7.05829], [120.60346, -7.05835], [120.60352, -7.05836], [120.60358, -7.05836], [120.60358, -7.05843], [120.60358, -7.0585], [120.60361, -7.05854], [120.60367, -7.05852], [120.60369, -7.05845], [120.60371, -7.05841], [120.60378, -7.05844], [120.60379, -7.05848], [120.60378, -7.05854], [120.60382, -7.05866], [120.60381, -7.05873], [120.60376, -7.05877], [120.60374, -7.0588], [120.60379, -7.05887], [120.60376, -7.05896], [120.60374, -7.05902], [120.60368, -7.05907], [120.6036, -7.05912], [120.60359, -7.05912], [120.60363, -7.05919], [120.60363, -7.05924], [120.60363, -7.0593], [120.60363, -7.05933], [120.60362, -7.05935], [120.60364, -7.0594], [120.60367, -7.05947], [120.60366, -7.05953], [120.6037, -7.05962], [120.60371, -7.05963], [120.60379, -7.05972], [120.60379, -7.05973], [120.60383, -7.05977], [120.60383, -7.05979], [120.60386, -7.05985], [120.60387, -7.05991]]]]}}, {"type": "Feature", "properties": {"id": "011.004.LEMBANG_MATENE", "nmkec": "Pasilambena", "nmdesa": "Lembang Matene", "kdkec": "011", "kddesa": "004", "dominan": "kelapa", "total_ha": 770.8}, "geometry": {"type": "Polygon", "coordinates": [[[121.82542, -7.39182], [121.82528, -7.39211], [121.82497, -7.3926], [121.82468, -7.39323], [121.82465, -7.39356], [121.82448, -7.39378], [121.82439, -7.39421], [121.82417, -7.39464], [121.82412, -7.39488], [121.82421, -7.39514], [121.82424, -7.39549], [121.82405, -7.39561], [121.82359, -7.39601], [121.82342, -7.39626], [121.82336, -7.39651], [121.82335, -7.39685], [121.82312, -7.39716], [121.82257, -7.39761], [121.8223, -7.3979], [121.82182, -7.39812], [121.82153, -7.39831], [121.82139, -7.39855], [121.82129, -7.39868], [121.82113, -7.39869], [121.82096, -7.39884], [121.82072, -7.39904], [121.82035, -7.39923], [121.82009, -7.39932], [121.81978, -7.39941], [121.81942, -7.39944], [121.81916, -7.39941], [121.819, -7.39922], [121.8187, -7.39921], [121.81847, -7.39915], [121.81821, -7.39923], [121.81779, -7.39943], [121.81767, -7.39951], [121.81717, -7.39963], [121.81684, -7.39979], [121.81655, -7.39999], [121.81655, -7.40011], [121.8164, -7.40021], [121.81619, -7.4004], [121.81608, -7.40051], [121.81584, -7.40063], [121.81557, -7.4008], [121.8154, -7.40088], [121.81519, -7.4009], [121.81499, -7.40103], [121.81478, -7.40116], [121.81461, -7.40122], [121.8145, -7.40121], [121.81439, -7.40129], [121.81419, -7.40138], [121.81379, -7.40144], [121.81359, -7.40156], [121.81332, -7.40164], [121.81306, -7.40171], [121.81281, -7.40184], [121.81264, -7.40196], [121.81251, -7.40217], [121.81224, -7.40239], [121.81205, -7.4025], [121.81187, -7.40266], [121.81165, -7.40277], [121.81145, -7.40288], [121.81102, -7.40313], [121.81088, -7.40332], [121.81072, -7.4035], [121.81048, -7.40363], [121.81018, -7.40355], [121.80992, -7.40372], [121.80958, -7.40378], [121.80945, -7.40355], [121.80913, -7.40351], [121.80884, -7.4036], [121.80844, -7.40372], [121.80796, -7.40398], [121.80775, -7.40413], [121.80744, -7.4043], [121.80693, -7.40451], [121.80635, -7.40486], [121.80615, -7.40504], [121.80597, -7.40527], [121.80521, -7.40564], [121.80484, -7.40581], [121.80474, -7.40538], [121.8049, -7.40483], [121.80502, -7.40443], [121.80519, -7.40294], [121.80447, -7.40129], [121.80186, -7.39393], [121.80304, -7.39191], [121.80493, -7.38395], [121.80728, -7.37457], [121.80853, -7.3696], [121.81237, -7.35318], [121.82043, -7.33128], [121.82092, -7.33088], [121.82106, -7.33076], [121.8215, -7.33058], [121.82164, -7.33087], [121.82223, -7.33132], [121.82252, -7.33141], [121.82276, -7.33117], [121.82325, -7.33115], [121.82331, -7.33146], [121.82372, -7.33171], [121.82406, -7.3317], [121.82412, -7.33188], [121.82425, -7.33196], [121.82449, -7.33202], [121.82466, -7.33217], [121.82504, -7.33217], [121.8253, -7.33232], [121.82551, -7.33227], [121.82579, -7.33233], [121.82592, -7.33245], [121.82616, -7.33246], [121.82616, -7.33264], [121.82631, -7.33276], [121.82651, -7.33281], [121.82669, -7.33285], [121.82682, -7.33274], [121.82703, -7.33269], [121.82718, -7.33286], [121.82741, -7.33305], [121.82761, -7.33312], [121.8278, -7.33313], [121.82803, -7.33318], [121.82812, -7.33337], [121.82815, -7.33358], [121.82832, -7.33373], [121.8285, -7.33378], [121.8286, -7.3339], [121.82869, -7.33403], [121.82885, -7.33411], [121.82907, -7.33416], [121.8293, -7.33425], [121.82953, -7.33444], [121.82966, -7.33465], [121.82993, -7.33504], [121.83004, -7.33539], [121.83023, -7.33546], [121.83048, -7.33574], [121.83059, -7.33574], [121.8306, -7.33611], [121.83073, -7.33626], [121.83064, -7.33649], [121.83055, -7.33663], [121.83058, -7.33693], [121.8309, -7.33738], [121.83145, -7.33807], [121.83178, -7.33814], [121.832, -7.33847], [121.83209, -7.33878], [121.83216, -7.33907], [121.83256, -7.33944], [121.8329, -7.33983], [121.83331, -7.34027], [121.83349, -7.34047], [121.83383, -7.34091], [121.83412, -7.34131], [121.83502, -7.34274], [121.83554, -7.34351], [121.83583, -7.34375], [121.83609, -7.34383], [121.83649, -7.34412], [121.8369, -7.34464], [121.83717, -7.34498], [121.83753, -7.34549], [121.83777, -7.34573], [121.83792, -7.34604], [121.83811, -7.34629], [121.8383, -7.34656], [121.83846, -7.34703], [121.83865, -7.3475], [121.83901, -7.3483], [121.83942, -7.34903], [121.8396, -7.34912], [121.83965, -7.34945], [121.83982, -7.35016], [121.84003, -7.35097], [121.84028, -7.35176], [121.84016, -7.35197], [121.84016, -7.35223], [121.84017, -7.3525], [121.84002, -7.3526], [121.83984, -7.35275], [121.83976, -7.35293], [121.83962, -7.35313], [121.83956, -7.35359], [121.83952, -7.35417], [121.83914, -7.35442], [121.83909, -7.35496], [121.83894, -7.35526], [121.83886, -7.35575], [121.83881, -7.3561], [121.8388, -7.35673], [121.83876, -7.35696], [121.8388, -7.35807], [121.83893, -7.35889], [121.83905, -7.35978], [121.83904, -7.36009], [121.83899, -7.36035], [121.83901, -7.36053], [121.83896, -7.3609], [121.83896, -7.36111], [121.83885, -7.36126], [121.83888, -7.36234], [121.83889, -7.36275], [121.83879, -7.36288], [121.83882, -7.36307], [121.83876, -7.36322], [121.83872, -7.36346], [121.83863, -7.36361], [121.83867, -7.36379], [121.83862, -7.36394], [121.8386, -7.36432], [121.83864, -7.36443], [121.83854, -7.36472], [121.8386, -7.36519], [121.83876, -7.36514], [121.83884, -7.36533], [121.83889, -7.36561], [121.83881, -7.36578], [121.83883, -7.36606], [121.83872, -7.36628], [121.8385, -7.36635], [121.83859, -7.36642], [121.83872, -7.36666], [121.83876, -7.36686], [121.83863, -7.36713], [121.83852, -7.36722], [121.83854, -7.36734], [121.8386, -7.36746], [121.83871, -7.36761], [121.83867, -7.36786], [121.8386, -7.36802], [121.83859, -7.36816], [121.83842, -7.36832], [121.83849, -7.36849], [121.83857, -7.36875], [121.83857, -7.36895], [121.83859, -7.36907], [121.83856, -7.36924], [121.83854, -7.36938], [121.83861, -7.36956], [121.83867, -7.3697], [121.83856, -7.37], [121.83836, -7.37018], [121.83822, -7.37026], [121.83854, -7.37074], [121.83879, -7.37056], [121.83923, -7.37048], [121.83969, -7.37068], [121.83986, -7.37143], [121.83972, -7.37165], [121.83971, -7.37181], [121.83959, -7.37204], [121.83941, -7.37222], [121.83929, -7.37239], [121.83916, -7.37251], [121.83905, -7.37253], [121.83905, -7.37262], [121.83885, -7.37255], [121.83858, -7.37286], [121.83845, -7.37314], [121.83819, -7.37336], [121.83683, -7.37486], [121.83629, -7.37546], [121.83613, -7.3756], [121.83563, -7.3762], [121.8357, -7.37657], [121.83572, -7.37692], [121.83556, -7.37704], [121.83565, -7.37725], [121.83546, -7.37732], [121.83541, -7.37738], [121.83548, -7.37754], [121.83537, -7.37783], [121.83528, -7.37812], [121.83501, -7.3784], [121.83487, -7.3786], [121.8346, -7.3787], [121.8344, -7.37881], [121.83424, -7.37892], [121.83401, -7.37901], [121.8339, -7.3789], [121.8332, -7.37947], [121.83189, -7.38077], [121.83103, -7.38178], [121.83005, -7.38327], [121.82948, -7.38395], [121.8289, -7.38499], [121.82817, -7.38642], [121.82786, -7.38711], [121.82744, -7.38774], [121.8267, -7.38908], [121.82632, -7.38986], [121.82606, -7.39072], [121.82582, -7.39096], [121.82559, -7.39148], [121.82542, -7.39182]]]}}, {"type": "Feature", "properties": {"id": "050.014.PAMATATA", "nmkec": "Bontomatene", "nmdesa": "Pamatata", "kdkec": "050", "kddesa": "014", "dominan": "kelapa", "total_ha": 886.7}, "geometry": {"type": "Polygon", "coordinates": [[[120.52077, -5.83564], [120.52077, -5.8361], [120.52016, -5.83662], [120.52016, -5.83663], [120.5203, -5.83678], [120.52104, -5.83664], [120.5211, -5.83658], [120.52158, -5.83641], [120.52196, -5.8362], [120.52215, -5.836], [120.52262, -5.83574], [120.52302, -5.83543], [120.52343, -5.83518], [120.52372, -5.83509], [120.52385, -5.83512], [120.5241, -5.83508], [120.52429, -5.83497], [120.52439, -5.8348], [120.52454, -5.83479], [120.52456, -5.83474], [120.52472, -5.83478], [120.52476, -5.83486], [120.52483, -5.83498], [120.52493, -5.8351], [120.52489, -5.83522], [120.52505, -5.83542], [120.52539, -5.83566], [120.52554, -5.83581], [120.52549, -5.83614], [120.52563, -5.83659], [120.52569, -5.83689], [120.52581, -5.83722], [120.52588, -5.83766], [120.52608, -5.83795], [120.52612, -5.83848], [120.52615, -5.83877], [120.52642, -5.83916], [120.52656, -5.83962], [120.52683, -5.84023], [120.52713, -5.84049], [120.52733, -5.84087], [120.52751, -5.84101], [120.52792, -5.84118], [120.52817, -5.84122], [120.52843, -5.84152], [120.5286, -5.84186], [120.52873, -5.84188], [120.5289, -5.84231], [120.52896, -5.84251], [120.52921, -5.84284], [120.52939, -5.843], [120.52953, -5.84337], [120.5296, -5.84372], [120.52965, -5.84405], [120.52977, -5.84409], [120.52993, -5.84439], [120.53018, -5.84429], [120.53019, -5.84447], [120.53037, -5.84454], [120.53018, -5.84475], [120.52993, -5.84488], [120.52969, -5.84503], [120.52926, -5.84527], [120.52905, -5.84547], [120.52863, -5.84566], [120.52831, -5.84583], [120.52787, -5.84579], [120.5277, -5.84601], [120.52748, -5.8462], [120.52727, -5.84654], [120.52725, -5.84679], [120.5274, -5.84697], [120.52745, -5.84726], [120.52734, -5.84744], [120.52723, -5.84757], [120.52719, -5.84776], [120.52706, -5.84786], [120.52688, -5.84784], [120.52681, -5.84799], [120.52687, -5.84821], [120.52682, -5.84852], [120.52674, -5.84867], [120.52654, -5.84875], [120.52645, -5.84895], [120.52598, -5.84901], [120.5216, -5.84901], [120.52083, -5.84901], [120.51946, -5.84869], [120.51943, -5.84868], [120.51808, -5.84816], [120.51808, -5.84816], [120.51755, -5.84775], [120.51611, -5.84828], [120.51549, -5.84845], [120.5146, -5.8486], [120.51383, -5.84862], [120.51328, -5.8486], [120.51254, -5.84851], [120.51177, -5.84828], [120.51139, -5.84809], [120.51073, -5.84755], [120.50704, -5.84646], [120.50346, -5.84695], [120.50274, -5.84708], [120.50142, -5.84728], [120.49824, -5.84768], [120.4943, -5.84736], [120.48894, -5.84729], [120.48858, -5.84721], [120.48938, -5.83943], [120.48975, -5.83385], [120.49062, -5.82886], [120.49121, -5.82649], [120.49184, -5.82401], [120.48558, -5.81797], [120.47915, -5.81178], [120.48586, -5.81126], [120.50127, -5.8101], [120.50132, -5.81023], [120.50148, -5.81047], [120.50173, -5.81067], [120.50187, -5.81107], [120.50211, -5.81169], [120.5023, -5.81217], [120.50246, -5.81233], [120.50243, -5.8125], [120.50241, -5.81265], [120.50244, -5.81287], [120.5027, -5.81321], [120.50305, -5.81357], [120.50325, -5.81382], [120.50333, -5.81404], [120.50346, -5.81407], [120.50352, -5.81427], [120.50368, -5.81443], [120.5038, -5.81453], [120.50376, -5.81464], [120.50369, -5.81494], [120.50371, -5.8153], [120.50398, -5.81597], [120.50445, -5.81649], [120.50468, -5.81679], [120.50495, -5.8172], [120.50534, -5.81756], [120.50567, -5.81771], [120.50603, -5.81773], [120.50619, -5.81768], [120.50632, -5.81768], [120.50638, -5.81775], [120.50643, -5.81785], [120.50633, -5.81787], [120.50631, -5.81798], [120.50626, -5.81833], [120.50631, -5.81871], [120.50632, -5.81873], [120.50646, -5.81889], [120.50655, -5.8189], [120.50662, -5.81904], [120.50667, -5.81927], [120.50678, -5.81954], [120.50689, -5.81976], [120.50706, -5.82007], [120.50722, -5.82033], [120.5073, -5.82053], [120.5074, -5.8207], [120.50734, -5.82082], [120.5073, -5.82117], [120.50711, -5.82147], [120.50713, -5.8217], [120.50733, -5.82187], [120.50754, -5.82189], [120.50764, -5.822], [120.50767, -5.82223], [120.50768, -5.82273], [120.50786, -5.82327], [120.50814, -5.8236], [120.50831, -5.82382], [120.50847, -5.82396], [120.50867, -5.82419], [120.50879, -5.82422], [120.50889, -5.82431], [120.50899, -5.82447], [120.50911, -5.82454], [120.50929, -5.8246], [120.50954, -5.82468], [120.50968, -5.82479], [120.50983, -5.82486], [120.50992, -5.82504], [120.50999, -5.82516], [120.51011, -5.82533], [120.5102, -5.82544], [120.51025, -5.82548], [120.51036, -5.82562], [120.51055, -5.82576], [120.51075, -5.82598], [120.51076, -5.82617], [120.51074, -5.82634], [120.51077, -5.82691], [120.51078, -5.8271], [120.51087, -5.8273], [120.51111, -5.82746], [120.51135, -5.8276], [120.51147, -5.8277], [120.5115, -5.82792], [120.51158, -5.82827], [120.51169, -5.82844], [120.51176, -5.82863], [120.51182, -5.82863], [120.51189, -5.82872], [120.51183, -5.82881], [120.51196, -5.82911], [120.51201, -5.82942], [120.51205, -5.82965], [120.51245, -5.83061], [120.51267, -5.83119], [120.51281, -5.83151], [120.51326, -5.83238], [120.51464, -5.8344], [120.51524, -5.83514], [120.51551, -5.8357], [120.51556, -5.83588], [120.51557, -5.83592], [120.51586, -5.83619], [120.51638, -5.8363], [120.51724, -5.83646], [120.5173, -5.83645], [120.51744, -5.83641], [120.51757, -5.83548], [120.51741, -5.83505], [120.51725, -5.83484], [120.51726, -5.83472], [120.51765, -5.83468], [120.51783, -5.83472], [120.51788, -5.8347], [120.5181, -5.83474], [120.51819, -5.83486], [120.51806, -5.83492], [120.51788, -5.835], [120.51777, -5.83501], [120.51769, -5.83505], [120.51768, -5.83524], [120.51763, -5.83557], [120.5176, -5.83584], [120.51755, -5.83614], [120.51756, -5.83644], [120.51752, -5.83692], [120.51777, -5.83708], [120.51826, -5.83742], [120.51856, -5.83743], [120.51905, -5.83671], [120.51966, -5.83676], [120.51997, -5.83658], [120.52059, -5.83619], [120.52068, -5.83592], [120.52054, -5.83552], [120.52018, -5.83489], [120.52009, -5.83468], [120.51983, -5.83473], [120.52024, -5.83439], [120.52016, -5.83455], [120.52026, -5.83484], [120.52059, -5.83538], [120.52077, -5.83564]]]}}, {"type": "Feature", "properties": {"id": "050.006.MAHARAYYA", "nmkec": "Bontomatene", "nmdesa": "Maharayya", "kdkec": "050", "kddesa": "006", "dominan": "kelapa", "total_ha": 1952.8}, "geometry": {"type": "Polygon", "coordinates": [[[120.49319, -5.95719], [120.49319, -5.95835], [120.49247, -5.95828], [120.49242, -5.95828], [120.49095, -5.95814], [120.49084, -5.95813], [120.48826, -5.95793], [120.48684, -5.95735], [120.48658, -5.95712], [120.48658, -5.95712], [120.48658, -5.95716], [120.48548, -5.95716], [120.48536, -5.95757], [120.48514, -5.95778], [120.48514, -5.95779], [120.48514, -5.95779], [120.48412, -5.95767], [120.48193, -5.95851], [120.48096, -5.95851], [120.48051, -5.95826], [120.47644, -5.95846], [120.47424, -5.95858], [120.4742, -5.95848], [120.47404, -5.95806], [120.46816, -5.95826], [120.46771, -5.9578], [120.46644, -5.95782], [120.46561, -5.95782], [120.46151, -5.95787], [120.46138, -5.95771], [120.46125, -5.95754], [120.45957, -5.9576], [120.45944, -5.95761], [120.45905, -5.95722], [120.45588, -5.95722], [120.45588, -5.95664], [120.45356, -5.95658], [120.45356, -5.95657], [120.45336, -5.95657], [120.45207, -5.95657], [120.45077, -5.95657], [120.44818, -5.95657], [120.44559, -5.95657], [120.44546, -5.95657], [120.44546, -5.95657], [120.44545, -5.95645], [120.44546, -5.95631], [120.44548, -5.95604], [120.44548, -5.95589], [120.44549, -5.95581], [120.44552, -5.95567], [120.44551, -5.95567], [120.44556, -5.95546], [120.44558, -5.95516], [120.44557, -5.955], [120.44563, -5.95465], [120.44565, -5.95442], [120.44564, -5.95415], [120.44566, -5.95398], [120.44567, -5.95341], [120.44567, -5.95321], [120.4457, -5.95301], [120.4457, -5.95277], [120.44572, -5.95251], [120.44572, -5.95242], [120.44577, -5.95234], [120.44575, -5.95227], [120.44574, -5.95186], [120.44581, -5.95135], [120.44588, -5.95087], [120.4459, -5.95073], [120.44591, -5.95045], [120.44594, -5.95023], [120.44592, -5.95006], [120.44596, -5.94992], [120.44595, -5.94973], [120.44597, -5.94948], [120.44603, -5.94926], [120.44606, -5.94868], [120.44609, -5.94808], [120.44615, -5.94738], [120.44621, -5.94684], [120.44621, -5.9468], [120.44618, -5.94623], [120.44619, -5.94608], [120.44619, -5.94556], [120.44618, -5.94544], [120.44622, -5.94529], [120.44619, -5.94515], [120.44624, -5.945], [120.44624, -5.94487], [120.44619, -5.94484], [120.44618, -5.94478], [120.44624, -5.94466], [120.44626, -5.94439], [120.44627, -5.94428], [120.44622, -5.94424], [120.44622, -5.94415], [120.44627, -5.94406], [120.44629, -5.94383], [120.4463, -5.94375], [120.44635, -5.94364], [120.44638, -5.9433], [120.44639, -5.94321], [120.44647, -5.94284], [120.44648, -5.94277], [120.44653, -5.94239], [120.44655, -5.94231], [120.44657, -5.94214], [120.44663, -5.94161], [120.44663, -5.94143], [120.44665, -5.94141], [120.44667, -5.94127], [120.44665, -5.94097], [120.44668, -5.94071], [120.44669, -5.94053], [120.44669, -5.94051], [120.44667, -5.94031], [120.44668, -5.94009], [120.4467, -5.93963], [120.44672, -5.93947], [120.44673, -5.93904], [120.44671, -5.93899], [120.44669, -5.9387], [120.44671, -5.93864], [120.44671, -5.93864], [120.44673, -5.93859], [120.44672, -5.93852], [120.44664, -5.93845], [120.44665, -5.9384], [120.44665, -5.93824], [120.44669, -5.93802], [120.44669, -5.93802], [120.44673, -5.938], [120.44674, -5.93789], [120.44723, -5.93789], [120.44723, -5.93789], [120.44852, -5.93789], [120.44926, -5.93785], [120.45104, -5.93776], [120.45838, -5.93732], [120.45957, -5.93737], [120.46008, -5.93739], [120.46162, -5.93725], [120.46162, -5.93725], [120.46357, -5.93707], [120.46451, -5.93699], [120.46478, -5.93689], [120.46667, -5.93622], [120.46688, -5.93614], [120.46712, -5.93622], [120.46885, -5.93645], [120.46918, -5.93649], [120.4705, -5.93637], [120.47133, -5.9363], [120.47143, -5.93629], [120.47145, -5.93629], [120.4721, -5.93618], [120.47275, -5.93607], [120.47417, -5.93583], [120.47552, -5.93578], [120.47593, -5.93576], [120.47593, -5.93576], [120.47612, -5.93576], [120.47612, -5.93576], [120.47725, -5.93578], [120.47831, -5.93579], [120.47831, -5.93768], [120.47831, -5.93918], [120.47982, -5.94134], [120.48027, -5.94139], [120.48238, -5.94423], [120.48269, -5.94445], [120.48361, -5.94507], [120.48467, -5.94589], [120.48666, -5.94743], [120.4873, -5.94791], [120.49212, -5.95154], [120.49229, -5.95167], [120.49229, -5.95167], [120.49318, -5.95228], [120.49319, -5.95242], [120.49319, -5.9531], [120.49319, -5.95445], [120.49319, -5.95446], [120.49319, -5.95534], [120.49319, -5.95719]]]}}, {"type": "Feature", "properties": {"id": "021.005.JINATO", "nmkec": "Takabonerate", "nmdesa": "Jinato", "kdkec": "021", "kddesa": "005", "dominan": "kelapa", "total_ha": 894.6}, "geometry": {"type": "MultiPolygon", "coordinates": [[[[121.13561, -6.79827], [121.13579, -6.79801], [121.13585, -6.79747], [121.13591, -6.79688], [121.13589, -6.79493], [121.13589, -6.79442], [121.13601, -6.79392], [121.13625, -6.79333], [121.13634, -6.79271], [121.13644, -6.79214], [121.13656, -6.79143], [121.13654, -6.78924], [121.13648, -6.78862], [121.1366, -6.78794], [121.13678, -6.78749], [121.13714, -6.78708], [121.13711, -6.78687], [121.13681, -6.78664], [121.13652, -6.78655], [121.13634, -6.78631], [121.13631, -6.78595], [121.13637, -6.78509], [121.13635, -6.78423], [121.13641, -6.78367], [121.13665, -6.78299], [121.13695, -6.78276], [121.13727, -6.78273], [121.13781, -6.78261], [121.13807, -6.78255], [121.13855, -6.7825], [121.13881, -6.78261], [121.13884, -6.78276], [121.13878, -6.78327], [121.13872, -6.78374], [121.1389, -6.78427], [121.13895, -6.78484], [121.13889, -6.78552], [121.13883, -6.78614], [121.13883, -6.78652], [121.13883, -6.78685], [121.13874, -6.78727], [121.13865, -6.78756], [121.1385, -6.78771], [121.13844, -6.78789], [121.13847, -6.78812], [121.13864, -6.78815], [121.13891, -6.78812], [121.13891, -6.78836], [121.13894, -6.78887], [121.13888, -6.78931], [121.13888, -6.78981], [121.1389, -6.79029], [121.1389, -6.79064], [121.13893, -6.79106], [121.1389, -6.79162], [121.13878, -6.79198], [121.13848, -6.79263], [121.13836, -6.79313], [121.13821, -6.79375], [121.13806, -6.79428], [121.13731, -6.79529], [121.13713, -6.79576], [121.13704, -6.79644], [121.13701, -6.79712], [121.13698, -6.79769], [121.13695, -6.79801], [121.13683, -6.79837], [121.13668, -6.79863], [121.13635, -6.7989], [121.13602, -6.79904], [121.13585, -6.79922], [121.13543, -6.79934], [121.1351, -6.79925], [121.13499, -6.79898], [121.13499, -6.79863], [121.13529, -6.79839], [121.13561, -6.79827]]], [[[120.96983, -6.75849], [120.96955, -6.75913], [120.96923, -6.76046], [120.96915, -6.7611], [120.96905, -6.76123], [120.9689, -6.76156], [120.96805, -6.76391], [120.96805, -6.76411], [120.96792, -6.76419], [120.96764, -6.76468], [120.96764, -6.7648], [120.96746, -6.76483], [120.96728, -6.76452], [120.96702, -6.76338], [120.96687, -6.76261], [120.96673, -6.76165], [120.96651, -6.75828], [120.96659, -6.75815], [120.96658, -6.75772], [120.96656, -6.75719], [120.96635, -6.75658], [120.96634, -6.75627], [120.96632, -6.75556], [120.96635, -6.75503], [120.96642, -6.7541], [120.96641, -6.75352], [120.96651, -6.75318], [120.96664, -6.75288], [120.96681, -6.75247], [120.96717, -6.75196], [120.96758, -6.75155], [120.96793, -6.75124], [120.96831, -6.75101], [120.96873, -6.75081], [120.9688, -6.75078], [120.96943, -6.75057], [120.97012, -6.75041], [120.97013, -6.7504], [120.9704, -6.75044], [120.97083, -6.75041], [120.97134, -6.75051], [120.97178, -6.75071], [120.97191, -6.75107], [120.97204, -6.75137], [120.97176, -6.75252], [120.97124, -6.75466], [120.9708, -6.75558], [120.97051, -6.75617], [120.97042, -6.75663], [120.97041, -6.75668], [120.97031, -6.7574], [120.96983, -6.75849]]], [[[121.07114, -6.76182], [121.07124, -6.76156], [121.07143, -6.76146], [121.07162, -6.76139], [121.07174, -6.76117], [121.07157, -6.76097], [121.07123, -6.76083], [121.07095, -6.76074], [121.07077, -6.76074], [121.07053, -6.76089], [121.07025, -6.76091], [121.06989, -6.76074], [121.06998, -6.76058], [121.07073, -6.76026], [121.07097, -6.76023], [121.0712, -6.76009], [121.07143, -6.76003], [121.07154, -6.75975], [121.07157, -6.75931], [121.07158, -6.7589], [121.07165, -6.75859], [121.07175, -6.75837], [121.07184, -6.75806], [121.07192, -6.75787], [121.07206, -6.75765], [121.07216, -6.75752], [121.07235, -6.75731], [121.07244, -6.75714], [121.07235, -6.75702], [121.07201, -6.75709], [121.07204, -6.75728], [121.07206, -6.75743], [121.07187, -6.75753], [121.0717, -6.7576], [121.07168, -6.75779], [121.07165, -6.75799], [121.07149, -6.75803], [121.07127, -6.75797], [121.07107, -6.75785], [121.07071, -6.75778], [121.07033, -6.75771], [121.07008, -6.75763], [121.06992, -6.75749], [121.06991, -6.75713], [121.07001, -6.75684], [121.07011, -6.75672], [121.07042, -6.75681], [121.07064, -6.757], [121.07092, -6.75708], [121.07126, -6.75709], [121.07143, -6.757], [121.07186, -6.75663], [121.07189, -6.7564], [121.0719, -6.75606], [121.0719, -6.75562], [121.07185, -6.7554], [121.07169, -6.75523], [121.07151, -6.75512], [121.0713, -6.75502], [121.07134, -6.75485], [121.07163, -6.75466], [121.07183, -6.75459], [121.07209, -6.75449], [121.07226, -6.75442], [121.0724, -6.75437], [121.07265, -6.75458], [121.07277, -6.75473], [121.07291, -6.75489], [121.07315, -6.75518], [121.0733, -6.75542], [121.07338, -6.75574], [121.0735, -6.7559], [121.07354, -6.75612], [121.07347, -6.75641], [121.07341, -6.75679], [121.07345, -6.7575], [121.07353, -6.75786], [121.07349, -6.75821], [121.07346, -6.75851], [121.07347, -6.75885], [121.07349, -6.75921], [121.07344, -6.75954], [121.07321, -6.7607], [121.07329, -6.76104], [121.07341, -6.7613], [121.07355, -6.76154], [121.07374, -6.7619], [121.07382, -6.76221], [121.07387, -6.76246], [121.0739, -6.7628], [121.074, -6.7634], [121.07402, -6.76361], [121.074, -6.76386], [121.074, -6.76422], [121.07398, -6.76431], [121.07386, -6.76429], [121.07376, -6.76419], [121.07363, -6.7639], [121.07342, -6.76359], [121.07323, -6.76333], [121.07274, -6.76297], [121.07245, -6.76288], [121.07219, -6.76271], [121.07187, -6.76252], [121.07146, -6.76235], [121.07126, -6.76216], [121.07114, -6.76182]]], [[[121.10008, -6.74402], [121.10017, -6.74393], [121.10033, -6.74395], [121.10048, -6.744], [121.10064, -6.74406], [121.10074, -6.74411], [121.10084, -6.74421], [121.10084, -6.74436], [121.10079, -6.74445], [121.1007, -6.74451], [121.10055, -6.74455], [121.10045, -6.74452], [121.10031, -6.74444], [121.10016, -6.74435], [121.10007, -6.74426], [121.10004, -6.74415], [121.10008, -6.74402]]], [[[121.10114, -6.7435], [121.10075, -6.74338], [121.10067, -6.7432], [121.10065, -6.74274], [121.10069, -6.7425], [121.10069, -6.74225], [121.10066, -6.7421], [121.10068, -6.74186], [121.10077, -6.74169], [121.10088, -6.74154], [121.10096, -6.74129], [121.10091, -6.74099], [121.10085, -6.7408], [121.10079, -6.74059], [121.10083, -6.74031], [121.101, -6.74009], [121.10115, -6.7399], [121.10133, -6.73964], [121.10144, -6.73943], [121.10163, -6.73935], [121.10168, -6.73947], [121.10168, -6.73971], [121.10163, -6.73996], [121.10155, -6.74026], [121.10145, -6.74054], [121.10142, -6.74088], [121.10143, -6.74126], [121.10147, -6.74175], [121.10149, -6.74216], [121.10143, -6.74248], [121.10139, -6.74282], [121.10122, -6.74329], [121.10114, -6.7435]]], [[[121.10462, -6.73265], [121.10441, -6.73299], [121.1041, -6.73327], [121.10384, -6.73347], [121.10342, -6.73364], [121.1028, -6.73368], [121.10227, -6.73354], [121.10193, -6.73347], [121.10192, -6.73311], [121.10211, -6.73285], [121.10237, -6.73268], [121.1025, -6.73247], [121.10258, -6.73215], [121.10256, -6.73189], [121.10253, -6.73151], [121.10234, -6.73111], [121.10213, -6.73094], [121.10198, -6.73073], [121.10206, -6.73051], [121.10229, -6.73038], [121.10259, -6.73025], [121.10293, -6.73013], [121.10312, -6.73012], [121.10332, -6.73012], [121.10361, -6.73012], [121.10389, -6.73019], [121.10412, -6.73035], [121.10443, -6.73057], [121.10466, -6.73088], [121.1049, -6.7312], [121.10509, -6.73133], [121.10526, -6.73143], [121.10528, -6.73152], [121.10522, -6.73171], [121.10503, -6.73205], [121.1049, -6.73216], [121.10473, -6.73237], [121.10462, -6.73265]]], [[[121.08695, -6.72515], [121.08682, -6.72517], [121.08667, -6.72511], [121.08651, -6.725], [121.08644, -6.72485], [121.08637, -6.72477], [121.08625, -6.7247], [121.08609, -6.72468], [121.08594, -6.72473], [121.0858, -6.72473], [121.08568, -6.7248], [121.08551, -6.72492], [121.08539, -6.72494], [121.08517, -6.72483], [121.08492, -6.72466], [121.08474, -6.72454], [121.08463, -6.72443], [121.08469, -6.72435], [121.08482, -6.72438], [121.08519, -6.7246], [121.08533, -6.72467], [121.0854, -6.72461], [121.08537, -6.72447], [121.08533, -6.72428], [121.08525, -6.72411], [121.0851, -6.72396], [121.0849, -6.72393], [121.0847, -6.72401], [121.08449, -6.72396], [121.08424, -6.72396], [121.08399, -6.724], [121.08387, -6.72405], [121.08365, -6.72406], [121.08349, -6.72405], [121.08334, -6.72397], [121.08307, -6.72395], [121.08292, -6.72399], [121.08279, -6.72415], [121.08257, -6.72432], [121.0824, -6.72449], [121.08215, -6.72457], [121.08192, -6.72457], [121.08181, -6.72451], [121.0817, -6.72444], [121.0817, -6.7243], [121.08176, -6.72419], [121.08177, -6.72406], [121.08165, -6.72395], [121.08148, -6.72393], [121.08131, -6.72401], [121.08124, -6.72399], [121.08122, -6.7238], [121.08149, -6.72342], [121.08159, -6.72326], [121.08171, -6.72311], [121.08191, -6.72307], [121.08213, -6.72306], [121.08233, -6.72303], [121.08271, -6.72297], [121.08289, -6.72292], [121.08331, -6.72284], [121.08343, -6.72275], [121.08357, -6.72266], [121.08365, -6.72264], [121.08377, -6.72264], [121.08388, -6.72259], [121.08405, -6.7225], [121.08416, -6.7224], [121.08434, -6.72232], [121.0845, -6.72242], [121.08461, -6.72255], [121.08468, -6.72274], [121.08478, -6.72282], [121.08485, -6.72295], [121.08485, -6.72316], [121.08501, -6.72328], [121.08539, -6.72356], [121.08551, -6.72366], [121.0856, -6.72369], [121.08569, -6.7238], [121.08589, -6.72384], [121.08602, -6.72384], [121.08627, -6.72389], [121.08666, -6.7241], [121.08688, -6.72437], [121.08705, -6.72453], [121.08727, -6.72466], [121.0875, -6.72478], [121.08768, -6.72478], [121.08784, -6.72483], [121.08804, -6.72495], [121.08807, -6.72511], [121.08802, -6.72527], [121.08791, -6.72545], [121.08776, -6.72557], [121.08757, -6.72564], [121.08742, -6.72567], [121.08732, -6.72561], [121.08729, -6.72549], [121.08733, -6.72534], [121.08739, -6.7252], [121.08724, -6.72507], [121.08695, -6.72515]]], [[[121.07978, -6.72121], [121.07995, -6.72104], [121.0801, -6.72104], [121.08017, -6.72105], [121.08034, -6.72108], [121.08044, -6.72111], [121.08053, -6.72115], [121.08068, -6.7212], [121.08077, -6.72121], [121.08095, -6.7213], [121.08098, -6.72154], [121.081, -6.7217], [121.08107, -6.72185], [121.08122, -6.72204], [121.08135, -6.72222], [121.0815, -6.72227], [121.08172, -6.72236], [121.0819, -6.72242], [121.08203, -6.72248], [121.08209, -6.72259], [121.08215, -6.72274], [121.08215, -6.72287], [121.08211, -6.72289], [121.08198, -6.72295], [121.08189, -6.72293], [121.08172, -6.72288], [121.08156, -6.7229], [121.0814, -6.72297], [121.08124, -6.72302], [121.08107, -6.72301], [121.08086, -6.72293], [121.08073, -6.72286], [121.08058, -6.7228], [121.08037, -6.72281], [121.08026, -6.72291], [121.08008, -6.7231], [121.07994, -6.72325], [121.07979, -6.72341], [121.07965, -6.72349], [121.0795, -6.72352], [121.07931, -6.72346], [121.0791, -6.72341], [121.07897, -6.72337], [121.07894, -6.72325], [121.07903, -6.72301], [121.07919, -6.7229], [121.07938, -6.72278], [121.07951, -6.72267], [121.07966, -6.72257], [121.07978, -6.72241], [121.07986, -6.72229], [121.07996, -6.7222], [121.0801, -6.72208], [121.08018, -6.72193], [121.08023, -6.72181], [121.08034, -6.72169], [121.08037, -6.72158], [121.08022, -6.72143], [121.08002, -6.7214], [121.07984, -6.72132], [121.07978, -6.72121]]], [[[121.09521, -6.71802], [121.09517, -6.71815], [121.09506, -6.71823], [121.09491, -6.71825], [121.09473, -6.71823], [121.09458, -6.7182], [121.0945, -6.71825], [121.09441, -6.71831], [121.09432, -6.71826], [121.09424, -6.71817], [121.09421, -6.71799], [121.09422, -6.71792], [121.09426, -6.71779], [121.09424, -6.71773], [121.09416, -6.71769], [121.09403, -6.71761], [121.09397, -6.71749], [121.094, -6.71731], [121.09407, -6.7172], [121.09415, -6.71709], [121.0943, -6.71699], [121.09445, -6.71693], [121.09458, -6.71692], [121.09463, -6.71699], [121.09464, -6.7171], [121.09465, -6.71722], [121.09463, -6.71731], [121.09457, -6.71739], [121.09455, -6.71747], [121.09459, -6.71753], [121.09467, -6.71762], [121.09468, -6.71777], [121.09473, -6.71787], [121.09481, -6.71792], [121.09497, -6.7179], [121.09514, -6.71791], [121.09521, -6.71802]]], [[[120.97861, -6.70405], [120.97839, -6.70416], [120.97816, -6.70418], [120.97796, -6.70425], [120.97769, -6.70439], [120.97735, -6.70454], [120.97699, -6.70469], [120.97663, -6.70482], [120.97626, -6.70497], [120.97599, -6.70507], [120.97573, -6.70519], [120.97545, -6.70535], [120.97508, -6.70542], [120.97488, -6.70538], [120.97495, -6.70517], [120.97501, -6.70492], [120.97515, -6.70488], [120.97523, -6.70474], [120.97533, -6.70465], [120.9754, -6.70452], [120.97557, -6.70437], [120.97611, -6.70398], [120.97629, -6.70383], [120.97705, -6.70348], [120.97744, -6.70334], [120.97755, -6.70336], [120.97778, -6.70319], [120.97808, -6.70319], [120.97833, -6.70323], [120.97866, -6.70339], [120.97883, -6.70363], [120.97881, -6.70398], [120.97861, -6.70405]]], [[[121.17861, -6.85015], [121.17852, -6.85], [121.17849, -6.84985], [121.17833, -6.84969], [121.17809, -6.84958], [121.17792, -6.84952], [121.17765, -6.8495], [121.17744, -6.84944], [121.17733, -6.84935], [121.17727, -6.84919], [121.17723, -6.849], [121.17714, -6.84887], [121.17697, -6.84873], [121.17669, -6.84875], [121.17654, -6.84882], [121.17635, -6.84891], [121.17617, -6.84886], [121.17592, -6.84873], [121.17563, -6.84867], [121.17542, -6.84856], [121.17524, -6.84833], [121.17518, -6.84805], [121.17521, -6.84776], [121.17532, -6.84757], [121.17553, -6.84739], [121.17573, -6.84731], [121.17607, -6.84734], [121.1763, -6.84755], [121.1766, -6.84768], [121.17686, -6.84778], [121.17711, -6.84778], [121.17736, -6.84763], [121.17766, -6.84682], [121.17771, -6.84663], [121.1778, -6.84634], [121.17787, -6.84608], [121.17796, -6.8459], [121.17806, -6.84575], [121.17809, -6.84574], [121.17821, -6.84575], [121.17831, -6.84595], [121.17833, -6.84627], [121.17826, -6.84655], [121.17822, -6.84678], [121.17825, -6.8472], [121.17823, -6.84744], [121.1783, -6.84779], [121.17842, -6.84794], [121.17858, -6.84799], [121.1786, -6.84814], [121.17841, -6.84823], [121.1783, -6.8483], [121.17829, -6.84853], [121.17835, -6.84881], [121.17848, -6.84895], [121.17871, -6.84912], [121.17881, -6.84922], [121.17893, -6.84936], [121.17913, -6.84952], [121.17925, -6.84965], [121.17935, -6.84978], [121.17937, -6.84992], [121.17937, -6.85002], [121.17929, -6.85022], [121.17923, -6.85031], [121.17918, -6.85049], [121.17918, -6.85065], [121.1793, -6.85082], [121.17927, -6.85099], [121.17911, -6.85115], [121.17894, -6.85124], [121.17873, -6.85123], [121.1785, -6.85115], [121.17843, -6.85101], [121.17843, -6.85082], [121.17859, -6.8507], [121.17863, -6.85055], [121.1787, -6.85032], [121.17861, -6.85015]]], [[[121.20254, -6.78239], [121.20232, -6.78297], [121.20223, -6.78311], [121.20201, -6.78289], [121.20198, -6.78252], [121.20205, -6.78216], [121.20214, -6.78183], [121.20224, -6.78143], [121.20219, -6.78042], [121.2023, -6.78017], [121.20252, -6.77977], [121.20275, -6.77845], [121.20287, -6.77818], [121.20298, -6.77794], [121.20307, -6.77767], [121.20311, -6.77738], [121.20311, -6.7771], [121.20311, -6.77683], [121.20313, -6.77666], [121.2032, -6.77662], [121.2034, -6.77677], [121.2035, -6.77699], [121.20361, -6.77719], [121.20365, -6.77749], [121.20365, -6.77763], [121.20351, -6.77791], [121.20331, -6.7782], [121.20323, -6.77856], [121.20316, -6.77892], [121.20308, -6.77926], [121.20289, -6.78052], [121.20289, -6.78095], [121.20284, -6.78151], [121.20273, -6.7819], [121.20254, -6.78239]]], [[[121.1682, -6.7649], [121.16816, -6.76528], [121.16806, -6.76568], [121.1679, -6.7659], [121.16771, -6.76622], [121.16767, -6.76644], [121.16749, -6.76688], [121.16741, -6.76703], [121.16735, -6.76733], [121.16723, -6.76753], [121.16712, -6.76785], [121.167, -6.76811], [121.16688, -6.76837], [121.16682, -6.76859], [121.16659, -6.76902], [121.16635, -6.76938], [121.16617, -6.7697], [121.16599, -6.77004], [121.16586, -6.77046], [121.16568, -6.77081], [121.16562, -6.77125], [121.1657, -6.77157], [121.1658, -6.77185], [121.16592, -6.77217], [121.16598, -6.77244], [121.16594, -6.77274], [121.16565, -6.77278], [121.16557, -6.77253], [121.16558, -6.77205], [121.16538, -6.77179], [121.16501, -6.77157], [121.16498, -6.77114], [121.16508, -6.77084], [121.16512, -6.77054], [121.16504, -6.7703], [121.16496, -6.76998], [121.16498, -6.76974], [121.16538, -6.76972], [121.16556, -6.76968], [121.16589, -6.76914], [121.16636, -6.76769], [121.1664, -6.76747], [121.1666, -6.76715], [121.16664, -6.76689], [121.16664, -6.76648], [121.16685, -6.7659], [121.16701, -6.76556], [121.16721, -6.76516], [121.16741, -6.76474], [121.16742, -6.76439], [121.16728, -6.76435], [121.16693, -6.76465], [121.16667, -6.76504], [121.16655, -6.76552], [121.16648, -6.76602], [121.16624, -6.76648], [121.16614, -6.76686], [121.16604, -6.76727], [121.16592, -6.76747], [121.16577, -6.76753], [121.16574, -6.7671], [121.16584, -6.76654], [121.16613, -6.76473], [121.16641, -6.76431], [121.16669, -6.76389], [121.16694, -6.76357], [121.16718, -6.76329], [121.16724, -6.76311], [121.16676, -6.76329], [121.16653, -6.76347], [121.16641, -6.76357], [121.16615, -6.76344], [121.16607, -6.7632], [121.16617, -6.76296], [121.16648, -6.76244], [121.16662, -6.7621], [121.16672, -6.76154], [121.16682, -6.76115], [121.16646, -6.76085], [121.16636, -6.76059], [121.16645, -6.76015], [121.16661, -6.75979], [121.16693, -6.7587], [121.16704, -6.75842], [121.16726, -6.75812], [121.16736, -6.75802], [121.16756, -6.75834], [121.16762, -6.75844], [121.16804, -6.75826], [121.16831, -6.75808], [121.16861, -6.7578], [121.16912, -6.75772], [121.16932, -6.75774], [121.16978, -6.75766], [121.16998, -6.75758], [121.17018, -6.7578], [121.1701, -6.75818], [121.17014, -6.75837], [121.17048, -6.75895], [121.17062, -6.75931], [121.17074, -6.75937], [121.17078, -6.75905], [121.17072, -6.75863], [121.17078, -6.75833], [121.17095, -6.75807], [121.17083, -6.75778], [121.17065, -6.75732], [121.17075, -6.75686], [121.17089, -6.75654], [121.17107, -6.7563], [121.17129, -6.7561], [121.17148, -6.75604], [121.17164, -6.75616], [121.17172, -6.75648], [121.17161, -6.75684], [121.17149, -6.75708], [121.17143, -6.75747], [121.17139, -6.75781], [121.17151, -6.75795], [121.17153, -6.75825], [121.17139, -6.75865], [121.17132, -6.75887], [121.17128, -6.75932], [121.17124, -6.75966], [121.17106, -6.75998], [121.17084, -6.76032], [121.17065, -6.76056], [121.17053, -6.76074], [121.17043, -6.761], [121.17039, -6.76116], [121.17041, -6.76124], [121.17057, -6.76116], [121.17075, -6.761], [121.17104, -6.76082], [121.1713, -6.76064], [121.17132, -6.76036], [121.17142, -6.76008], [121.17158, -6.75996], [121.17178, -6.76014], [121.17174, -6.76054], [121.17152, -6.76083], [121.17113, -6.76147], [121.17089, -6.76187], [121.17077, -6.76203], [121.17057, -6.76211], [121.17033, -6.76239], [121.16998, -6.76267], [121.16976, -6.76287], [121.16946, -6.76289], [121.16932, -6.76275], [121.16906, -6.76287], [121.16889, -6.76307], [121.16877, -6.76333], [121.16836, -6.76462], [121.1682, -6.7649]]], [[[121.13922, -6.76573], [121.13871, -6.76354], [121.13852, -6.76302], [121.13838, -6.76242], [121.1383, -6.76186], [121.13831, -6.76131], [121.13838, -6.76101], [121.13861, -6.76075], [121.13846, -6.75915], [121.13847, -6.75856], [121.13843, -6.75785], [121.13843, -6.75729], [121.13843, -6.75677], [121.13855, -6.75614], [121.13893, -6.75443], [121.139, -6.75395], [121.13912, -6.75332], [121.13923, -6.75276], [121.13931, -6.75213], [121.13938, -6.75168], [121.13946, -6.75113], [121.1401, -6.74986], [121.14014, -6.74938], [121.14021, -6.74894], [121.1404, -6.74868], [121.14047, -6.7486], [121.14022, -6.74812], [121.14022, -6.74775], [121.14044, -6.74715], [121.14082, -6.74686], [121.14108, -6.74697], [121.14111, -6.74715], [121.14111, -6.74768], [121.14137, -6.74805], [121.14163, -6.74823], [121.14196, -6.74842], [121.14219, -6.74868], [121.14211, -6.74894], [121.14177, -6.74916], [121.14133, -6.74927], [121.14092, -6.7495], [121.1408, -6.74976], [121.14084, -6.75005], [121.14102, -6.75057], [121.14099, -6.75106], [121.14076, -6.75121], [121.14031, -6.75146], [121.14028, -6.75169], [121.14027, -6.75232], [121.14027, -6.75258], [121.14016, -6.75295], [121.14008, -6.75325], [121.14001, -6.75362], [121.14023, -6.75384], [121.14045, -6.75407], [121.14082, -6.75437], [121.14078, -6.75533], [121.14063, -6.7557], [121.14059, -6.75633], [121.14055, -6.75693], [121.14044, -6.75726], [121.14037, -6.75763], [121.1404, -6.75808], [121.14036, -6.75897], [121.14032, -6.7596], [121.14021, -6.76035], [121.14035, -6.76105], [121.14042, -6.7618], [121.14039, -6.76217], [121.14012, -6.76221], [121.13983, -6.76217], [121.13972, -6.76239], [121.13971, -6.76272], [121.13986, -6.76321], [121.14001, -6.7638], [121.14019, -6.76436], [121.14048, -6.76548], [121.14066, -6.76704], [121.14066, -6.76797], [121.14047, -6.76849], [121.14032, -6.76879], [121.13999, -6.76916], [121.1398, -6.76949], [121.13976, -6.76979], [121.13976, -6.77005], [121.13961, -6.77053], [121.13935, -6.77083], [121.13909, -6.77105], [121.13894, -6.77109], [121.13879, -6.77079], [121.1389, -6.77034], [121.13898, -6.77004], [121.13906, -6.76949], [121.13913, -6.76908], [121.13913, -6.76871], [121.13906, -6.76819], [121.13917, -6.76778], [121.13921, -6.76748], [121.13925, -6.76711], [121.13925, -6.76655], [121.13922, -6.76573]]], [[[121.15118, -6.728], [121.15112, -6.72832], [121.15046, -6.72951], [121.15026, -6.72983], [121.15019, -6.73026], [121.15016, -6.73058], [121.15012, -6.73094], [121.14996, -6.7312], [121.14966, -6.73156], [121.14937, -6.73192], [121.14917, -6.73221], [121.14907, -6.73251], [121.14917, -6.73274], [121.1492, -6.73313], [121.14887, -6.73342], [121.14864, -6.73362], [121.14815, -6.73469], [121.14815, -6.73512], [121.14785, -6.73551], [121.14775, -6.73571], [121.14739, -6.7359], [121.1471, -6.736], [121.1469, -6.73606], [121.14651, -6.73613], [121.14618, -6.73622], [121.14589, -6.73655], [121.14553, -6.73684], [121.14523, -6.73687], [121.14517, -6.73674], [121.14527, -6.73638], [121.14536, -6.73632], [121.1454, -6.73619], [121.14523, -6.73606], [121.14494, -6.73618], [121.14478, -6.73645], [121.14484, -6.73707], [121.1449, -6.73739], [121.14477, -6.73769], [121.14454, -6.73788], [121.14434, -6.73821], [121.14421, -6.73853], [121.14405, -6.7388], [121.14401, -6.73909], [121.14395, -6.73932], [121.14391, -6.73958], [121.14381, -6.73991], [121.14381, -6.74017], [121.14378, -6.74049], [121.14371, -6.74075], [121.14381, -6.74105], [121.14361, -6.74115], [121.14348, -6.74115], [121.14315, -6.74098], [121.14302, -6.74075], [121.14286, -6.74039], [121.1428, -6.74007], [121.14283, -6.73977], [121.14293, -6.73951], [121.14303, -6.73922], [121.14309, -6.73879], [121.143, -6.73843], [121.1428, -6.73833], [121.14244, -6.7385], [121.14241, -6.73899], [121.14244, -6.73944], [121.14244, -6.7398], [121.14244, -6.74016], [121.14214, -6.74052], [121.14198, -6.74068], [121.14184, -6.74104], [121.14181, -6.74147], [121.14168, -6.74192], [121.14145, -6.74238], [121.14121, -6.74336], [121.14115, -6.74398], [121.14118, -6.74447], [121.1415, -6.74522], [121.14166, -6.74542], [121.14153, -6.74562], [121.14121, -6.74555], [121.14075, -6.74499], [121.14042, -6.74466], [121.1402, -6.7444], [121.1402, -6.74391], [121.14066, -6.74257], [121.14086, -6.74208], [121.14093, -6.74146], [121.14113, -6.74088], [121.14133, -6.73905], [121.14146, -6.73839], [121.14173, -6.73764], [121.14202, -6.73706], [121.14294, -6.73601], [121.14314, -6.73585], [121.1437, -6.73559], [121.14419, -6.73537], [121.14501, -6.73478], [121.14593, -6.73259], [121.14626, -6.73201], [121.14652, -6.73142], [121.14675, -6.73103], [121.14718, -6.73064], [121.14751, -6.73031], [121.14774, -6.73002], [121.14797, -6.72973], [121.14823, -6.72934], [121.14833, -6.72894], [121.14836, -6.72849], [121.1484, -6.72819], [121.14853, -6.72783], [121.15008, -6.72554], [121.15035, -6.72505], [121.15081, -6.72398], [121.15084, -6.72339], [121.15085, -6.72113], [121.15108, -6.72055], [121.15138, -6.72006], [121.15157, -6.71976], [121.1523, -6.71901], [121.15259, -6.71866], [121.15276, -6.71813], [121.15289, -6.71774], [121.15283, -6.71725], [121.15289, -6.71689], [121.15306, -6.71699], [121.15335, -6.71742], [121.15345, -6.71765], [121.15361, -6.71774], [121.15384, -6.71768], [121.15394, -6.71752], [121.15377, -6.71709], [121.15358, -6.7167], [121.15352, -6.71631], [121.15378, -6.71611], [121.15407, -6.71641], [121.15437, -6.71644], [121.1543, -6.71605], [121.15414, -6.71572], [121.15414, -6.71533], [121.1543, -6.7153], [121.1546, -6.7154], [121.15499, -6.71586], [121.15535, -6.71635], [121.15571, -6.71671], [121.15606, -6.71707], [121.15629, -6.71736], [121.15662, -6.71785], [121.15645, -6.71831], [121.15612, -6.71864], [121.1556, -6.71899], [121.15511, -6.71938], [121.15455, -6.71981], [121.15438, -6.72013], [121.15438, -6.72036], [121.15451, -6.72066], [121.15441, -6.72111], [121.15412, -6.72118], [121.15412, -6.72065], [121.15402, -6.7203], [121.1537, -6.72039], [121.15363, -6.72088], [121.15337, -6.72157], [121.15297, -6.72179], [121.15261, -6.72212], [121.15248, -6.72248], [121.15264, -6.72241], [121.15284, -6.72225], [121.15297, -6.72238], [121.15297, -6.72307], [121.1527, -6.72356], [121.15277, -6.72382], [121.1527, -6.72431], [121.15231, -6.72463], [121.15211, -6.72496], [121.15201, -6.72522], [121.15208, -6.72532], [121.15217, -6.72548], [121.15217, -6.72594], [121.15171, -6.72633], [121.15155, -6.72669], [121.15148, -6.72728], [121.15135, -6.7277], [121.15118, -6.728]]], [[[121.21123, -6.72255], [121.21119, -6.72278], [121.21111, -6.72286], [121.21104, -6.72293], [121.21076, -6.72294], [121.21058, -6.72289], [121.2105, -6.72284], [121.2105, -6.72269], [121.21051, -6.72258], [121.21056, -6.72249], [121.21075, -6.72241], [121.21085, -6.72236], [121.2111, -6.72235], [121.21116, -6.72238], [121.21123, -6.72255]]], [[[121.2126, -6.7217], [121.21251, -6.72184], [121.21243, -6.72202], [121.21223, -6.7222], [121.21209, -6.72223], [121.21196, -6.72212], [121.21191, -6.72193], [121.21193, -6.72175], [121.21206, -6.72152], [121.21216, -6.72139], [121.21228, -6.72119], [121.21233, -6.72102], [121.2124, -6.72092], [121.21253, -6.72085], [121.21275, -6.72096], [121.2128, -6.7211], [121.21276, -6.7213], [121.21266, -6.72155], [121.2126, -6.7217]]], [[[121.21047, -6.7205], [121.21059, -6.72047], [121.21084, -6.72057], [121.21107, -6.72075], [121.21103, -6.721], [121.21107, -6.72121], [121.21088, -6.72133], [121.21072, -6.72133], [121.21042, -6.72116], [121.21025, -6.72105], [121.21, -6.72085], [121.20979, -6.7207], [121.20974, -6.72045], [121.20986, -6.72031], [121.21004, -6.7203], [121.21022, -6.72043], [121.21047, -6.7205]]], [[[121.20645, -6.7196], [121.20653, -6.71935], [121.2066, -6.71927], [121.20673, -6.7192], [121.20693, -6.71921], [121.20718, -6.71937], [121.2073, -6.71951], [121.20733, -6.71971], [121.20723, -6.71977], [121.20703, -6.72007], [121.20693, -6.72029], [121.20678, -6.72037], [121.20647, -6.72017], [121.20645, -6.71987], [121.20645, -6.7196]]], [[[121.21458, -6.71898], [121.21442, -6.71895], [121.21427, -6.71877], [121.21424, -6.71847], [121.21429, -6.7183], [121.21439, -6.71817], [121.21447, -6.7181], [121.21467, -6.7181], [121.2148, -6.7181], [121.2148, -6.71834], [121.21482, -6.71852], [121.21477, -6.71872], [121.21473, -6.71888], [121.21458, -6.71898]]], [[[121.21102, -6.71699], [121.21097, -6.71664], [121.21097, -6.71638], [121.21112, -6.71623], [121.21147, -6.71636], [121.21178, -6.7165], [121.21202, -6.71661], [121.2123, -6.71663], [121.2126, -6.71668], [121.21283, -6.71678], [121.21313, -6.71705], [121.21328, -6.71718], [121.21328, -6.71733], [121.21318, -6.71753], [121.21311, -6.71773], [121.21264, -6.71791], [121.21246, -6.71798], [121.21221, -6.71819], [121.21204, -6.71841], [121.21181, -6.71877], [121.21161, -6.71914], [121.21144, -6.71954], [121.21121, -6.71975], [121.21089, -6.71978], [121.21062, -6.71963], [121.21061, -6.71924], [121.21058, -6.71887], [121.21055, -6.71842], [121.21055, -6.71794], [121.21073, -6.71766], [121.21097, -6.71734], [121.21102, -6.71699]]]]}}, {"type": "Feature", "properties": {"id": "021.003.BATANG", "nmkec": "Takabonerate", "nmdesa": "Batang", "kdkec": "021", "kddesa": "003", "dominan": "kelapa", "total_ha": 1285.1}, "geometry": {"type": "Polygon", "coordinates": [[[120.81231, -6.82908], [120.81236, -6.82924], [120.81238, -6.82928], [120.81228, -6.82931], [120.80984, -6.82955], [120.80721, -6.82942], [120.80435, -6.82974], [120.80245, -6.8302], [120.8019, -6.83018], [120.8019, -6.83019], [120.79656, -6.83018], [120.79491, -6.83017], [120.79431, -6.83018], [120.7942, -6.83018], [120.7936, -6.83013], [120.79298, -6.83007], [120.79267, -6.83004], [120.79267, -6.83004], [120.79267, -6.83004], [120.79214, -6.83], [120.7921, -6.82951], [120.79209, -6.82947], [120.79204, -6.82913], [120.79204, -6.82876], [120.79203, -6.82865], [120.79196, -6.82829], [120.79201, -6.82806], [120.79197, -6.82755], [120.79178, -6.82754], [120.79176, -6.82739], [120.79154, -6.82736], [120.79154, -6.82736], [120.79154, -6.82717], [120.79159, -6.82707], [120.79166, -6.82666], [120.79163, -6.82645], [120.79169, -6.82638], [120.79176, -6.82582], [120.79177, -6.82563], [120.7918, -6.82518], [120.79184, -6.82441], [120.79185, -6.82385], [120.79182, -6.82341], [120.79178, -6.82267], [120.79175, -6.822], [120.79159, -6.82128], [120.79146, -6.82069], [120.79133, -6.82045], [120.79122, -6.82009], [120.79109, -6.81992], [120.79099, -6.81957], [120.79084, -6.81944], [120.79073, -6.81925], [120.79064, -6.81917], [120.79055, -6.81913], [120.79043, -6.81904], [120.79028, -6.81897], [120.79026, -6.81893], [120.79018, -6.81893], [120.7901, -6.81886], [120.78995, -6.81893], [120.78989, -6.81893], [120.78987, -6.81882], [120.78981, -6.81875], [120.78977, -6.81865], [120.7897, -6.81853], [120.78959, -6.81847], [120.78938, -6.81842], [120.78931, -6.81831], [120.78921, -6.81821], [120.78913, -6.81808], [120.78875, -6.81765], [120.78841, -6.8176], [120.78817, -6.81756], [120.78799, -6.81758], [120.78798, -6.81758], [120.78798, -6.81759], [120.78798, -6.81759], [120.78788, -6.81767], [120.7878, -6.81777], [120.78771, -6.81789], [120.78763, -6.81802], [120.78761, -6.81808], [120.78759, -6.81811], [120.78753, -6.8181], [120.78745, -6.81819], [120.78737, -6.8183], [120.78731, -6.81834], [120.78719, -6.81835], [120.78709, -6.81836], [120.78694, -6.81832], [120.78683, -6.81826], [120.78669, -6.81825], [120.78652, -6.81821], [120.78638, -6.81825], [120.7863, -6.81823], [120.78625, -6.81808], [120.78624, -6.81796], [120.78626, -6.81785], [120.78622, -6.81759], [120.78616, -6.81738], [120.78611, -6.81711], [120.78604, -6.81677], [120.78593, -6.81633], [120.78579, -6.81607], [120.78565, -6.81598], [120.78548, -6.81592], [120.78548, -6.81592], [120.78542, -6.81589], [120.78535, -6.8159], [120.78526, -6.81589], [120.78516, -6.8158], [120.78503, -6.8157], [120.78491, -6.81565], [120.78483, -6.81556], [120.7847, -6.81554], [120.78464, -6.81547], [120.78462, -6.81538], [120.78457, -6.81531], [120.78449, -6.81519], [120.78442, -6.8151], [120.78438, -6.81499], [120.78426, -6.81498], [120.7842, -6.81494], [120.7842, -6.81488], [120.78396, -6.81439], [120.78385, -6.8143], [120.78375, -6.81401], [120.78358, -6.81353], [120.78353, -6.81343], [120.78354, -6.81336], [120.78347, -6.8132], [120.78336, -6.81303], [120.78329, -6.81297], [120.78313, -6.81289], [120.78293, -6.81286], [120.78275, -6.81283], [120.78263, -6.81279], [120.78244, -6.81259], [120.78243, -6.81259], [120.7823, -6.81256], [120.78242, -6.81232], [120.78243, -6.81199], [120.78237, -6.81167], [120.78235, -6.81148], [120.78228, -6.81141], [120.78214, -6.81126], [120.78198, -6.81124], [120.78168, -6.81105], [120.78164, -6.81081], [120.78174, -6.81059], [120.78175, -6.81027], [120.78172, -6.80992], [120.78162, -6.80957], [120.78159, -6.80942], [120.78165, -6.80923], [120.78162, -6.80909], [120.78138, -6.80896], [120.78117, -6.80887], [120.78111, -6.80872], [120.78093, -6.8086], [120.78075, -6.80838], [120.78074, -6.8081], [120.78068, -6.80767], [120.78064, -6.80716], [120.78057, -6.80696], [120.78049, -6.80658], [120.78043, -6.80631], [120.7805, -6.80629], [120.78061, -6.8062], [120.78064, -6.80603], [120.78054, -6.80572], [120.78039, -6.80447], [120.78033, -6.80404], [120.78027, -6.80349], [120.78067, -6.80353], [120.78067, -6.80352], [120.78121, -6.80356], [120.78121, -6.80356], [120.78538, -6.80393], [120.79052, -6.80443], [120.79301, -6.80592], [120.79535, -6.80583], [120.79716, -6.80576], [120.79915, -6.80675], [120.80147, -6.80659], [120.80412, -6.80792], [120.80727, -6.80801], [120.80748, -6.80801], [120.80749, -6.80801], [120.80773, -6.80796], [120.80786, -6.80802], [120.80791, -6.80802], [120.80794, -6.80811], [120.80806, -6.80853], [120.8081, -6.80871], [120.8082, -6.80889], [120.8082, -6.80896], [120.80825, -6.80902], [120.80842, -6.80924], [120.80852, -6.80946], [120.80862, -6.80967], [120.8087, -6.80982], [120.80877, -6.80998], [120.80879, -6.81007], [120.80884, -6.81017], [120.80888, -6.81028], [120.80894, -6.81045], [120.80907, -6.81067], [120.80918, -6.81087], [120.80933, -6.811], [120.80946, -6.81114], [120.80947, -6.81127], [120.80946, -6.81146], [120.80951, -6.81158], [120.80955, -6.81165], [120.80959, -6.81182], [120.80958, -6.81199], [120.80963, -6.81214], [120.80971, -6.81233], [120.80976, -6.81264], [120.80981, -6.81294], [120.80983, -6.81298], [120.80977, -6.81324], [120.80971, -6.81357], [120.80964, -6.81388], [120.80952, -6.81414], [120.80949, -6.8142], [120.8095, -6.81441], [120.80943, -6.81474], [120.80933, -6.8152], [120.80926, -6.81542], [120.80918, -6.81568], [120.80904, -6.81598], [120.80892, -6.81637], [120.80881, -6.81687], [120.80885, -6.81718], [120.80883, -6.81742], [120.8088, -6.81768], [120.8088, -6.8181], [120.80879, -6.81853], [120.80886, -6.81888], [120.80888, -6.81924], [120.80901, -6.81947], [120.80911, -6.81968], [120.80914, -6.81968], [120.80914, -6.81968], [120.80921, -6.81979], [120.80928, -6.81999], [120.80934, -6.82012], [120.80937, -6.82028], [120.80952, -6.82048], [120.80967, -6.82068], [120.80974, -6.82084], [120.80977, -6.82113], [120.80978, -6.8215], [120.80977, -6.82183], [120.80976, -6.82202], [120.80981, -6.82228], [120.80982, -6.82274], [120.80979, -6.82382], [120.80984, -6.82401], [120.80988, -6.82413], [120.8099, -6.8243], [120.8099, -6.82455], [120.80993, -6.82463], [120.81005, -6.82507], [120.81023, -6.82548], [120.81034, -6.82562], [120.81043, -6.82578], [120.81044, -6.82603], [120.81044, -6.8262], [120.81052, -6.82639], [120.81052, -6.82641], [120.81062, -6.82658], [120.81083, -6.82667], [120.81085, -6.82673], [120.81085, -6.8268], [120.81093, -6.82691], [120.81099, -6.82702], [120.81113, -6.82716], [120.81132, -6.82734], [120.81144, -6.82746], [120.8115, -6.82759], [120.81159, -6.82765], [120.81161, -6.8277], [120.81165, -6.82778], [120.81168, -6.82789], [120.81185, -6.82805], [120.81189, -6.82818], [120.81201, -6.82832], [120.81202, -6.8284], [120.81201, -6.82853], [120.8121, -6.82867], [120.81216, -6.8288], [120.81225, -6.82891], [120.81231, -6.82908]]]}}, {"type": "Feature", "properties": {"id": "021.007.LATONDU", "nmkec": "Takabonerate", "nmdesa": "Latondu", "kdkec": "021", "kddesa": "007", "dominan": "kelapa", "total_ha": 600.6}, "geometry": {"type": "MultiPolygon", "coordinates": [[[[120.9538, -6.50879], [120.95381, -6.50876], [120.95389, -6.50878], [120.95406, -6.50894], [120.95411, -6.50904], [120.9541, -6.50908], [120.95417, -6.50938], [120.95402, -6.51087], [120.95375, -6.51214], [120.95343, -6.51338], [120.95326, -6.5139], [120.95307, -6.51461], [120.95278, -6.5158], [120.95254, -6.51675], [120.9523, -6.51769], [120.95206, -6.51862], [120.95183, -6.51944], [120.95158, -6.52025], [120.95142, -6.52087], [120.95128, -6.52129], [120.95117, -6.52165], [120.95092, -6.52201], [120.95066, -6.52225], [120.9505, -6.5223], [120.95044, -6.52225], [120.95044, -6.52225], [120.95044, -6.52225], [120.95037, -6.52209], [120.95032, -6.52189], [120.95043, -6.52137], [120.9505, -6.52098], [120.95062, -6.5205], [120.95073, -6.51983], [120.95095, -6.51881], [120.95116, -6.51768], [120.95134, -6.51671], [120.95156, -6.51577], [120.95172, -6.5151], [120.95173, -6.51499], [120.95184, -6.51456], [120.9521, -6.51349], [120.95223, -6.51281], [120.95235, -6.51234], [120.95242, -6.51199], [120.95254, -6.51144], [120.95268, -6.51106], [120.9529, -6.51053], [120.95312, -6.51012], [120.95322, -6.50994], [120.9533, -6.50976], [120.95339, -6.50959], [120.95346, -6.5093], [120.95355, -6.50902], [120.95365, -6.50893], [120.95367, -6.50893], [120.9538, -6.50879]]], [[[120.99225, -6.50384], [120.99202, -6.50388], [120.99194, -6.50388], [120.99185, -6.50387], [120.99179, -6.5039], [120.99132, -6.50395], [120.99124, -6.50395], [120.99112, -6.50398], [120.99054, -6.504], [120.99035, -6.50403], [120.99011, -6.50405], [120.98988, -6.50406], [120.9894, -6.50407], [120.98902, -6.50413], [120.98901, -6.50413], [120.98858, -6.50418], [120.98844, -6.50416], [120.98796, -6.50423], [120.98764, -6.50427], [120.98742, -6.50442], [120.98719, -6.50427], [120.98688, -6.50421], [120.98658, -6.50425], [120.98589, -6.50426], [120.98533, -6.50431], [120.98479, -6.50442], [120.98416, -6.50451], [120.98361, -6.50467], [120.98348, -6.5047], [120.98337, -6.50471], [120.98304, -6.50478], [120.98276, -6.50481], [120.98245, -6.50491], [120.98197, -6.50506], [120.98143, -6.50518], [120.98143, -6.50518], [120.98142, -6.50518], [120.9813, -6.50518], [120.98083, -6.50525], [120.98043, -6.50517], [120.98026, -6.50506], [120.97988, -6.50493], [120.97988, -6.50492], [120.97987, -6.50492], [120.97983, -6.50465], [120.97983, -6.50464], [120.97983, -6.50463], [120.97988, -6.5045], [120.97998, -6.50465], [120.9802, -6.50483], [120.98062, -6.50471], [120.98128, -6.50427], [120.98195, -6.50372], [120.9822, -6.50348], [120.98291, -6.50304], [120.98335, -6.50276], [120.98376, -6.50248], [120.98422, -6.50207], [120.98498, -6.50156], [120.98542, -6.50133], [120.98622, -6.50105], [120.98703, -6.50063], [120.98845, -6.49999], [120.98892, -6.49986], [120.98917, -6.49973], [120.98973, -6.49954], [120.99032, -6.49924], [120.99091, -6.49901], [120.99119, -6.49892], [120.99139, -6.49886], [120.99185, -6.49862], [120.99211, -6.49853], [120.99281, -6.49827], [120.9935, -6.49783], [120.99371, -6.49768], [120.99394, -6.4975], [120.99432, -6.4973], [120.99461, -6.49714], [120.99497, -6.49687], [120.99527, -6.49669], [120.99554, -6.49654], [120.99581, -6.49643], [120.99606, -6.49629], [120.99637, -6.49618], [120.99663, -6.49601], [120.99687, -6.49586], [120.99725, -6.4957], [120.99779, -6.49541], [120.99786, -6.49532], [120.99805, -6.4952], [120.99839, -6.495], [120.9989, -6.49484], [120.99912, -6.49475], [120.9993, -6.4946], [120.99947, -6.49454], [120.99966, -6.49447], [120.99982, -6.49443], [121.00013, -6.49431], [121.00048, -6.49423], [121.0007, -6.49418], [121.00098, -6.49413], [121.00113, -6.49407], [121.00119, -6.49404], [121.0015, -6.49407], [121.0015, -6.49407], [121.0015, -6.49407], [121.00159, -6.49424], [121.00164, -6.49447], [121.00171, -6.49473], [121.00176, -6.49503], [121.00177, -6.49532], [121.0017, -6.4956], [121.00155, -6.49587], [121.00138, -6.49616], [121.00125, -6.49634], [121.00103, -6.49654], [121.00077, -6.4968], [121.00077, -6.4968], [121.00045, -6.49714], [121.00003, -6.49764], [120.99997, -6.49767], [120.99967, -6.49803], [120.99938, -6.49836], [120.99904, -6.49879], [120.99888, -6.49893], [120.99866, -6.49922], [120.99845, -6.49947], [120.99819, -6.49978], [120.99815, -6.49981], [120.99782, -6.5002], [120.99768, -6.50035], [120.99751, -6.50054], [120.9974, -6.5007], [120.9973, -6.50082], [120.99712, -6.50109], [120.99697, -6.50131], [120.99682, -6.5016], [120.99678, -6.50166], [120.9967, -6.50182], [120.99663, -6.50192], [120.99651, -6.50189], [120.9964, -6.50193], [120.99632, -6.50202], [120.99625, -6.50213], [120.99625, -6.50214], [120.99622, -6.5022], [120.99597, -6.50254], [120.99582, -6.50271], [120.99575, -6.50277], [120.99573, -6.50277], [120.99565, -6.50284], [120.9955, -6.50293], [120.99542, -6.50297], [120.9954, -6.50301], [120.99512, -6.50312], [120.99504, -6.50313], [120.99479, -6.50322], [120.99471, -6.50326], [120.9946, -6.50335], [120.99449, -6.50339], [120.99429, -6.50341], [120.99411, -6.50347], [120.99403, -6.50347], [120.99394, -6.50351], [120.99371, -6.50354], [120.99351, -6.50357], [120.99339, -6.5036], [120.99323, -6.50363], [120.99307, -6.50369], [120.99299, -6.50369], [120.99292, -6.50374], [120.9928, -6.50374], [120.99257, -6.50388], [120.99253, -6.50391], [120.99253, -6.50391], [120.99253, -6.50391], [120.99249, -6.50389], [120.9924, -6.50385], [120.99225, -6.50384]]]]}}, {"type": "Feature", "properties": {"id": "050.015.BONGAIYA", "nmkec": "Bontomatene", "nmdesa": "Bongaiya", "kdkec": "050", "kddesa": "015", "dominan": "kelapa", "total_ha": 1308.7}, "geometry": {"type": "Polygon", "coordinates": [[[120.45162, -5.89529], [120.4516, -5.89403], [120.45186, -5.89333], [120.45192, -5.89328], [120.45216, -5.8931], [120.45238, -5.89251], [120.45246, -5.89167], [120.45253, -5.89112], [120.4526, -5.89003], [120.45261, -5.88936], [120.45256, -5.8879], [120.45247, -5.8869], [120.45243, -5.88628], [120.45245, -5.88557], [120.45248, -5.88473], [120.45234, -5.8835], [120.45231, -5.88269], [120.45239, -5.88157], [120.45235, -5.88041], [120.45259, -5.88004], [120.45253, -5.87934], [120.45258, -5.8785], [120.45257, -5.87712], [120.45255, -5.87635], [120.45253, -5.87558], [120.45246, -5.87387], [120.45242, -5.87294], [120.45236, -5.87164], [120.45235, -5.87035], [120.45243, -5.86927], [120.45256, -5.86791], [120.45255, -5.86601], [120.45252, -5.86436], [120.45249, -5.86334], [120.45257, -5.86244], [120.45252, -5.86167], [120.45251, -5.86113], [120.4526, -5.86037], [120.45259, -5.85969], [120.45262, -5.85885], [120.45268, -5.85814], [120.4527, -5.8576], [120.4527, -5.85708], [120.45277, -5.85676], [120.45266, -5.85578], [120.4527, -5.85446], [120.45275, -5.85369], [120.45279, -5.85269], [120.45282, -5.8523], [120.45279, -5.85192], [120.45278, -5.85142], [120.45293, -5.85122], [120.45285, -5.85095], [120.45296, -5.8506], [120.45288, -5.85028], [120.45292, -5.84999], [120.45296, -5.84948], [120.45298, -5.84918], [120.45294, -5.84844], [120.45309, -5.84722], [120.4531, -5.84676], [120.45322, -5.84605], [120.45323, -5.84599], [120.45365, -5.84565], [120.45413, -5.84505], [120.45471, -5.84437], [120.45523, -5.84397], [120.45549, -5.84371], [120.45561, -5.84322], [120.45572, -5.84299], [120.45596, -5.84201], [120.4559, -5.84156], [120.45591, -5.84072], [120.45582, -5.84002], [120.45584, -5.83923], [120.45577, -5.83841], [120.45567, -5.83803], [120.45577, -5.83758], [120.45588, -5.8368], [120.45606, -5.83514], [120.45614, -5.83359], [120.45631, -5.83243], [120.45666, -5.82893], [120.45692, -5.82706], [120.45749, -5.8256], [120.45771, -5.82352], [120.45794, -5.82228], [120.45808, -5.82159], [120.45795, -5.82125], [120.4581, -5.8209], [120.45849, -5.82016], [120.45886, -5.81955], [120.45919, -5.81939], [120.4593, -5.81875], [120.45938, -5.81792], [120.45943, -5.81687], [120.4595, -5.81603], [120.45958, -5.81487], [120.45953, -5.81371], [120.45933, -5.81271], [120.45975, -5.81109], [120.45977, -5.80955], [120.45988, -5.80751], [120.46009, -5.80471], [120.46019, -5.80268], [120.46029, -5.80068], [120.46035, -5.79997], [120.46049, -5.79883], [120.46079, -5.79767], [120.46108, -5.79584], [120.46126, -5.79487], [120.46107, -5.79434], [120.46142, -5.79331], [120.46201, -5.79116], [120.46307, -5.78985], [120.46399, -5.78846], [120.4645, -5.78808], [120.46484, -5.78813], [120.46553, -5.78828], [120.46616, -5.788], [120.46798, -5.78433], [120.46856, -5.78211], [120.46939, -5.78183], [120.47006, -5.78082], [120.47018, -5.7806], [120.47038, -5.78038], [120.47058, -5.78027], [120.47078, -5.78008], [120.47149, -5.77932], [120.47181, -5.7792], [120.47201, -5.77894], [120.47281, -5.77795], [120.47293, -5.77789], [120.47333, -5.77726], [120.47366, -5.77662], [120.47418, -5.77565], [120.47457, -5.77512], [120.47466, -5.77426], [120.47471, -5.77408], [120.47483, -5.7739], [120.47501, -5.77363], [120.47547, -5.77364], [120.47568, -5.77356], [120.47587, -5.77344], [120.47594, -5.77329], [120.47602, -5.77317], [120.4762, -5.77294], [120.47658, -5.77279], [120.47707, -5.77245], [120.47762, -5.77219], [120.47804, -5.77209], [120.47825, -5.77204], [120.4787, -5.77185], [120.47917, -5.77158], [120.47972, -5.77112], [120.48015, -5.77076], [120.4804, -5.77057], [120.48063, -5.77044], [120.48092, -5.77025], [120.48118, -5.77003], [120.4813, -5.76963], [120.48174, -5.76903], [120.48201, -5.76885], [120.48265, -5.76868], [120.48299, -5.76848], [120.48311, -5.76842], [120.48329, -5.76835], [120.48338, -5.76824], [120.48368, -5.76822], [120.48383, -5.76818], [120.48398, -5.76813], [120.4844, -5.76804], [120.48453, -5.76801], [120.48506, -5.76799], [120.48542, -5.76801], [120.48589, -5.76799], [120.48609, -5.768], [120.4867, -5.76786], [120.48776, -5.7678], [120.48804, -5.7676], [120.48822, -5.76771], [120.48863, -5.76779], [120.48901, -5.76775], [120.48961, -5.76769], [120.48994, -5.7677], [120.49028, -5.76772], [120.49059, -5.76759], [120.49089, -5.76768], [120.49144, -5.76757], [120.49198, -5.76754], [120.49242, -5.76753], [120.49294, -5.76756], [120.49317, -5.76756], [120.49348, -5.76761], [120.49381, -5.76764], [120.49389, -5.76764], [120.49425, -5.76768], [120.49471, -5.76784], [120.49522, -5.76797], [120.4954, -5.76807], [120.4959, -5.76832], [120.49613, -5.76845], [120.49648, -5.76873], [120.49664, -5.76874], [120.49704, -5.76895], [120.4972, -5.76923], [120.4973, -5.76953], [120.49736, -5.76988], [120.49741, -5.77028], [120.49761, -5.77072], [120.49749, -5.77107], [120.4978, -5.77133], [120.49783, -5.77207], [120.49795, -5.77289], [120.49802, -5.77323], [120.49829, -5.77469], [120.49857, -5.77607], [120.49913, -5.7773], [120.49905, -5.77758], [120.49994, -5.77779], [120.50037, -5.77799], [120.50089, -5.77841], [120.50131, -5.77864], [120.50144, -5.77871], [120.50214, -5.77909], [120.50253, -5.77956], [120.50292, -5.78006], [120.50342, -5.78041], [120.50396, -5.7809], [120.50448, -5.78132], [120.50458, -5.78148], [120.50519, -5.78229], [120.50557, -5.78255], [120.50573, -5.78319], [120.50616, -5.78427], [120.50644, -5.78516], [120.50674, -5.78637], [120.50692, -5.78763], [120.50694, -5.78824], [120.50689, -5.78945], [120.50689, -5.78994], [120.50688, -5.79085], [120.50713, -5.79137], [120.50737, -5.79147], [120.50776, -5.79126], [120.50807, -5.79161], [120.50839, -5.79186], [120.50818, -5.79194], [120.50798, -5.79189], [120.50752, -5.79193], [120.50741, -5.792], [120.50718, -5.79186], [120.50695, -5.79181], [120.50658, -5.79213], [120.50623, -5.79272], [120.50597, -5.79307], [120.50576, -5.79333], [120.50551, -5.79365], [120.50539, -5.79392], [120.50535, -5.79416], [120.50517, -5.79417], [120.50502, -5.79454], [120.50481, -5.79469], [120.50471, -5.79486], [120.50446, -5.79526], [120.50389, -5.79598], [120.50347, -5.7966], [120.50325, -5.79696], [120.50309, -5.79712], [120.50298, -5.79739], [120.50291, -5.79755], [120.50275, -5.79784], [120.50248, -5.79826], [120.50238, -5.79862], [120.50215, -5.79905], [120.50202, -5.79946], [120.5018, -5.79995], [120.5016, -5.80051], [120.50143, -5.80153], [120.50131, -5.80316], [120.50128, -5.80407], [120.50136, -5.80426], [120.50153, -5.80447], [120.50138, -5.80482], [120.50163, -5.80501], [120.50187, -5.80535], [120.50186, -5.80562], [120.50169, -5.8059], [120.50177, -5.80623], [120.50203, -5.80654], [120.50207, -5.80674], [120.50189, -5.80692], [120.50177, -5.80718], [120.50159, -5.80754], [120.50167, -5.80789], [120.50155, -5.80811], [120.50142, -5.80856], [120.50129, -5.80887], [120.50125, -5.80922], [120.50123, -5.80987], [120.47915, -5.81177], [120.48558, -5.81797], [120.49183, -5.82401], [120.49062, -5.82886], [120.48973, -5.83418], [120.48858, -5.84721], [120.48825, -5.85008], [120.48764, -5.85906], [120.48715, -5.86425], [120.48763, -5.8683], [120.48775, -5.8703], [120.48701, -5.87649], [120.48636, -5.88193], [120.48563, -5.8849], [120.48573, -5.88964], [120.48621, -5.89348], [120.48577, -5.89574], [120.46451, -5.89632], [120.45185, -5.89632], [120.45162, -5.89632], [120.45162, -5.89529]]]}}, {"type": "Feature", "properties": {"id": "051.003.BALANG_BUTUNG", "nmkec": "Buki", "nmdesa": "Balang Butung", "kdkec": "051", "kddesa": "003", "dominan": "kelapa", "total_ha": 745.9}, "geometry": {"type": "Polygon", "coordinates": [[[120.55109, -5.96766], [120.55098, -5.96783], [120.55084, -5.96784], [120.55068, -5.96802], [120.55086, -5.96822], [120.55098, -5.96827], [120.55113, -5.96821], [120.55117, -5.96818], [120.55127, -5.96815], [120.55138, -5.96826], [120.55155, -5.96847], [120.55179, -5.96877], [120.55186, -5.96891], [120.55203, -5.96912], [120.55227, -5.96937], [120.55252, -5.96963], [120.55266, -5.96975], [120.55276, -5.96976], [120.55298, -5.96985], [120.55289, -5.97012], [120.55302, -5.97034], [120.55308, -5.97051], [120.5532, -5.97065], [120.55324, -5.97073], [120.55306, -5.97094], [120.55308, -5.97115], [120.55315, -5.97129], [120.55299, -5.97151], [120.55299, -5.97151], [120.53489, -5.97151], [120.52832, -5.97151], [120.52715, -5.96932], [120.5215, -5.96932], [120.51336, -5.96932], [120.50623, -5.96932], [120.50623, -5.96637], [120.50623, -5.96362], [120.50623, -5.96253], [120.50752, -5.95968], [120.51028, -5.95961], [120.51398, -5.95903], [120.51614, -5.95759], [120.51889, -5.95593], [120.52088, -5.95355], [120.5218, -5.95218], [120.5227, -5.95154], [120.52556, -5.94791], [120.52697, -5.94643], [120.52716, -5.94591], [120.5282, -5.94272], [120.52869, -5.94168], [120.53062, -5.93768], [120.53222, -5.93476], [120.53408, -5.93044], [120.53749, -5.92759], [120.53757, -5.92754], [120.53772, -5.9276], [120.53787, -5.92762], [120.53794, -5.92777], [120.53807, -5.9279], [120.53815, -5.92783], [120.53815, -5.92794], [120.53814, -5.92824], [120.53826, -5.92855], [120.53821, -5.9287], [120.53829, -5.92891], [120.53835, -5.92908], [120.53833, -5.92919], [120.53839, -5.92927], [120.53847, -5.9293], [120.53857, -5.92947], [120.5385, -5.92952], [120.53858, -5.92961], [120.53858, -5.92971], [120.53871, -5.92976], [120.53875, -5.92993], [120.53863, -5.93007], [120.53844, -5.93021], [120.53853, -5.93039], [120.53864, -5.93059], [120.5385, -5.9308], [120.53857, -5.93103], [120.53884, -5.9313], [120.53892, -5.93138], [120.53902, -5.9314], [120.53912, -5.93143], [120.53914, -5.93138], [120.53931, -5.93126], [120.53957, -5.93118], [120.53979, -5.93114], [120.5398, -5.93106], [120.53997, -5.93115], [120.54018, -5.93115], [120.54047, -5.93119], [120.5407, -5.93139], [120.54083, -5.93152], [120.54092, -5.93163], [120.54098, -5.93169], [120.54101, -5.93159], [120.54113, -5.93154], [120.54118, -5.93176], [120.54125, -5.93195], [120.5414, -5.93207], [120.54143, -5.93216], [120.54143, -5.93225], [120.54142, -5.93241], [120.54135, -5.93254], [120.54144, -5.93254], [120.54153, -5.93253], [120.54164, -5.93257], [120.54177, -5.93256], [120.54183, -5.93269], [120.54183, -5.93284], [120.54176, -5.9329], [120.54168, -5.93305], [120.54194, -5.9334], [120.54221, -5.93359], [120.54229, -5.93389], [120.54262, -5.93408], [120.54269, -5.93434], [120.54272, -5.93446], [120.5428, -5.9347], [120.54291, -5.9348], [120.54307, -5.93508], [120.54324, -5.9352], [120.54331, -5.93543], [120.54332, -5.93559], [120.54353, -5.9357], [120.54364, -5.93584], [120.54365, -5.93603], [120.54343, -5.93624], [120.54344, -5.93653], [120.5434, -5.93663], [120.54341, -5.93672], [120.54332, -5.93689], [120.54322, -5.93705], [120.54326, -5.93719], [120.54315, -5.93722], [120.54294, -5.93736], [120.543, -5.93746], [120.54318, -5.93754], [120.5433, -5.93751], [120.54348, -5.93751], [120.54353, -5.93765], [120.54351, -5.93807], [120.54357, -5.93826], [120.54362, -5.9385], [120.54356, -5.93872], [120.54356, -5.93887], [120.54372, -5.93923], [120.54385, -5.93979], [120.54372, -5.94016], [120.54396, -5.94051], [120.544, -5.94082], [120.54392, -5.94106], [120.54376, -5.94119], [120.54379, -5.9414], [120.54373, -5.94172], [120.54386, -5.94181], [120.54393, -5.9421], [120.54387, -5.94233], [120.54387, -5.94233], [120.54386, -5.94254], [120.54387, -5.94284], [120.54395, -5.94317], [120.5441, -5.94343], [120.54423, -5.94354], [120.54452, -5.9439], [120.5448, -5.94413], [120.54509, -5.94448], [120.54532, -5.94473], [120.54555, -5.94483], [120.54562, -5.94487], [120.54569, -5.9449], [120.54598, -5.94473], [120.54604, -5.94471], [120.54604, -5.9447], [120.54622, -5.94466], [120.54634, -5.94472], [120.54637, -5.94485], [120.54643, -5.94494], [120.54634, -5.94508], [120.54621, -5.94509], [120.54596, -5.94519], [120.54585, -5.94541], [120.54585, -5.94564], [120.54593, -5.94605], [120.54598, -5.94626], [120.54604, -5.94662], [120.54611, -5.94689], [120.54609, -5.94715], [120.54606, -5.94755], [120.54595, -5.94815], [120.54588, -5.94854], [120.54591, -5.94861], [120.54594, -5.94875], [120.54614, -5.94887], [120.54617, -5.94906], [120.54608, -5.94924], [120.54604, -5.94934], [120.54607, -5.94952], [120.54608, -5.94961], [120.54617, -5.94976], [120.54624, -5.95009], [120.54619, -5.95037], [120.54622, -5.9505], [120.54632, -5.95082], [120.54643, -5.95082], [120.54647, -5.95101], [120.54656, -5.95145], [120.54659, -5.95168], [120.54646, -5.95215], [120.54652, -5.95223], [120.54664, -5.95236], [120.54664, -5.95245], [120.54666, -5.95266], [120.54671, -5.95273], [120.54674, -5.95286], [120.54661, -5.95297], [120.54657, -5.95313], [120.54638, -5.95334], [120.54638, -5.95348], [120.54651, -5.95369], [120.54673, -5.95373], [120.5468, -5.95368], [120.54694, -5.95364], [120.54704, -5.95361], [120.54721, -5.95376], [120.54731, -5.95393], [120.5474, -5.95402], [120.54751, -5.95422], [120.54762, -5.95451], [120.54773, -5.95469], [120.54784, -5.95477], [120.54776, -5.95493], [120.54776, -5.95504], [120.54775, -5.95514], [120.54772, -5.95524], [120.54776, -5.95551], [120.54785, -5.95575], [120.54789, -5.95592], [120.54792, -5.95598], [120.54797, -5.9561], [120.54802, -5.95606], [120.54823, -5.95636], [120.54829, -5.95654], [120.54835, -5.95657], [120.54833, -5.95672], [120.5483, -5.95684], [120.54824, -5.95685], [120.54813, -5.95693], [120.54809, -5.95704], [120.54832, -5.95705], [120.54838, -5.95704], [120.54856, -5.95704], [120.54876, -5.95722], [120.54885, -5.95752], [120.5489, -5.95774], [120.54894, -5.95793], [120.54905, -5.95809], [120.5492, -5.95834], [120.54926, -5.95863], [120.5494, -5.95894], [120.54951, -5.95922], [120.54952, -5.95929], [120.54941, -5.9594], [120.54958, -5.95951], [120.54961, -5.95983], [120.54958, -5.96009], [120.54929, -5.96025], [120.54915, -5.9603], [120.54887, -5.96053], [120.54894, -5.96078], [120.54909, -5.96098], [120.54914, -5.96097], [120.54953, -5.96097], [120.54958, -5.96093], [120.54971, -5.96089], [120.54983, -5.96093], [120.5499, -5.96109], [120.54995, -5.96128], [120.55005, -5.96158], [120.5501, -5.96185], [120.55003, -5.96213], [120.54998, -5.96233], [120.55014, -5.96245], [120.55009, -5.96264], [120.54998, -5.96269], [120.55004, -5.96277], [120.55014, -5.96302], [120.55027, -5.96329], [120.55028, -5.96347], [120.55031, -5.96363], [120.55038, -5.96407], [120.55038, -5.96433], [120.5503, -5.96439], [120.55035, -5.96448], [120.55005, -5.96447], [120.54977, -5.96457], [120.54963, -5.96455], [120.54969, -5.96471], [120.54974, -5.9649], [120.54972, -5.96504], [120.54972, -5.96524], [120.54981, -5.96541], [120.54992, -5.96551], [120.54998, -5.96575], [120.54999, -5.96577], [120.55001, -5.9658], [120.55031, -5.9663], [120.55056, -5.96655], [120.55072, -5.96669], [120.55086, -5.96682], [120.55088, -5.96686], [120.55093, -5.96704], [120.55103, -5.96727], [120.55106, -5.96741], [120.55109, -5.96766]]]}}, {"type": "Feature", "properties": {"id": "022.005.BONTOJATI", "nmkec": "Pasimassunggu Timur", "nmdesa": "Bontojati", "kdkec": "022", "kddesa": "005", "dominan": "kelapa", "total_ha": 1911.3}, "geometry": {"type": "Polygon", "coordinates": [[[120.74066, -7.10733], [120.73944, -7.10656], [120.73944, -7.10656], [120.73727, -7.10519], [120.73608, -7.10444], [120.7354, -7.10376], [120.73248, -7.10085], [120.72748, -7.09768], [120.72361, -7.09831], [120.72288, -7.0991], [120.72066, -7.0991], [120.71999, -7.09898], [120.72845, -7.07677], [120.73087, -7.07173], [120.73104, -7.07138], [120.73132, -7.07151], [120.73187, -7.07173], [120.73248, -7.07196], [120.73297, -7.07223], [120.7332, -7.07237], [120.73333, -7.07264], [120.73341, -7.07271], [120.73372, -7.0729], [120.73385, -7.07305], [120.73405, -7.07324], [120.73414, -7.07333], [120.73422, -7.07339], [120.73455, -7.07355], [120.73469, -7.07367], [120.73483, -7.07372], [120.73527, -7.07383], [120.73534, -7.0739], [120.73547, -7.074], [120.73566, -7.07404], [120.73584, -7.07417], [120.73593, -7.07436], [120.73619, -7.07454], [120.73642, -7.07469], [120.73673, -7.07484], [120.73688, -7.07488], [120.73707, -7.07501], [120.7373, -7.07512], [120.73775, -7.07524], [120.73796, -7.0753], [120.73809, -7.07537], [120.73823, -7.07539], [120.73828, -7.07545], [120.73853, -7.07554], [120.73859, -7.07558], [120.73869, -7.07564], [120.73887, -7.0757], [120.73914, -7.07583], [120.73942, -7.07594], [120.73942, -7.07594], [120.73942, -7.07594], [120.73942, -7.07594], [120.73942, -7.07594], [120.73943, -7.07594], [120.73943, -7.07594], [120.73951, -7.07597], [120.73987, -7.07604], [120.74044, -7.07612], [120.74071, -7.07611], [120.7408, -7.07616], [120.7409, -7.07622], [120.74125, -7.07623], [120.7415, -7.07634], [120.74167, -7.07642], [120.74168, -7.07653], [120.7417, -7.07654], [120.74173, -7.07655], [120.74214, -7.07667], [120.74218, -7.07674], [120.74232, -7.07681], [120.74246, -7.07689], [120.74247, -7.07689], [120.74251, -7.07695], [120.74299, -7.07694], [120.7431, -7.07695], [120.74338, -7.07696], [120.74363, -7.07712], [120.74363, -7.07712], [120.74363, -7.07712], [120.74364, -7.07715], [120.74359, -7.07735], [120.7435, -7.07748], [120.74348, -7.0776], [120.74345, -7.07778], [120.74346, -7.07798], [120.74346, -7.07812], [120.74345, -7.07816], [120.74345, -7.07817], [120.74345, -7.07817], [120.74342, -7.07829], [120.74344, -7.07848], [120.74353, -7.07867], [120.74356, -7.07882], [120.74375, -7.07911], [120.74401, -7.07953], [120.74415, -7.07975], [120.74425, -7.07994], [120.74432, -7.08007], [120.74449, -7.08033], [120.74453, -7.08042], [120.74461, -7.08058], [120.74467, -7.0808], [120.74496, -7.08123], [120.74496, -7.08123], [120.74504, -7.08143], [120.74506, -7.0822], [120.74504, -7.08238], [120.74503, -7.08254], [120.74503, -7.08259], [120.74495, -7.08303], [120.74509, -7.08356], [120.74509, -7.08356], [120.7451, -7.08355], [120.74549, -7.08488], [120.74553, -7.08501], [120.74558, -7.08517], [120.74602, -7.08652], [120.74623, -7.08715], [120.74683, -7.08901], [120.74738, -7.09057], [120.74785, -7.09188], [120.75081, -7.10007], [120.75179, -7.10289], [120.74478, -7.10293], [120.74473, -7.10469], [120.74472, -7.10477], [120.74448, -7.10598], [120.74414, -7.10691], [120.74334, -7.1091], [120.74256, -7.10853], [120.74227, -7.10835], [120.74149, -7.10785], [120.74066, -7.10733]]]}}, {"type": "Feature", "properties": {"id": "040.004.BONTOBANGUN", "nmkec": "Bontoharu", "nmdesa": "Bontobangun", "kdkec": "040", "kddesa": "004", "dominan": "kelapa", "total_ha": 1529.7}, "geometry": {"type": "Polygon", "coordinates": [[[120.46372, -6.15384], [120.46222, -6.17049], [120.45387, -6.16859], [120.44805, -6.16774], [120.44598, -6.16683], [120.44547, -6.1642], [120.44545, -6.16369], [120.44551, -6.16381], [120.44554, -6.16385], [120.44557, -6.16383], [120.44563, -6.16367], [120.44575, -6.16371], [120.44574, -6.16382], [120.44587, -6.16359], [120.44605, -6.16367], [120.44609, -6.16355], [120.44608, -6.16343], [120.44614, -6.16325], [120.44617, -6.16301], [120.44622, -6.16298], [120.44618, -6.16285], [120.44624, -6.16255], [120.44627, -6.16246], [120.44632, -6.16238], [120.44634, -6.16223], [120.4463, -6.16198], [120.44632, -6.16188], [120.44629, -6.16176], [120.44633, -6.16169], [120.44635, -6.16152], [120.4464, -6.16138], [120.44649, -6.16128], [120.44654, -6.16113], [120.44655, -6.16099], [120.44663, -6.16088], [120.44672, -6.16048], [120.44676, -6.16048], [120.44683, -6.16033], [120.4468, -6.16017], [120.44672, -6.15994], [120.44652, -6.15965], [120.44659, -6.15958], [120.44685, -6.1595], [120.44698, -6.15945], [120.44725, -6.15947], [120.44738, -6.15934], [120.44762, -6.15922], [120.44769, -6.15911], [120.44787, -6.15912], [120.44791, -6.15899], [120.44801, -6.1589], [120.44814, -6.15871], [120.44849, -6.15854], [120.44859, -6.15848], [120.44868, -6.15831], [120.44881, -6.15796], [120.44893, -6.15785], [120.449, -6.15768], [120.449, -6.15757], [120.4489, -6.15747], [120.44887, -6.15734], [120.44892, -6.15713], [120.44891, -6.15706], [120.44884, -6.15696], [120.44886, -6.15672], [120.44876, -6.15654], [120.44874, -6.15646], [120.44866, -6.15646], [120.44868, -6.15628], [120.44857, -6.15613], [120.44865, -6.15611], [120.44873, -6.15603], [120.44879, -6.15598], [120.44899, -6.15592], [120.44898, -6.15569], [120.44882, -6.15561], [120.44879, -6.15545], [120.44892, -6.15535], [120.44892, -6.15526], [120.44901, -6.15509], [120.44885, -6.15488], [120.44887, -6.15464], [120.44884, -6.15459], [120.44879, -6.15442], [120.44878, -6.15432], [120.44879, -6.1542], [120.44876, -6.15409], [120.44872, -6.15397], [120.44869, -6.15376], [120.44878, -6.15374], [120.44883, -6.15368], [120.44888, -6.15354], [120.4489, -6.15342], [120.44904, -6.15337], [120.44907, -6.15328], [120.44901, -6.15323], [120.44901, -6.15306], [120.44908, -6.15301], [120.44912, -6.15295], [120.44916, -6.15284], [120.44931, -6.15289], [120.44941, -6.15291], [120.44942, -6.15278], [120.44931, -6.15267], [120.44932, -6.15253], [120.44922, -6.15244], [120.44931, -6.15234], [120.44931, -6.15228], [120.44922, -6.15219], [120.44918, -6.15206], [120.44919, -6.15195], [120.44918, -6.15178], [120.4493, -6.15152], [120.44936, -6.15129], [120.44956, -6.15117], [120.44959, -6.15115], [120.44964, -6.15105], [120.44968, -6.15067], [120.44981, -6.1506], [120.45015, -6.15063], [120.45017, -6.1505], [120.44976, -6.15032], [120.44979, -6.14987], [120.44968, -6.14984], [120.4498, -6.14946], [120.44977, -6.14923], [120.44971, -6.14917], [120.44981, -6.14895], [120.44994, -6.14873], [120.44986, -6.14848], [120.4498, -6.1483], [120.44964, -6.14816], [120.44972, -6.14779], [120.44997, -6.14773], [120.44996, -6.14721], [120.45011, -6.14702], [120.45036, -6.147], [120.45046, -6.14698], [120.45072, -6.14686], [120.45075, -6.14676], [120.45087, -6.14661], [120.45091, -6.14641], [120.45076, -6.14627], [120.45075, -6.14609], [120.45061, -6.14616], [120.45035, -6.14591], [120.45019, -6.14575], [120.45007, -6.1457], [120.4504, -6.14567], [120.45056, -6.14573], [120.45066, -6.14567], [120.45075, -6.14567], [120.45067, -6.1454], [120.45055, -6.1451], [120.45044, -6.14497], [120.45037, -6.1448], [120.45025, -6.14471], [120.44987, -6.14446], [120.44999, -6.14412], [120.45009, -6.144], [120.44991, -6.14393], [120.4497, -6.14392], [120.44965, -6.1438], [120.44948, -6.14349], [120.44938, -6.14338], [120.44918, -6.1434], [120.44901, -6.14346], [120.44902, -6.14334], [120.44913, -6.14323], [120.44902, -6.14315], [120.44896, -6.14313], [120.44882, -6.14303], [120.44864, -6.14291], [120.44844, -6.14287], [120.44811, -6.14282], [120.44827, -6.14237], [120.44825, -6.14235], [120.44794, -6.14252], [120.44772, -6.14238], [120.44757, -6.14221], [120.44771, -6.14211], [120.44767, -6.14195], [120.44766, -6.14183], [120.44768, -6.14168], [120.44749, -6.14146], [120.44751, -6.14132], [120.44768, -6.14098], [120.44767, -6.14069], [120.44767, -6.1406], [120.44783, -6.14044], [120.44779, -6.14007], [120.4479, -6.13996], [120.44795, -6.13999], [120.44803, -6.13986], [120.44804, -6.13971], [120.44808, -6.13956], [120.44806, -6.13939], [120.44821, -6.1393], [120.44827, -6.13936], [120.44825, -6.13924], [120.4484, -6.13929], [120.44838, -6.13917], [120.44852, -6.13894], [120.44865, -6.13875], [120.4486, -6.1386], [120.44868, -6.13861], [120.44877, -6.1384], [120.44899, -6.13824], [120.44909, -6.13833], [120.44921, -6.13809], [120.44932, -6.13819], [120.44944, -6.13811], [120.44951, -6.13798], [120.44967, -6.138], [120.44959, -6.13751], [120.4498, -6.13738], [120.44996, -6.1367], [120.45004, -6.13645], [120.45047, -6.13518], [120.45101, -6.13426], [120.45125, -6.13384], [120.45145, -6.13351], [120.45177, -6.13305], [120.45197, -6.13282], [120.45209, -6.13254], [120.4523, -6.13218], [120.45263, -6.13142], [120.45305, -6.13054], [120.45301, -6.13024], [120.45315, -6.1299], [120.45349, -6.12938], [120.45368, -6.1291], [120.45384, -6.12908], [120.4543, -6.12907], [120.45457, -6.12893], [120.45533, -6.12892], [120.45641, -6.12856], [120.45721, -6.12843], [120.45831, -6.12884], [120.45897, -6.12961], [120.45981, -6.12966], [120.46015, -6.12972], [120.46073, -6.13062], [120.46108, -6.13064], [120.46132, -6.13044], [120.46162, -6.13003], [120.4617, -6.12962], [120.46222, -6.12915], [120.46274, -6.12903], [120.46293, -6.12914], [120.46302, -6.12972], [120.46335, -6.12987], [120.46375, -6.12948], [120.464, -6.12935], [120.46485, -6.12927], [120.46538, -6.12978], [120.466, -6.12923], [120.4665, -6.12979], [120.46711, -6.13013], [120.46787, -6.1304], [120.4691, -6.13045], [120.46935, -6.13067], [120.4725, -6.12956], [120.47247, -6.12564], [120.4755, -6.12677], [120.48221, -6.13054], [120.48431, -6.13166], [120.49075, -6.13491], [120.49459, -6.13685], [120.5017, -6.13834], [120.507, -6.14173], [120.51266, -6.14419], [120.5242, -6.14922], [120.52772, -6.15089], [120.53968, -6.15602], [120.53971, -6.15603], [120.54017, -6.15623], [120.53974, -6.15666], [120.53923, -6.15714], [120.53909, -6.15774], [120.53915, -6.15815], [120.53922, -6.15891], [120.53924, -6.16003], [120.53914, -6.16082], [120.53881, -6.16194], [120.53885, -6.16255], [120.53881, -6.1633], [120.53885, -6.16404], [120.53871, -6.16457], [120.53852, -6.16469], [120.53839, -6.16478], [120.53824, -6.16527], [120.53812, -6.16557], [120.53801, -6.16585], [120.53795, -6.16601], [120.53775, -6.1662], [120.5376, -6.16658], [120.53741, -6.16743], [120.5373, -6.16842], [120.53667, -6.16883], [120.53624, -6.16888], [120.53616, -6.16885], [120.53602, -6.16887], [120.53581, -6.16924], [120.53567, -6.16958], [120.53562, -6.16992], [120.53569, -6.1702], [120.53586, -6.17023], [120.53611, -6.17026], [120.53647, -6.17046], [120.53682, -6.17148], [120.53628, -6.17239], [120.53618, -6.17255], [120.53578, -6.17256], [120.52255, -6.17256], [120.52416, -6.16317], [120.5242, -6.16182], [120.50914, -6.15823], [120.5038, -6.15696], [120.49648, -6.15551], [120.49294, -6.15444], [120.49165, -6.15328], [120.48862, -6.14812], [120.48432, -6.1458], [120.47918, -6.14452], [120.46622, -6.14114], [120.46622, -6.1445], [120.46558, -6.14744], [120.46458, -6.15172], [120.46388, -6.1526], [120.46372, -6.15384]]]}}, {"type": "Feature", "properties": {"id": "051.007.BUKI_TIMUR", "nmkec": "Buki", "nmdesa": "Buki Timur", "kdkec": "051", "kddesa": "007", "dominan": "kelapa", "total_ha": 542.2}, "geometry": {"type": "Polygon", "coordinates": [[[120.51488, -6.00016], [120.51309, -5.99959], [120.51212, -5.99928], [120.5112, -5.99854], [120.50998, -5.99756], [120.50771, -5.99611], [120.50757, -5.99602], [120.50523, -5.99453], [120.5041, -5.99335], [120.50399, -5.99324], [120.50366, -5.9929], [120.50366, -5.99289], [120.50757, -5.99078], [120.50757, -5.99078], [120.50757, -5.99078], [120.50757, -5.98934], [120.50757, -5.98499], [120.50757, -5.98185], [120.50757, -5.97632], [120.50757, -5.97631], [120.50757, -5.9748], [120.50757, -5.9748], [120.50999, -5.97599], [120.52206, -5.9768], [120.52701, -5.977], [120.5272, -5.97689], [120.52715, -5.9748], [120.52715, -5.97459], [120.52715, -5.97368], [120.52715, -5.97151], [120.52832, -5.97151], [120.52832, -5.97151], [120.53489, -5.97151], [120.54136, -5.97151], [120.55299, -5.97151], [120.55299, -5.97151], [120.55299, -5.97151], [120.55319, -5.9715], [120.55319, -5.9715], [120.55324, -5.97171], [120.55322, -5.97176], [120.55316, -5.97185], [120.55315, -5.97196], [120.55303, -5.97202], [120.55288, -5.97213], [120.55279, -5.97214], [120.55268, -5.9723], [120.55269, -5.97248], [120.5527, -5.97249], [120.55263, -5.97252], [120.55258, -5.97256], [120.55264, -5.97261], [120.55273, -5.9726], [120.55279, -5.97257], [120.55294, -5.97263], [120.55297, -5.97267], [120.55302, -5.97267], [120.55308, -5.97263], [120.55308, -5.97263], [120.55317, -5.97262], [120.55329, -5.97265], [120.55343, -5.97268], [120.55354, -5.97278], [120.55361, -5.97291], [120.55365, -5.97303], [120.55364, -5.97318], [120.55367, -5.97334], [120.55363, -5.97349], [120.55364, -5.97361], [120.55366, -5.97376], [120.55369, -5.97402], [120.55367, -5.97417], [120.55371, -5.9744], [120.55378, -5.97447], [120.55375, -5.97453], [120.55368, -5.97456], [120.55368, -5.97459], [120.55368, -5.9747], [120.55366, -5.97486], [120.55372, -5.97488], [120.5537, -5.97495], [120.55355, -5.97522], [120.55337, -5.97535], [120.55337, -5.9754], [120.55332, -5.97545], [120.55323, -5.97545], [120.55302, -5.97562], [120.55293, -5.97561], [120.5528, -5.97563], [120.55266, -5.97574], [120.55267, -5.97579], [120.55262, -5.9759], [120.55252, -5.97593], [120.55243, -5.9759], [120.55241, -5.97592], [120.55239, -5.97593], [120.55237, -5.97591], [120.55231, -5.97592], [120.55225, -5.97594], [120.55224, -5.97602], [120.55224, -5.97602], [120.55213, -5.97624], [120.55202, -5.97623], [120.5519, -5.97637], [120.55198, -5.97641], [120.55201, -5.97652], [120.55204, -5.97657], [120.55204, -5.97665], [120.552, -5.97669], [120.55204, -5.97678], [120.55199, -5.97699], [120.55209, -5.97701], [120.55216, -5.97713], [120.55222, -5.97722], [120.55225, -5.97731], [120.55224, -5.97731], [120.55225, -5.9773], [120.55208, -5.97731], [120.55208, -5.97731], [120.55208, -5.97731], [120.55168, -5.97753], [120.55113, -5.97843], [120.55038, -5.98118], [120.55008, -5.98332], [120.55001, -5.98388], [120.54989, -5.98469], [120.54729, -5.98754], [120.547, -5.98786], [120.54521, -5.98945], [120.54515, -5.98951], [120.54349, -5.99054], [120.54309, -5.99131], [120.54109, -5.99508], [120.54108, -5.99508], [120.53888, -5.99639], [120.53554, -5.99836], [120.52815, -6.00272], [120.52815, -6.00272], [120.52798, -6.00269], [120.51689, -6.00061], [120.51535, -6.00031], [120.51535, -6.00031], [120.51488, -6.00016]]]}}, {"type": "Feature", "properties": {"id": "040.011.KALEPADANG", "nmkec": "Bontoharu", "nmdesa": "Kalepadang", "kdkec": "040", "kddesa": "011", "dominan": "kelapa", "total_ha": 838.4}, "geometry": {"type": "Polygon", "coordinates": [[[120.48267, -6.18196], [120.48199, -6.18213], [120.47996, -6.18265], [120.4764, -6.18355], [120.47237, -6.18191], [120.466, -6.17931], [120.46283, -6.17801], [120.46148, -6.17795], [120.46154, -6.17734], [120.46189, -6.17363], [120.46222, -6.17049], [120.46297, -6.16148], [120.46343, -6.15663], [120.46372, -6.15384], [120.46388, -6.1526], [120.46387, -6.15229], [120.46456, -6.15172], [120.46458, -6.15172], [120.46478, -6.1507], [120.46521, -6.14852], [120.46558, -6.14744], [120.46547, -6.14438], [120.46547, -6.14437], [120.46622, -6.1445], [120.46622, -6.14158], [120.46622, -6.14138], [120.46622, -6.14114], [120.46622, -6.14114], [120.46657, -6.14138], [120.47918, -6.14452], [120.47918, -6.14452], [120.48195, -6.14521], [120.48432, -6.1458], [120.48642, -6.14632], [120.4896, -6.14709], [120.48862, -6.14812], [120.48918, -6.14908], [120.48951, -6.14964], [120.49165, -6.15328], [120.49241, -6.15457], [120.49244, -6.15457], [120.49294, -6.15444], [120.49325, -6.15437], [120.49507, -6.15501], [120.49648, -6.15551], [120.49708, -6.15551], [120.49773, -6.15551], [120.5038, -6.15696], [120.50531, -6.15732], [120.50897, -6.15819], [120.50914, -6.15823], [120.50991, -6.15842], [120.51141, -6.15877], [120.5242, -6.16182], [120.52441, -6.16187], [120.5244, -6.16193], [120.52416, -6.16317], [120.52304, -6.16976], [120.52275, -6.17134], [120.52255, -6.17256], [120.52255, -6.17257], [120.53578, -6.17255], [120.53578, -6.17256], [120.53582, -6.17256], [120.53582, -6.17256], [120.53618, -6.17255], [120.53618, -6.17255], [120.53613, -6.17268], [120.53601, -6.17279], [120.53596, -6.17287], [120.53592, -6.1729], [120.53575, -6.17295], [120.53569, -6.17307], [120.53565, -6.1732], [120.53562, -6.17327], [120.53556, -6.17334], [120.53562, -6.17338], [120.53562, -6.17349], [120.53558, -6.17356], [120.53547, -6.17363], [120.53539, -6.17364], [120.53531, -6.17374], [120.53528, -6.1738], [120.53525, -6.17383], [120.53522, -6.1739], [120.5352, -6.17396], [120.53524, -6.17399], [120.53524, -6.17404], [120.53521, -6.1741], [120.53515, -6.17411], [120.5351, -6.1741], [120.53506, -6.17413], [120.53496, -6.17416], [120.53488, -6.17418], [120.53486, -6.17417], [120.53482, -6.17415], [120.5348, -6.17416], [120.53473, -6.17421], [120.53467, -6.17424], [120.53437, -6.1743], [120.53421, -6.1743], [120.53415, -6.1743], [120.53402, -6.17433], [120.53392, -6.1743], [120.53383, -6.17425], [120.53379, -6.17417], [120.53375, -6.17411], [120.53363, -6.17408], [120.53348, -6.17409], [120.53332, -6.17418], [120.53319, -6.17431], [120.53313, -6.17444], [120.53316, -6.17469], [120.53326, -6.17493], [120.53335, -6.175], [120.5334, -6.17509], [120.53339, -6.17514], [120.53348, -6.17521], [120.53356, -6.17525], [120.53361, -6.1754], [120.53365, -6.17555], [120.53367, -6.17565], [120.53364, -6.17584], [120.53362, -6.17592], [120.53364, -6.17608], [120.53366, -6.17624], [120.53362, -6.17631], [120.53363, -6.17633], [120.53369, -6.17639], [120.53363, -6.17653], [120.5337, -6.17657], [120.53377, -6.17668], [120.53375, -6.17677], [120.53389, -6.17686], [120.53389, -6.177], [120.53387, -6.17705], [120.53389, -6.17717], [120.53386, -6.17722], [120.53377, -6.17726], [120.53367, -6.17741], [120.53359, -6.17744], [120.53355, -6.17749], [120.53354, -6.17757], [120.53352, -6.17759], [120.53357, -6.17768], [120.53361, -6.17771], [120.53359, -6.17783], [120.53355, -6.17799], [120.53352, -6.17805], [120.53344, -6.17816], [120.53341, -6.17824], [120.53335, -6.17828], [120.53329, -6.1784], [120.5333, -6.17845], [120.53329, -6.1786], [120.53323, -6.17864], [120.53312, -6.17865], [120.53303, -6.17864], [120.53299, -6.1786], [120.53297, -6.1786], [120.53297, -6.1786], [120.53297, -6.17861], [120.53291, -6.17865], [120.53277, -6.1787], [120.53273, -6.1788], [120.53259, -6.17886], [120.53251, -6.17891], [120.53233, -6.17906], [120.53213, -6.1792], [120.53205, -6.17929], [120.53199, -6.17945], [120.5319, -6.17968], [120.53183, -6.1798], [120.53177, -6.17988], [120.53173, -6.17992], [120.5317, -6.17999], [120.53165, -6.18009], [120.53166, -6.18015], [120.53163, -6.1802], [120.53157, -6.18023], [120.53154, -6.18032], [120.53154, -6.18038], [120.53147, -6.1805], [120.53149, -6.18057], [120.53145, -6.18071], [120.53147, -6.18073], [120.53142, -6.18083], [120.53142, -6.18091], [120.53138, -6.18091], [120.53139, -6.18107], [120.53143, -6.18109], [120.53139, -6.18115], [120.53138, -6.18121], [120.5314, -6.18124], [120.53139, -6.18127], [120.53133, -6.18125], [120.53133, -6.18146], [120.53131, -6.18164], [120.53133, -6.18166], [120.53133, -6.18169], [120.53127, -6.18172], [120.53131, -6.18178], [120.53129, -6.18187], [120.5313, -6.18201], [120.53132, -6.18209], [120.53137, -6.18208], [120.53142, -6.18211], [120.53145, -6.18221], [120.5315, -6.18231], [120.53151, -6.18232], [120.53143, -6.18236], [120.53132, -6.1825], [120.53133, -6.18265], [120.53124, -6.18276], [120.53118, -6.18287], [120.53118, -6.18302], [120.53123, -6.18315], [120.53127, -6.1832], [120.49111, -6.1832], [120.48835, -6.1832], [120.487, -6.18086], [120.48513, -6.18134], [120.48367, -6.18171], [120.48267, -6.18196]]]}}, {"type": "Feature", "properties": {"id": "030.010.PATIKARYA", "nmkec": "Bontosikuyu", "nmdesa": "Patikarya", "kdkec": "030", "kddesa": "010", "dominan": "cengkeh", "total_ha": 2027.2}, "geometry": {"type": "Polygon", "coordinates": [[[120.44887, -6.23971], [120.44801, -6.24078], [120.44691, -6.24002], [120.4469, -6.23998], [120.44694, -6.23991], [120.44694, -6.23966], [120.44689, -6.23937], [120.44672, -6.23891], [120.4467, -6.23891], [120.44663, -6.2388], [120.44662, -6.23871], [120.44651, -6.23841], [120.44641, -6.23803], [120.44635, -6.23781], [120.44619, -6.23727], [120.44606, -6.23709], [120.44603, -6.23708], [120.44601, -6.23697], [120.44599, -6.23689], [120.44586, -6.23655], [120.44591, -6.23637], [120.44603, -6.23596], [120.44609, -6.23549], [120.44602, -6.23519], [120.44594, -6.23504], [120.44592, -6.23498], [120.44593, -6.23483], [120.44584, -6.23441], [120.44588, -6.23384], [120.44588, -6.23365], [120.44599, -6.23358], [120.44613, -6.23346], [120.4461, -6.23261], [120.44602, -6.23179], [120.44584, -6.2308], [120.44574, -6.23038], [120.44574, -6.23017], [120.44562, -6.22965], [120.4456, -6.22902], [120.44553, -6.22883], [120.44556, -6.22862], [120.44552, -6.22834], [120.44545, -6.22832], [120.44547, -6.2282], [120.44546, -6.22812], [120.44544, -6.22808], [120.44539, -6.22802], [120.44538, -6.22792], [120.4454, -6.22783], [120.44548, -6.2278], [120.4455, -6.22773], [120.44546, -6.22756], [120.44547, -6.22748], [120.44544, -6.22727], [120.44539, -6.22698], [120.44529, -6.22643], [120.44536, -6.22626], [120.44535, -6.22598], [120.44537, -6.22581], [120.44555, -6.22571], [120.44564, -6.22545], [120.44568, -6.22526], [120.4457, -6.22467], [120.44571, -6.22398], [120.44578, -6.22321], [120.44592, -6.22266], [120.44612, -6.22187], [120.44622, -6.22136], [120.44632, -6.22124], [120.44642, -6.22085], [120.44663, -6.22015], [120.44684, -6.21952], [120.44686, -6.21941], [120.44696, -6.21898], [120.447, -6.21885], [120.44716, -6.21792], [120.44723, -6.21731], [120.4473, -6.21712], [120.44723, -6.21682], [120.44719, -6.21664], [120.44716, -6.21653], [120.44734, -6.21646], [120.44743, -6.21609], [120.44733, -6.21605], [120.44716, -6.21595], [120.44708, -6.21588], [120.44699, -6.21574], [120.44706, -6.21565], [120.4471, -6.21555], [120.44718, -6.21546], [120.44716, -6.21537], [120.44726, -6.21529], [120.44738, -6.21518], [120.44729, -6.21508], [120.4472, -6.21505], [120.44699, -6.21499], [120.44697, -6.21487], [120.44692, -6.21477], [120.44685, -6.21458], [120.44683, -6.21436], [120.44676, -6.21427], [120.44681, -6.21421], [120.44676, -6.21416], [120.44678, -6.21409], [120.44677, -6.21389], [120.44689, -6.2138], [120.44699, -6.21369], [120.44684, -6.2137], [120.44673, -6.21369], [120.44664, -6.21365], [120.44656, -6.21356], [120.44644, -6.21354], [120.44638, -6.21347], [120.44638, -6.21329], [120.44639, -6.2132], [120.44636, -6.21311], [120.44644, -6.21304], [120.44646, -6.21298], [120.44651, -6.21292], [120.44655, -6.21284], [120.44661, -6.21275], [120.44678, -6.21265], [120.44689, -6.2126], [120.44682, -6.2123], [120.44677, -6.21224], [120.44664, -6.21222], [120.44662, -6.21225], [120.44655, -6.21228], [120.44645, -6.21226], [120.44634, -6.21224], [120.4463, -6.21217], [120.44633, -6.21204], [120.44635, -6.212], [120.44629, -6.21196], [120.44633, -6.21189], [120.44632, -6.21178], [120.44643, -6.21172], [120.44649, -6.21163], [120.44652, -6.21152], [120.44653, -6.21143], [120.44656, -6.21131], [120.44666, -6.21128], [120.44672, -6.21131], [120.44681, -6.21131], [120.44691, -6.21129], [120.44694, -6.21109], [120.44666, -6.2105], [120.44645, -6.21033], [120.44604, -6.20961], [120.44593, -6.20958], [120.44588, -6.2095], [120.44587, -6.2094], [120.44578, -6.2094], [120.44573, -6.20926], [120.44573, -6.20911], [120.44572, -6.20897], [120.44567, -6.20891], [120.44564, -6.20879], [120.44565, -6.20874], [120.44562, -6.20862], [120.44549, -6.20857], [120.44548, -6.20841], [120.44541, -6.20832], [120.4453, -6.20823], [120.44529, -6.20816], [120.44527, -6.20805], [120.44528, -6.20788], [120.44541, -6.20779], [120.44555, -6.20784], [120.44584, -6.20773], [120.44596, -6.20753], [120.44599, -6.20736], [120.44607, -6.20683], [120.44595, -6.2065], [120.44587, -6.2063], [120.44599, -6.20617], [120.44614, -6.20613], [120.44601, -6.20576], [120.44595, -6.20565], [120.44589, -6.20558], [120.44588, -6.20548], [120.44587, -6.20532], [120.44596, -6.20528], [120.44576, -6.20454], [120.44564, -6.20454], [120.44556, -6.20451], [120.44553, -6.20438], [120.44538, -6.20431], [120.44529, -6.20425], [120.44523, -6.20417], [120.44509, -6.20414], [120.44502, -6.20409], [120.44501, -6.20393], [120.44502, -6.20376], [120.44507, -6.2036], [120.44518, -6.20347], [120.44518, -6.20331], [120.44495, -6.203], [120.44489, -6.2029], [120.44475, -6.20282], [120.44472, -6.20272], [120.44467, -6.20248], [120.44471, -6.20231], [120.44476, -6.20212], [120.44431, -6.20135], [120.44422, -6.2012], [120.44419, -6.20104], [120.44417, -6.2009], [120.44432, -6.20081], [120.44438, -6.20072], [120.44447, -6.20061], [120.44466, -6.20057], [120.44484, -6.2004], [120.44488, -6.20017], [120.44464, -6.19983], [120.44456, -6.19956], [120.44429, -6.1992], [120.44442, -6.19902], [120.44452, -6.1989], [120.44445, -6.19881], [120.44438, -6.19871], [120.44442, -6.19863], [120.44445, -6.19861], [120.44509, -6.19838], [120.44512, -6.19837], [120.44536, -6.19844], [120.44701, -6.19893], [120.44717, -6.19898], [120.44791, -6.19914], [120.44848, -6.19927], [120.44987, -6.19958], [120.45086, -6.1998], [120.45196, -6.20004], [120.45273, -6.20021], [120.45305, -6.20028], [120.4541, -6.20051], [120.45466, -6.20064], [120.45526, -6.20077], [120.45589, -6.20091], [120.45636, -6.20102], [120.45714, -6.20119], [120.45726, -6.20121], [120.45821, -6.20142], [120.46048, -6.20192], [120.46139, -6.20213], [120.4627, -6.20242], [120.4627, -6.20242], [120.46287, -6.20276], [120.46358, -6.20365], [120.46458, -6.20424], [120.46566, -6.20487], [120.46694, -6.20652], [120.47059, -6.21141], [120.47343, -6.21513], [120.47511, -6.21711], [120.47685, -6.21751], [120.48016, -6.21819], [120.4833, -6.21883], [120.48617, -6.21893], [120.49034, -6.21842], [120.49086, -6.21856], [120.49219, -6.21911], [120.49278, -6.2197], [120.49296, -6.21988], [120.49352, -6.22092], [120.49481, -6.22252], [120.49656, -6.22428], [120.4973, -6.22521], [120.49862, -6.227], [120.49951, -6.22964], [120.50036, -6.23417], [120.49865, -6.23545], [120.49059, -6.23451], [120.48454, -6.23359], [120.48451, -6.2336], [120.48034, -6.23456], [120.47904, -6.23473], [120.4757, -6.23471], [120.47383, -6.23456], [120.47053, -6.23469], [120.46784, -6.23485], [120.46732, -6.23494], [120.46511, -6.23618], [120.4627, -6.23755], [120.46024, -6.23874], [120.44887, -6.23971]]]}}, {"type": "Feature", "properties": {"id": "041.003.BENTENG_UTARA", "nmkec": "Benteng", "nmdesa": "Benteng Utara", "kdkec": "041", "kddesa": "003", "dominan": "kelapa", "total_ha": 1033.3}, "geometry": {"type": "Polygon", "coordinates": [[[120.46518, -6.11304], [120.4648, -6.11281], [120.46479, -6.1128], [120.46479, -6.1128], [120.46478, -6.11279], [120.46478, -6.11279], [120.46474, -6.11277], [120.46409, -6.11241], [120.46361, -6.11214], [120.46359, -6.11213], [120.46359, -6.11212], [120.46358, -6.11212], [120.46358, -6.11212], [120.46357, -6.11212], [120.46336, -6.11201], [120.46305, -6.11183], [120.46303, -6.11182], [120.46302, -6.11182], [120.46302, -6.11182], [120.46298, -6.11179], [120.46298, -6.11179], [120.46274, -6.11165], [120.46219, -6.11134], [120.46169, -6.11101], [120.46176, -6.11091], [120.46186, -6.11077], [120.46208, -6.11045], [120.46211, -6.11042], [120.46224, -6.11023], [120.46234, -6.11007], [120.46242, -6.10994], [120.46246, -6.10988], [120.46262, -6.10962], [120.46264, -6.10957], [120.46271, -6.10935], [120.46273, -6.10924], [120.46279, -6.10905], [120.46288, -6.10899], [120.46302, -6.10895], [120.46309, -6.10897], [120.46311, -6.10893], [120.46318, -6.10881], [120.46316, -6.10875], [120.46313, -6.10865], [120.46307, -6.10855], [120.46311, -6.10838], [120.46326, -6.10812], [120.46336, -6.10805], [120.46343, -6.10787], [120.46345, -6.1074], [120.46347, -6.10723], [120.46347, -6.10713], [120.46346, -6.1069], [120.46346, -6.10676], [120.46349, -6.10663], [120.46347, -6.10661], [120.46351, -6.10643], [120.46353, -6.10643], [120.46355, -6.10637], [120.46358, -6.10631], [120.46361, -6.10623], [120.46368, -6.10608], [120.46375, -6.10588], [120.46383, -6.10574], [120.46386, -6.10568], [120.46385, -6.10563], [120.46387, -6.10558], [120.46385, -6.10554], [120.46391, -6.1054], [120.46393, -6.1054], [120.46397, -6.10535], [120.46402, -6.10529], [120.46417, -6.10486], [120.4642, -6.10477], [120.46428, -6.10451], [120.46436, -6.10423], [120.46439, -6.10411], [120.46444, -6.1037], [120.46447, -6.10346], [120.46452, -6.10317], [120.46458, -6.10277], [120.4646, -6.1027], [120.46463, -6.10248], [120.46464, -6.10238], [120.46465, -6.10225], [120.46468, -6.10201], [120.4647, -6.10189], [120.46475, -6.10159], [120.46478, -6.10144], [120.4648, -6.10139], [120.46483, -6.1012], [120.46483, -6.10113], [120.46484, -6.10106], [120.46484, -6.10101], [120.46485, -6.10092], [120.46486, -6.10087], [120.46487, -6.10074], [120.46488, -6.10061], [120.4649, -6.10047], [120.4649, -6.10038], [120.4649, -6.1002], [120.4649, -6.10016], [120.4649, -6.10011], [120.46491, -6.09995], [120.46492, -6.09981], [120.46492, -6.09967], [120.46493, -6.09941], [120.46493, -6.0993], [120.46493, -6.09928], [120.46493, -6.09913], [120.46493, -6.09903], [120.46493, -6.0989], [120.46494, -6.09876], [120.46495, -6.09862], [120.46496, -6.09842], [120.46497, -6.09832], [120.46498, -6.09819], [120.465, -6.09794], [120.46501, -6.09784], [120.46501, -6.09773], [120.46502, -6.09765], [120.46502, -6.09765], [120.46502, -6.09757], [120.46503, -6.09745], [120.46504, -6.09735], [120.46505, -6.09725], [120.46506, -6.09716], [120.46507, -6.09705], [120.46506, -6.09705], [120.4651, -6.09686], [120.46514, -6.09686], [120.46515, -6.09682], [120.46513, -6.09678], [120.46514, -6.0967], [120.46519, -6.0967], [120.4652, -6.09664], [120.46519, -6.09661], [120.46517, -6.09657], [120.46518, -6.09654], [120.46521, -6.09651], [120.46524, -6.09647], [120.46526, -6.09636], [120.46524, -6.0963], [120.46525, -6.09626], [120.46529, -6.09624], [120.46534, -6.09602], [120.46534, -6.09597], [120.46537, -6.09588], [120.46534, -6.09585], [120.46539, -6.09578], [120.46543, -6.0957], [120.46544, -6.09561], [120.46543, -6.0956], [120.46548, -6.09544], [120.46555, -6.09524], [120.46555, -6.09524], [120.46555, -6.09524], [120.46557, -6.09518], [120.4656, -6.09515], [120.46568, -6.09505], [120.46572, -6.09496], [120.46576, -6.09487], [120.46577, -6.09483], [120.46575, -6.09482], [120.46579, -6.09469], [120.4658, -6.09458], [120.46581, -6.09453], [120.46581, -6.09446], [120.46584, -6.09441], [120.46588, -6.09427], [120.46591, -6.09414], [120.46591, -6.0941], [120.46585, -6.09406], [120.46586, -6.09401], [120.46592, -6.09399], [120.46594, -6.09393], [120.46594, -6.09384], [120.46596, -6.09364], [120.46599, -6.09344], [120.46601, -6.09322], [120.46602, -6.09298], [120.46613, -6.09296], [120.46614, -6.09285], [120.4661, -6.0928], [120.46614, -6.09271], [120.46614, -6.09242], [120.46619, -6.09208], [120.46619, -6.09207], [120.46645, -6.09198], [120.46696, -6.0919], [120.46781, -6.09191], [120.46797, -6.09199], [120.46848, -6.09198], [120.4686, -6.09198], [120.46936, -6.09153], [120.46936, -6.09164], [120.46936, -6.09164], [120.46936, -6.0917], [120.46938, -6.09479], [120.46939, -6.09626], [120.46939, -6.09783], [120.4694, -6.09936], [120.4694, -6.10042], [120.4694, -6.10065], [120.46942, -6.10369], [120.46943, -6.1051], [120.46943, -6.10534], [120.46943, -6.10575], [120.46943, -6.10683], [120.46944, -6.10755], [120.46944, -6.10856], [120.46945, -6.10962], [120.46949, -6.10967], [120.46985, -6.1101], [120.46957, -6.11046], [120.46956, -6.11046], [120.46956, -6.11046], [120.46937, -6.1107], [120.46922, -6.11127], [120.46922, -6.1113], [120.46921, -6.1113], [120.46921, -6.1113], [120.46927, -6.11132], [120.46946, -6.11139], [120.46969, -6.11167], [120.47012, -6.11167], [120.47046, -6.11177], [120.47077, -6.11181], [120.47112, -6.11201], [120.47138, -6.11201], [120.47175, -6.11232], [120.47188, -6.1123], [120.47199, -6.11239], [120.47199, -6.11239], [120.47205, -6.1124], [120.47207, -6.11236], [120.47213, -6.11243], [120.4723, -6.11262], [120.47233, -6.11289], [120.47247, -6.11281], [120.47265, -6.11293], [120.47269, -6.11307], [120.47281, -6.11321], [120.4729, -6.11333], [120.473, -6.11323], [120.47305, -6.11316], [120.47323, -6.11292], [120.47341, -6.11273], [120.47368, -6.11278], [120.47403, -6.11292], [120.47433, -6.11296], [120.4744, -6.11323], [120.47452, -6.11332], [120.47464, -6.11324], [120.4747, -6.11329], [120.4747, -6.11329], [120.47483, -6.11344], [120.47491, -6.11354], [120.475, -6.11359], [120.47512, -6.11356], [120.4753, -6.11354], [120.4753, -6.11354], [120.4753, -6.11472], [120.4753, -6.11616], [120.47106, -6.1148], [120.47106, -6.1148], [120.47032, -6.11458], [120.46755, -6.11378], [120.46755, -6.11378], [120.46747, -6.11376], [120.46735, -6.11373], [120.46717, -6.1137], [120.46704, -6.11368], [120.46695, -6.11367], [120.46668, -6.11364], [120.46667, -6.11365], [120.4665, -6.11363], [120.46649, -6.11363], [120.46618, -6.11359], [120.46606, -6.11355], [120.46606, -6.11355], [120.46591, -6.1135], [120.46587, -6.11349], [120.46587, -6.11349], [120.46586, -6.11348], [120.46587, -6.11347], [120.46584, -6.11346], [120.46518, -6.11304]]]}}, {"type": "Feature", "properties": {"id": "030.001.POLASSI", "nmkec": "Bontosikuyu", "nmdesa": "Polassi", "kdkec": "030", "kddesa": "001", "dominan": "kelapa", "total_ha": 989.1}, "geometry": {"type": "MultiPolygon", "coordinates": [[[[120.43678, -6.68423], [120.43657, -6.68472], [120.43645, -6.68534], [120.43633, -6.68579], [120.43632, -6.68589], [120.43635, -6.68601], [120.43623, -6.68633], [120.43619, -6.68666], [120.43608, -6.6873], [120.43563, -6.68839], [120.43525, -6.68942], [120.43497, -6.69007], [120.43474, -6.6913], [120.4347, -6.69157], [120.4344, -6.69266], [120.4343, -6.69288], [120.43407, -6.69367], [120.43381, -6.69433], [120.43365, -6.69495], [120.43358, -6.69546], [120.43322, -6.69653], [120.43294, -6.69793], [120.43272, -6.69969], [120.43251, -6.70229], [120.43236, -6.70442], [120.43198, -6.70708], [120.43156, -6.7099], [120.43098, -6.71198], [120.43075, -6.71268], [120.43075, -6.7132], [120.43033, -6.71376], [120.4301, -6.71409], [120.43003, -6.71433], [120.43005, -6.71485], [120.42957, -6.71569], [120.42947, -6.71592], [120.42917, -6.71639], [120.42887, -6.71654], [120.42859, -6.71686], [120.42849, -6.71704], [120.42827, -6.71743], [120.42814, -6.71732], [120.4282, -6.71715], [120.42827, -6.71707], [120.42827, -6.71695], [120.42829, -6.71691], [120.42826, -6.71682], [120.42822, -6.71665], [120.42824, -6.71646], [120.42821, -6.71615], [120.42818, -6.71594], [120.42834, -6.71566], [120.42838, -6.71538], [120.42834, -6.71524], [120.42827, -6.7151], [120.42828, -6.71499], [120.42839, -6.71481], [120.42841, -6.71468], [120.42844, -6.71453], [120.42845, -6.71439], [120.42841, -6.71433], [120.42852, -6.71415], [120.42856, -6.71408], [120.42857, -6.71397], [120.42855, -6.71383], [120.42861, -6.71372], [120.42859, -6.7136], [120.42859, -6.71341], [120.42863, -6.7132], [120.42874, -6.71313], [120.42879, -6.71301], [120.4287, -6.7128], [120.42863, -6.71275], [120.42869, -6.71269], [120.42867, -6.71259], [120.42868, -6.71246], [120.42867, -6.71221], [120.42873, -6.71202], [120.42879, -6.71187], [120.42873, -6.7118], [120.4288, -6.71159], [120.42877, -6.71135], [120.42883, -6.71102], [120.42894, -6.71064], [120.42894, -6.71036], [120.42894, -6.71011], [120.42897, -6.7098], [120.42909, -6.70954], [120.42915, -6.70931], [120.42923, -6.70911], [120.42937, -6.70889], [120.42941, -6.70878], [120.42947, -6.70872], [120.42961, -6.70827], [120.42975, -6.7081], [120.42979, -6.70795], [120.42984, -6.70785], [120.42975, -6.70765], [120.42974, -6.7074], [120.42988, -6.70724], [120.42988, -6.70723], [120.42995, -6.70708], [120.42988, -6.70697], [120.42987, -6.70676], [120.4298, -6.70656], [120.42983, -6.70645], [120.42998, -6.70648], [120.43003, -6.70638], [120.43006, -6.70626], [120.43004, -6.70614], [120.43003, -6.70598], [120.43007, -6.70594], [120.43002, -6.70588], [120.42995, -6.70584], [120.42998, -6.70571], [120.43007, -6.70564], [120.43007, -6.7056], [120.42999, -6.70548], [120.42993, -6.70541], [120.42998, -6.70533], [120.42998, -6.70523], [120.43006, -6.70517], [120.4301, -6.7051], [120.43009, -6.70497], [120.43009, -6.70485], [120.43012, -6.70475], [120.43014, -6.70454], [120.43019, -6.70443], [120.43021, -6.70429], [120.43026, -6.70415], [120.43034, -6.70387], [120.43041, -6.70378], [120.43047, -6.70368], [120.43046, -6.70355], [120.43049, -6.70327], [120.43047, -6.70301], [120.43049, -6.7028], [120.43057, -6.7027], [120.43066, -6.70265], [120.43064, -6.70259], [120.43059, -6.70242], [120.43052, -6.7023], [120.4304, -6.702], [120.43034, -6.70186], [120.43032, -6.70171], [120.43024, -6.70161], [120.4303, -6.70148], [120.43032, -6.70139], [120.43039, -6.70141], [120.43046, -6.70136], [120.43046, -6.70129], [120.43039, -6.70131], [120.43041, -6.70119], [120.43051, -6.70105], [120.43058, -6.70091], [120.43064, -6.70081], [120.43071, -6.70063], [120.43069, -6.70052], [120.43075, -6.70044], [120.43077, -6.7002], [120.43073, -6.69993], [120.4307, -6.69982], [120.43075, -6.69969], [120.43076, -6.69944], [120.43081, -6.69929], [120.43082, -6.69909], [120.43084, -6.69884], [120.43083, -6.69843], [120.43072, -6.6981], [120.43053, -6.69776], [120.43032, -6.69745], [120.43012, -6.69717], [120.42998, -6.69697], [120.42979, -6.6967], [120.42965, -6.6965], [120.42958, -6.69639], [120.42921, -6.69619], [120.42907, -6.6964], [120.42899, -6.6965], [120.42863, -6.69649], [120.42861, -6.69647], [120.42847, -6.69644], [120.42838, -6.69651], [120.42823, -6.69653], [120.42821, -6.69646], [120.42816, -6.69642], [120.42812, -6.69628], [120.42802, -6.69627], [120.42793, -6.69622], [120.42789, -6.69611], [120.42787, -6.69599], [120.42783, -6.69587], [120.42781, -6.69583], [120.42776, -6.69586], [120.4277, -6.69591], [120.42754, -6.6959], [120.42745, -6.69577], [120.42744, -6.69565], [120.42727, -6.69544], [120.42719, -6.69547], [120.42708, -6.69538], [120.42715, -6.69534], [120.42711, -6.69525], [120.427, -6.69513], [120.42702, -6.695], [120.42711, -6.6949], [120.42718, -6.69483], [120.42721, -6.69469], [120.42726, -6.69455], [120.42736, -6.69441], [120.42747, -6.69428], [120.42755, -6.6942], [120.42772, -6.6941], [120.42782, -6.69399], [120.42787, -6.69404], [120.42798, -6.69401], [120.42807, -6.69384], [120.42821, -6.69374], [120.42825, -6.69356], [120.42819, -6.69341], [120.42804, -6.6934], [120.42794, -6.69328], [120.42782, -6.69321], [120.42774, -6.69307], [120.42774, -6.69287], [120.42774, -6.69262], [120.4277, -6.69252], [120.42769, -6.69242], [120.42774, -6.69228], [120.42781, -6.6919], [120.42796, -6.69182], [120.42811, -6.69157], [120.4283, -6.69139], [120.42861, -6.69156], [120.4291, -6.69153], [120.42954, -6.69105], [120.42977, -6.69047], [120.42983, -6.69031], [120.43016, -6.68955], [120.43026, -6.68918], [120.43026, -6.68899], [120.43012, -6.68872], [120.43009, -6.68856], [120.43003, -6.68818], [120.42998, -6.68806], [120.42991, -6.6878], [120.42991, -6.68748], [120.43005, -6.68711], [120.43015, -6.68685], [120.43016, -6.68683], [120.42985, -6.68226], [120.42974, -6.67799], [120.42964, -6.67638], [120.42963, -6.67601], [120.42954, -6.67483], [120.42937, -6.67248], [120.42933, -6.67228], [120.42955, -6.67051], [120.42951, -6.66973], [120.42972, -6.66781], [120.42986, -6.66434], [120.42993, -6.66339], [120.42988, -6.66261], [120.42976, -6.66235], [120.42991, -6.6622], [120.42988, -6.66196], [120.42991, -6.66142], [120.42996, -6.66116], [120.43003, -6.6608], [120.43006, -6.66027], [120.43005, -6.6598], [120.43013, -6.65939], [120.43102, -6.6598], [120.432, -6.65932], [120.43231, -6.6593], [120.4331, -6.65907], [120.43408, -6.65905], [120.43487, -6.65917], [120.43517, -6.65904], [120.4357, -6.6596], [120.4358, -6.66008], [120.43617, -6.66072], [120.43673, -6.66131], [120.43718, -6.66178], [120.43759, -6.66249], [120.43797, -6.66306], [120.43832, -6.66392], [120.4385, -6.66413], [120.43885, -6.66476], [120.43901, -6.66634], [120.4391, -6.66682], [120.43937, -6.66751], [120.43947, -6.66792], [120.43937, -6.66838], [120.43919, -6.6685], [120.43919, -6.66914], [120.43922, -6.67015], [120.43913, -6.67069], [120.43925, -6.67128], [120.43907, -6.67186], [120.43894, -6.67215], [120.43892, -6.67301], [120.4389, -6.67401], [120.43878, -6.67533], [120.43859, -6.67625], [120.43843, -6.67737], [120.43826, -6.67826], [120.43813, -6.67909], [120.438, -6.67979], [120.43788, -6.68009], [120.43785, -6.68016], [120.4378, -6.68033], [120.43761, -6.68127], [120.43753, -6.68153], [120.43749, -6.68176], [120.4374, -6.68208], [120.43719, -6.68296], [120.43706, -6.68336], [120.43697, -6.68355], [120.43685, -6.68396], [120.43678, -6.68423]]], [[[120.27561, -6.68866], [120.27594, -6.68616], [120.27701, -6.68409], [120.27778, -6.68524], [120.27821, -6.68631], [120.27876, -6.68763], [120.2789, -6.68806], [120.27896, -6.68808], [120.27923, -6.68833], [120.27947, -6.68928], [120.27964, -6.6906], [120.27961, -6.69361], [120.27959, -6.69408], [120.27881, -6.69378], [120.27677, -6.69295], [120.27575, -6.69235], [120.27574, -6.69231], [120.27561, -6.68866]]], [[[120.42688, -6.65707], [120.42683, -6.65696], [120.42672, -6.65682], [120.42665, -6.65672], [120.42656, -6.65662], [120.42646, -6.65651], [120.42638, -6.65641], [120.42637, -6.65632], [120.42642, -6.65626], [120.42652, -6.65624], [120.42675, -6.65626], [120.42679, -6.65626], [120.42688, -6.65629], [120.42697, -6.65633], [120.42712, -6.6564], [120.42716, -6.65642], [120.42724, -6.65646], [120.4273, -6.65654], [120.42734, -6.65662], [120.42737, -6.65669], [120.42739, -6.65679], [120.42735, -6.65697], [120.42733, -6.65711], [120.42726, -6.65719], [120.42719, -6.65723], [120.4271, -6.65723], [120.42694, -6.65715], [120.42688, -6.65707]]]]}}, {"type": "Feature", "properties": {"id": "040.010.KAHU-KAHU", "nmkec": "Bontoharu", "nmdesa": "Kahu-Kahu", "kdkec": "040", "kddesa": "010", "dominan": "kelapa", "total_ha": 1100.2}, "geometry": {"type": "Polygon", "coordinates": [[[120.42012, -6.17397], [120.39404, -6.17349], [120.39404, -6.17329], [120.3939, -6.17317], [120.39388, -6.17307], [120.39402, -6.17294], [120.3943, -6.17304], [120.39451, -6.17232], [120.39461, -6.17047], [120.39448, -6.16958], [120.39447, -6.1684], [120.39445, -6.16804], [120.39447, -6.16779], [120.39458, -6.16735], [120.39477, -6.16689], [120.39477, -6.16659], [120.39467, -6.1664], [120.39475, -6.16613], [120.39496, -6.16539], [120.39515, -6.16491], [120.39531, -6.16412], [120.39563, -6.16319], [120.39574, -6.16281], [120.39562, -6.1627], [120.39581, -6.16265], [120.39607, -6.16267], [120.39632, -6.16255], [120.39651, -6.16246], [120.39701, -6.16225], [120.39726, -6.16174], [120.3973, -6.16148], [120.3974, -6.16133], [120.39753, -6.16126], [120.39774, -6.16125], [120.39799, -6.16122], [120.39813, -6.16124], [120.39826, -6.16108], [120.39828, -6.16096], [120.39865, -6.16072], [120.39911, -6.16043], [120.39937, -6.1603], [120.3996, -6.16019], [120.39971, -6.1601], [120.40016, -6.15993], [120.40046, -6.15885], [120.40072, -6.15722], [120.40087, -6.15643], [120.40083, -6.1563], [120.40086, -6.1562], [120.40133, -6.15604], [120.40161, -6.15498], [120.40194, -6.15337], [120.40206, -6.15173], [120.40223, -6.15008], [120.40268, -6.14792], [120.40282, -6.1471], [120.40312, -6.14567], [120.40356, -6.14391], [120.40383, -6.14254], [120.40396, -6.14178], [120.40408, -6.14092], [120.40428, -6.13968], [120.40448, -6.13824], [120.40462, -6.13689], [120.40488, -6.13574], [120.40525, -6.13403], [120.4055, -6.13285], [120.40565, -6.13203], [120.40589, -6.13096], [120.4061, -6.1299], [120.4063, -6.12909], [120.40635, -6.12853], [120.40653, -6.12858], [120.40658, -6.12859], [120.413, -6.13021], [120.4208, -6.13236], [120.4207, -6.13279], [120.42039, -6.13324], [120.42027, -6.13343], [120.41988, -6.134], [120.41987, -6.13407], [120.41971, -6.13418], [120.41972, -6.1343], [120.41954, -6.13452], [120.4193, -6.1348], [120.41884, -6.1353], [120.41868, -6.1354], [120.41843, -6.13551], [120.41831, -6.13575], [120.4184, -6.13579], [120.41839, -6.1359], [120.41819, -6.1361], [120.4181, -6.13617], [120.41795, -6.13632], [120.41787, -6.1365], [120.41776, -6.13676], [120.41756, -6.13724], [120.41742, -6.13742], [120.41738, -6.13761], [120.41724, -6.13779], [120.41711, -6.13803], [120.41695, -6.13802], [120.41699, -6.13813], [120.41691, -6.13838], [120.41678, -6.13834], [120.41677, -6.13825], [120.41664, -6.13844], [120.41658, -6.13889], [120.41656, -6.13903], [120.41649, -6.13974], [120.41648, -6.14025], [120.41648, -6.14064], [120.41647, -6.14133], [120.41645, -6.14154], [120.41642, -6.14215], [120.4164, -6.14278], [120.41643, -6.143], [120.41638, -6.14334], [120.41645, -6.14355], [120.41646, -6.14387], [120.41656, -6.1439], [120.41649, -6.14405], [120.41662, -6.14417], [120.41661, -6.14434], [120.41662, -6.14459], [120.41663, -6.14471], [120.41669, -6.14516], [120.41672, -6.14555], [120.41673, -6.14572], [120.41667, -6.14603], [120.41677, -6.14664], [120.41673, -6.14732], [120.41665, -6.1475], [120.41662, -6.1476], [120.41658, -6.14801], [120.41649, -6.14828], [120.41643, -6.14847], [120.41654, -6.14885], [120.4165, -6.14908], [120.41671, -6.14914], [120.4169, -6.14952], [120.41695, -6.14961], [120.4169, -6.14988], [120.41707, -6.15016], [120.41703, -6.15034], [120.41699, -6.15035], [120.41689, -6.15037], [120.41699, -6.15057], [120.41712, -6.15067], [120.41725, -6.15098], [120.41711, -6.15115], [120.41722, -6.15129], [120.41737, -6.15143], [120.41749, -6.15187], [120.41759, -6.15233], [120.41762, -6.15274], [120.41755, -6.15329], [120.41742, -6.1535], [120.41733, -6.15365], [120.41723, -6.15394], [120.4172, -6.15422], [120.41717, -6.15443], [120.41691, -6.15481], [120.41685, -6.1552], [120.4168, -6.15558], [120.41675, -6.15544], [120.41662, -6.1556], [120.41674, -6.15586], [120.41683, -6.15609], [120.41693, -6.15632], [120.41695, -6.15645], [120.41699, -6.15654], [120.41699, -6.15679], [120.41689, -6.15688], [120.41716, -6.15692], [120.4171, -6.15715], [120.41698, -6.15718], [120.41697, -6.15723], [120.41693, -6.15739], [120.417, -6.15761], [120.41699, -6.15777], [120.41695, -6.15788], [120.41702, -6.15804], [120.41713, -6.15814], [120.41722, -6.15833], [120.41738, -6.15846], [120.41756, -6.15868], [120.41764, -6.15874], [120.41784, -6.15885], [120.41787, -6.15901], [120.41798, -6.15906], [120.41799, -6.15938], [120.41792, -6.15969], [120.41793, -6.15975], [120.41814, -6.16037], [120.41821, -6.16082], [120.41828, -6.16109], [120.41837, -6.16127], [120.41839, -6.16145], [120.41855, -6.16227], [120.4186, -6.16254], [120.41871, -6.16281], [120.41875, -6.16299], [120.41871, -6.16316], [120.41864, -6.16329], [120.41867, -6.16351], [120.41874, -6.16368], [120.4188, -6.16381], [120.41869, -6.16394], [120.41879, -6.16395], [120.4188, -6.16409], [120.41893, -6.16408], [120.419, -6.16407], [120.41885, -6.16418], [120.41883, -6.16424], [120.41895, -6.16421], [120.41902, -6.16428], [120.41902, -6.16434], [120.41907, -6.16444], [120.41896, -6.1646], [120.419, -6.16474], [120.41914, -6.16481], [120.41917, -6.16489], [120.41907, -6.16505], [120.41913, -6.1652], [120.41933, -6.16526], [120.41951, -6.16537], [120.41951, -6.16551], [120.41948, -6.16564], [120.41958, -6.1657], [120.41964, -6.16578], [120.41957, -6.16589], [120.4197, -6.16597], [120.41971, -6.16614], [120.41979, -6.16627], [120.41964, -6.16644], [120.41973, -6.16673], [120.41985, -6.16706], [120.41992, -6.16709], [120.41991, -6.16723], [120.42001, -6.16731], [120.41992, -6.16756], [120.41996, -6.16784], [120.4201, -6.16826], [120.42012, -6.16847], [120.4202, -6.16872], [120.42025, -6.16894], [120.42032, -6.16902], [120.42032, -6.16922], [120.42025, -6.16937], [120.42017, -6.16953], [120.42038, -6.16979], [120.42053, -6.16999], [120.4206, -6.17009], [120.42056, -6.17025], [120.42064, -6.17035], [120.42079, -6.17034], [120.42086, -6.17038], [120.42084, -6.17047], [120.42078, -6.17056], [120.42076, -6.17075], [120.42092, -6.17089], [120.42091, -6.17103], [120.42097, -6.17117], [120.42117, -6.17157], [120.42121, -6.17166], [120.42134, -6.1718], [120.42151, -6.17194], [120.42145, -6.17217], [120.42147, -6.17222], [120.42153, -6.17232], [120.4216, -6.17251], [120.42174, -6.17247], [120.42193, -6.17243], [120.4221, -6.17237], [120.42206, -6.17267], [120.42208, -6.17286], [120.42196, -6.17309], [120.42194, -6.17326], [120.42203, -6.17343], [120.42195, -6.17369], [120.42194, -6.1739], [120.42189, -6.17397], [120.42167, -6.17397], [120.4206, -6.17397], [120.42012, -6.17397]]]}}, {"type": "Feature", "properties": {"id": "050.008.BATANGMATA_SAPO", "nmkec": "Bontomatene", "nmdesa": "Batangmata Sapo", "kdkec": "050", "kddesa": "008", "dominan": "kelapa", "total_ha": 2536.9}, "geometry": {"type": "Polygon", "coordinates": [[[120.52711, -5.94605], [120.5266, -5.94605], [120.52401, -5.94605], [120.50847, -5.94605], [120.50588, -5.94605], [120.50385, -5.946], [120.50365, -5.94595], [120.50341, -5.94589], [120.49026, -5.94589], [120.48467, -5.94589], [120.48361, -5.94507], [120.48269, -5.94445], [120.48238, -5.94423], [120.48027, -5.94139], [120.47982, -5.94134], [120.47831, -5.93918], [120.47831, -5.93768], [120.47831, -5.93579], [120.47831, -5.93579], [120.47844, -5.93545], [120.47921, -5.9335], [120.47922, -5.93348], [120.47972, -5.9322], [120.48108, -5.92963], [120.48214, -5.92721], [120.48298, -5.92507], [120.48351, -5.92211], [120.48377, -5.92073], [120.48409, -5.9189], [120.48425, -5.91737], [120.48427, -5.91689], [120.48636, -5.91777], [120.48821, -5.91782], [120.48879, -5.91813], [120.49189, -5.91825], [120.49358, -5.91897], [120.49923, -5.9218], [120.49979, -5.92293], [120.50016, -5.92339], [120.50063, -5.92365], [120.50178, -5.92431], [120.50757, -5.92589], [120.50884, -5.92624], [120.51169, -5.92677], [120.51528, -5.92718], [120.51863, -5.92748], [120.5245, -5.92797], [120.53187, -5.92818], [120.53549, -5.92795], [120.53747, -5.92757], [120.53749, -5.92759], [120.53501, -5.92958], [120.53408, -5.93044], [120.53339, -5.93204], [120.53222, -5.93476], [120.5314, -5.93625], [120.53062, -5.93768], [120.52989, -5.93902], [120.52869, -5.94168], [120.52867, -5.94168], [120.5282, -5.94272], [120.52781, -5.94359], [120.52716, -5.94591], [120.52711, -5.94605]]]}}, {"type": "Feature", "properties": {"id": "050.011.BONTONASALUK", "nmkec": "Bontomatene", "nmdesa": "Bontonasaluk", "kdkec": "050", "kddesa": "011", "dominan": "kelapa", "total_ha": 526.0}, "geometry": {"type": "Polygon", "coordinates": [[[120.53674, -5.92522], [120.53676, -5.92542], [120.53686, -5.92567], [120.53687, -5.92568], [120.53686, -5.92579], [120.53688, -5.92586], [120.53688, -5.92586], [120.53694, -5.92599], [120.53697, -5.92614], [120.53699, -5.92638], [120.537, -5.92658], [120.53718, -5.92678], [120.53729, -5.92675], [120.53749, -5.92673], [120.53761, -5.92676], [120.53766, -5.92689], [120.53762, -5.92705], [120.5375, -5.92707], [120.53741, -5.92732], [120.53741, -5.92733], [120.53739, -5.92742], [120.53747, -5.92757], [120.53549, -5.92795], [120.53187, -5.92818], [120.5245, -5.92797], [120.51863, -5.92748], [120.51528, -5.92718], [120.51169, -5.92677], [120.50884, -5.92624], [120.50757, -5.92589], [120.50178, -5.92431], [120.50063, -5.92365], [120.50016, -5.92339], [120.49979, -5.92293], [120.49923, -5.9218], [120.49358, -5.91897], [120.49189, -5.91825], [120.48879, -5.91813], [120.48821, -5.91782], [120.48636, -5.91777], [120.48427, -5.91689], [120.48427, -5.91687], [120.48431, -5.91576], [120.48428, -5.91473], [120.4843, -5.91343], [120.48431, -5.91334], [120.48439, -5.91269], [120.48439, -5.91269], [120.4844, -5.91268], [120.4844, -5.9126], [120.48448, -5.91164], [120.48477, -5.90793], [120.48484, -5.90714], [120.48491, -5.90619], [120.48508, -5.90414], [120.48548, -5.90409], [120.48546, -5.90387], [120.48542, -5.90318], [120.48528, -5.90105], [120.48552, -5.90046], [120.48552, -5.8982], [120.48592, -5.8981], [120.48583, -5.8967], [120.51372, -5.8967], [120.51518, -5.8967], [120.5328, -5.8967], [120.53281, -5.8967], [120.53293, -5.89671], [120.53293, -5.89671], [120.53306, -5.89672], [120.533, -5.89684], [120.53297, -5.89701], [120.533, -5.89715], [120.53297, -5.89726], [120.53279, -5.89734], [120.53278, -5.89739], [120.53273, -5.8974], [120.53269, -5.89747], [120.53276, -5.89752], [120.53275, -5.89754], [120.53275, -5.89779], [120.53269, -5.89802], [120.53275, -5.89828], [120.53275, -5.89854], [120.53273, -5.89862], [120.53266, -5.89862], [120.53262, -5.89871], [120.53253, -5.89894], [120.53244, -5.8992], [120.53239, -5.89934], [120.53234, -5.89957], [120.53236, -5.89969], [120.53228, -5.90012], [120.53223, -5.9005], [120.53221, -5.90073], [120.5324, -5.90123], [120.53254, -5.9016], [120.53257, -5.90179], [120.53262, -5.90183], [120.53272, -5.90197], [120.53287, -5.90196], [120.53289, -5.90198], [120.5328, -5.90207], [120.53275, -5.90219], [120.53284, -5.90228], [120.53271, -5.9025], [120.53265, -5.90267], [120.53279, -5.90275], [120.53268, -5.90288], [120.53251, -5.90291], [120.53251, -5.90294], [120.5325, -5.90315], [120.5325, -5.90318], [120.5325, -5.90337], [120.53249, -5.90359], [120.5325, -5.9039], [120.53247, -5.90432], [120.53249, -5.90462], [120.53252, -5.90464], [120.53256, -5.90476], [120.53254, -5.90488], [120.53261, -5.90509], [120.53268, -5.9052], [120.53286, -5.90507], [120.53303, -5.90508], [120.53306, -5.90503], [120.53312, -5.90499], [120.53337, -5.905], [120.53337, -5.905], [120.53337, -5.905], [120.53359, -5.90508], [120.53374, -5.90531], [120.53368, -5.90539], [120.53358, -5.90554], [120.53351, -5.90562], [120.53356, -5.90569], [120.53363, -5.90569], [120.53381, -5.90587], [120.5338, -5.90599], [120.53378, -5.90616], [120.53372, -5.90622], [120.53366, -5.90628], [120.53366, -5.90628], [120.53349, -5.9065], [120.53338, -5.90648], [120.53332, -5.90652], [120.53337, -5.90662], [120.53345, -5.90666], [120.53349, -5.90675], [120.53335, -5.90687], [120.5334, -5.907], [120.53361, -5.90703], [120.53373, -5.90706], [120.53388, -5.90702], [120.53404, -5.90707], [120.5341, -5.90724], [120.53416, -5.90736], [120.53417, -5.90749], [120.53424, -5.90766], [120.53428, -5.9077], [120.53427, -5.90788], [120.53432, -5.90801], [120.53434, -5.90815], [120.53436, -5.90822], [120.5343, -5.90833], [120.53424, -5.90845], [120.53427, -5.90852], [120.5343, -5.90859], [120.53425, -5.90866], [120.53425, -5.90866], [120.53428, -5.9087], [120.53415, -5.90884], [120.53415, -5.90884], [120.53405, -5.90896], [120.53378, -5.90894], [120.5337, -5.90902], [120.53375, -5.90909], [120.53383, -5.90909], [120.53392, -5.90913], [120.53401, -5.90917], [120.53412, -5.90923], [120.53418, -5.90927], [120.53422, -5.90934], [120.53424, -5.90941], [120.53423, -5.90953], [120.53427, -5.9096], [120.53431, -5.90966], [120.53431, -5.90974], [120.53435, -5.90984], [120.53434, -5.90991], [120.53429, -5.90997], [120.53425, -5.91004], [120.53427, -5.91017], [120.53419, -5.91033], [120.53414, -5.91037], [120.53411, -5.91034], [120.53411, -5.91021], [120.53407, -5.91016], [120.53404, -5.91016], [120.53394, -5.91009], [120.53378, -5.91006], [120.53376, -5.91007], [120.53363, -5.91014], [120.53353, -5.91014], [120.53339, -5.91026], [120.53335, -5.91032], [120.53327, -5.91033], [120.53323, -5.9104], [120.53319, -5.91051], [120.53316, -5.91051], [120.53313, -5.91064], [120.53307, -5.9109], [120.53305, -5.91112], [120.53304, -5.91136], [120.53306, -5.91148], [120.53312, -5.9116], [120.53311, -5.91174], [120.53316, -5.91195], [120.53324, -5.91203], [120.53334, -5.91208], [120.53344, -5.91199], [120.53362, -5.91205], [120.53366, -5.91202], [120.53386, -5.91208], [120.53406, -5.91211], [120.53415, -5.91213], [120.5342, -5.91218], [120.53421, -5.91223], [120.53436, -5.91233], [120.5345, -5.91231], [120.53462, -5.91242], [120.53465, -5.91245], [120.53463, -5.91253], [120.53455, -5.91254], [120.53443, -5.91264], [120.53441, -5.91269], [120.53439, -5.9127], [120.53435, -5.91271], [120.53435, -5.91271], [120.53434, -5.91271], [120.53429, -5.91279], [120.53417, -5.91289], [120.53411, -5.91292], [120.53413, -5.91298], [120.53422, -5.913], [120.53424, -5.91304], [120.53435, -5.91308], [120.53446, -5.91312], [120.53456, -5.91306], [120.53456, -5.91306], [120.53461, -5.91304], [120.53464, -5.91302], [120.53476, -5.91314], [120.53481, -5.91326], [120.53487, -5.91334], [120.53492, -5.91354], [120.5349, -5.91365], [120.535, -5.91374], [120.53495, -5.91388], [120.53493, -5.91393], [120.53502, -5.91404], [120.53497, -5.91414], [120.53501, -5.91423], [120.53499, -5.91437], [120.53491, -5.91445], [120.535, -5.91452], [120.53504, -5.91468], [120.53503, -5.91475], [120.53508, -5.91486], [120.53512, -5.915], [120.53517, -5.91504], [120.53522, -5.91518], [120.5352, -5.91527], [120.53514, -5.9153], [120.53503, -5.91547], [120.53502, -5.91553], [120.53508, -5.91578], [120.5352, -5.91581], [120.53525, -5.9159], [120.53517, -5.91605], [120.53524, -5.91617], [120.53532, -5.91629], [120.53535, -5.91642], [120.53526, -5.91661], [120.53522, -5.91664], [120.5352, -5.91671], [120.5352, -5.91679], [120.53514, -5.9169], [120.53523, -5.91702], [120.53527, -5.91716], [120.5353, -5.91727], [120.53542, -5.91733], [120.53549, -5.91747], [120.53548, -5.91762], [120.53543, -5.91772], [120.53533, -5.91782], [120.53521, -5.91787], [120.53508, -5.91785], [120.53508, -5.91785], [120.53493, -5.9179], [120.53503, -5.91804], [120.53507, -5.91822], [120.53509, -5.91837], [120.53506, -5.9186], [120.53503, -5.91872], [120.53495, -5.91881], [120.53485, -5.91905], [120.53484, -5.91906], [120.53476, -5.91914], [120.53461, -5.91929], [120.5346, -5.91943], [120.53487, -5.91956], [120.53498, -5.91965], [120.53512, -5.9198], [120.53517, -5.91987], [120.53516, -5.91996], [120.53508, -5.92017], [120.53506, -5.92031], [120.53524, -5.92034], [120.53529, -5.92038], [120.5353, -5.92046], [120.53529, -5.92052], [120.53522, -5.92055], [120.53515, -5.92054], [120.5351, -5.92064], [120.53508, -5.92076], [120.53503, -5.92085], [120.53492, -5.92094], [120.53492, -5.92094], [120.53492, -5.92094], [120.53489, -5.92097], [120.53484, -5.92102], [120.53481, -5.9211], [120.53484, -5.92117], [120.53495, -5.9212], [120.53495, -5.9212], [120.53498, -5.92119], [120.53505, -5.92118], [120.53512, -5.92116], [120.53536, -5.92131], [120.53551, -5.92142], [120.53561, -5.92149], [120.53568, -5.92164], [120.53572, -5.92181], [120.53565, -5.92186], [120.53573, -5.922], [120.53589, -5.92214], [120.53595, -5.92242], [120.536, -5.92272], [120.53597, -5.92281], [120.5357, -5.92295], [120.53569, -5.923], [120.53577, -5.92317], [120.53577, -5.92341], [120.53567, -5.92352], [120.53592, -5.92369], [120.53617, -5.9237], [120.53621, -5.92371], [120.53629, -5.92364], [120.53629, -5.92366], [120.53637, -5.92367], [120.53648, -5.92413], [120.53647, -5.92414], [120.53651, -5.92426], [120.53658, -5.92462], [120.53661, -5.92475], [120.53674, -5.92522]]]}}, {"type": "Feature", "properties": {"id": "051.001.KOHALA", "nmkec": "Buki", "nmdesa": "Kohala", "kdkec": "051", "kddesa": "001", "dominan": "kelapa", "total_ha": 1151.4}, "geometry": {"type": "Polygon", "coordinates": [[[120.48111, -6.01231], [120.47955, -6.01211], [120.47589, -6.01163], [120.47415, -6.0114], [120.47415, -6.0114], [120.4735, -6.01115], [120.46801, -6.01058], [120.46801, -6.01057], [120.46801, -6.01054], [120.4689, -6.00814], [120.46929, -6.0071], [120.4693, -6.0071], [120.4693, -6.0071], [120.46927, -6.00703], [120.46927, -6.00703], [120.46936, -6.00664], [120.46967, -6.00538], [120.47112, -6.00446], [120.4723, -6.00387], [120.47244, -6.0038], [120.47443, -6.0034], [120.47595, -6.00327], [120.47723, -6.00352], [120.47866, -6.0038], [120.47945, -6.00394], [120.48012, -6.00407], [120.48013, -6.00407], [120.48071, -6.00418], [120.48183, -6.00439], [120.48222, -6.00442], [120.48222, -6.00442], [120.48223, -6.00442], [120.48322, -6.00387], [120.48686, -6.00186], [120.48792, -6.00127], [120.48792, -6.00426], [120.48792, -6.00426], [120.48802, -6.00425], [120.48832, -6.00422], [120.48834, -6.00421], [120.49104, -6.00334], [120.49505, -6.00205], [120.49821, -6.00198], [120.49945, -6.00195], [120.50027, -6.00193], [120.50303, -6.00186], [120.50379, -6.00185], [120.50376, -5.99966], [120.50366, -5.9929], [120.50366, -5.9929], [120.50366, -5.9929], [120.50399, -5.99324], [120.5041, -5.99335], [120.50523, -5.99453], [120.50757, -5.99602], [120.50771, -5.99611], [120.50998, -5.99756], [120.5112, -5.99854], [120.51212, -5.99928], [120.51309, -5.99959], [120.51488, -6.00016], [120.51535, -6.00031], [120.51535, -6.00031], [120.51689, -6.00061], [120.52798, -6.00269], [120.52764, -6.00399], [120.52762, -6.00405], [120.52305, -6.0064], [120.52305, -6.0064], [120.51962, -6.00816], [120.51963, -6.00816], [120.51779, -6.00882], [120.51759, -6.00889], [120.51741, -6.00896], [120.51721, -6.00904], [120.5166, -6.00928], [120.51488, -6.00988], [120.51224, -6.011], [120.51103, -6.01109], [120.51016, -6.01116], [120.50966, -6.0112], [120.50754, -6.01114], [120.50754, -6.01115], [120.50754, -6.01225], [120.50754, -6.01225], [120.50754, -6.0122], [120.50753, -6.0122], [120.50748, -6.0122], [120.50724, -6.0122], [120.50568, -6.01269], [120.50428, -6.01382], [120.50278, -6.01425], [120.50184, -6.0142], [120.50129, -6.01418], [120.5006, -6.01396], [120.50029, -6.01387], [120.49925, -6.01358], [120.49805, -6.01326], [120.49566, -6.01261], [120.49252, -6.0127], [120.4898, -6.01278], [120.48831, -6.01283], [120.48575, -6.01291], [120.48518, -6.01284], [120.48518, -6.01284], [120.48479, -6.01278], [120.48317, -6.01258], [120.48317, -6.01258], [120.48111, -6.01231]]]}}, {"type": "Feature", "properties": {"id": "040.008.PUTABANGUN", "nmkec": "Bontoharu", "nmdesa": "Putabangun", "kdkec": "040", "kddesa": "008", "dominan": "kelapa", "total_ha": 2178.3}, "geometry": {"type": "Polygon", "coordinates": [[[120.52601, -6.12195], [120.5259, -6.12274], [120.52577, -6.12344], [120.52559, -6.12392], [120.52551, -6.12456], [120.52551, -6.12508], [120.52555, -6.12549], [120.52569, -6.12587], [120.52601, -6.12636], [120.5264, -6.12688], [120.52708, -6.12759], [120.52758, -6.12815], [120.52813, -6.12886], [120.52882, -6.12941], [120.52934, -6.12982], [120.53007, -6.13038], [120.53074, -6.13071], [120.53158, -6.13111], [120.53275, -6.13167], [120.53489, -6.13328], [120.53592, -6.13383], [120.53648, -6.13417], [120.53755, -6.13487], [120.53836, -6.13541], [120.53918, -6.13606], [120.53997, -6.1367], [120.54043, -6.13739], [120.54073, -6.13813], [120.54095, -6.13904], [120.54091, -6.13967], [120.54067, -6.14026], [120.54023, -6.14142], [120.53993, -6.14231], [120.53925, -6.14367], [120.53882, -6.14462], [120.53807, -6.14591], [120.53764, -6.14673], [120.53664, -6.1486], [120.53601, -6.14968], [120.53551, -6.15059], [120.53499, -6.15163], [120.53447, -6.15275], [120.53407, -6.15362], [120.52801, -6.15107], [120.52772, -6.15089], [120.52695, -6.15043], [120.52663, -6.15029], [120.5242, -6.14922], [120.51825, -6.14661], [120.51485, -6.14514], [120.51266, -6.14419], [120.51038, -6.1432], [120.50951, -6.14282], [120.507, -6.14173], [120.50529, -6.14061], [120.50456, -6.14014], [120.5017, -6.13834], [120.49502, -6.13694], [120.49486, -6.13691], [120.49459, -6.13685], [120.49328, -6.13619], [120.49241, -6.13575], [120.49075, -6.13491], [120.48945, -6.13425], [120.48556, -6.13229], [120.48431, -6.13166], [120.48324, -6.13112], [120.48258, -6.13075], [120.48221, -6.13054], [120.47959, -6.12907], [120.47775, -6.12804], [120.4755, -6.12677], [120.4753, -6.12667], [120.4753, -6.12531], [120.4753, -6.12181], [120.4753, -6.12014], [120.4753, -6.11933], [120.4753, -6.11876], [120.4753, -6.11616], [120.4753, -6.11472], [120.4753, -6.11354], [120.4753, -6.11354], [120.47512, -6.11356], [120.475, -6.11359], [120.47491, -6.11354], [120.47483, -6.11344], [120.4747, -6.11329], [120.4747, -6.11329], [120.47464, -6.11324], [120.47452, -6.11332], [120.4744, -6.11323], [120.47433, -6.11296], [120.47403, -6.11292], [120.47368, -6.11278], [120.47341, -6.11273], [120.47323, -6.11292], [120.47305, -6.11316], [120.473, -6.11323], [120.4729, -6.11333], [120.47281, -6.11321], [120.47269, -6.11307], [120.47265, -6.11293], [120.47247, -6.11281], [120.47233, -6.11289], [120.4723, -6.11262], [120.47213, -6.11243], [120.47207, -6.11236], [120.47205, -6.1124], [120.47199, -6.11239], [120.47199, -6.11239], [120.47188, -6.1123], [120.47175, -6.11232], [120.47138, -6.11201], [120.47112, -6.11201], [120.47077, -6.11181], [120.47046, -6.11177], [120.47012, -6.11167], [120.46969, -6.11167], [120.46946, -6.11139], [120.46927, -6.11132], [120.46921, -6.1113], [120.46921, -6.1113], [120.46922, -6.1113], [120.46922, -6.11127], [120.46937, -6.1107], [120.46956, -6.11046], [120.46956, -6.11046], [120.46957, -6.11046], [120.46985, -6.1101], [120.46949, -6.10967], [120.46945, -6.10962], [120.46944, -6.10856], [120.46944, -6.10755], [120.46943, -6.10683], [120.46943, -6.10575], [120.46943, -6.10534], [120.46943, -6.1051], [120.46942, -6.10369], [120.4694, -6.10065], [120.4694, -6.10042], [120.4694, -6.09936], [120.46939, -6.09783], [120.46939, -6.09626], [120.46938, -6.09479], [120.46936, -6.0917], [120.46936, -6.09164], [120.46936, -6.09164], [120.46936, -6.09153], [120.46944, -6.09148], [120.46959, -6.09144], [120.47017, -6.09126], [120.47106, -6.09073], [120.47138, -6.09057], [120.47138, -6.09057], [120.47151, -6.09052], [120.47193, -6.09049], [120.47252, -6.09043], [120.47287, -6.09053], [120.47312, -6.09068], [120.47312, -6.09068], [120.47312, -6.09068], [120.4733, -6.0908], [120.47343, -6.09105], [120.47347, -6.09138], [120.47336, -6.09171], [120.47323, -6.09198], [120.47323, -6.09242], [120.4733, -6.09266], [120.47347, -6.09283], [120.47372, -6.09306], [120.47395, -6.09314], [120.47425, -6.09324], [120.47455, -6.09332], [120.47467, -6.09317], [120.47481, -6.09298], [120.47494, -6.09284], [120.47499, -6.0928], [120.47522, -6.09261], [120.47525, -6.09259], [120.47541, -6.09249], [120.47564, -6.09243], [120.47581, -6.0925], [120.47588, -6.09274], [120.476, -6.093], [120.47616, -6.09314], [120.47634, -6.09309], [120.47662, -6.09289], [120.47689, -6.09297], [120.47696, -6.09301], [120.47709, -6.09312], [120.4772, -6.09327], [120.47724, -6.09331], [120.47745, -6.0933], [120.47752, -6.09332], [120.47758, -6.09335], [120.47771, -6.09341], [120.47789, -6.09358], [120.47804, -6.09366], [120.47829, -6.0937], [120.47858, -6.09365], [120.47893, -6.09366], [120.47928, -6.09364], [120.47959, -6.09353], [120.47983, -6.09348], [120.47995, -6.09341], [120.48001, -6.09342], [120.48001, -6.09343], [120.4801, -6.09345], [120.48016, -6.09354], [120.48013, -6.09365], [120.48018, -6.09368], [120.48029, -6.09367], [120.48055, -6.09358], [120.48077, -6.09349], [120.48103, -6.09342], [120.48114, -6.09339], [120.48114, -6.09339], [120.48124, -6.09327], [120.48116, -6.09311], [120.48113, -6.09294], [120.48122, -6.09279], [120.48151, -6.09261], [120.48169, -6.09241], [120.48192, -6.09202], [120.48223, -6.09194], [120.48258, -6.09195], [120.48275, -6.09196], [120.48326, -6.09205], [120.48371, -6.09224], [120.48395, -6.09249], [120.48403, -6.09262], [120.48408, -6.09274], [120.48409, -6.09288], [120.48401, -6.09309], [120.48389, -6.09321], [120.4837, -6.0934], [120.48365, -6.09356], [120.4837, -6.09371], [120.4838, -6.09389], [120.48396, -6.09401], [120.48416, -6.09402], [120.4845, -6.09394], [120.48471, -6.09387], [120.48483, -6.09383], [120.48518, -6.09368], [120.4856, -6.09351], [120.48592, -6.09332], [120.48609, -6.0931], [120.48626, -6.09296], [120.48626, -6.09296], [120.48653, -6.0928], [120.48679, -6.09284], [120.48679, -6.09285], [120.48681, -6.09308], [120.4868, -6.09334], [120.48681, -6.09362], [120.48686, -6.09381], [120.48696, -6.0939], [120.48713, -6.09391], [120.48732, -6.09388], [120.48749, -6.0937], [120.48772, -6.09351], [120.48772, -6.09351], [120.48797, -6.0933], [120.4881, -6.09307], [120.48842, -6.09284], [120.48894, -6.09261], [120.48946, -6.09245], [120.48983, -6.09237], [120.49013, -6.0925], [120.49027, -6.09271], [120.49027, -6.09303], [120.49023, -6.09328], [120.49018, -6.0934], [120.49014, -6.09346], [120.49014, -6.09347], [120.49009, -6.09354], [120.48986, -6.09345], [120.48971, -6.09345], [120.4895, -6.09335], [120.48931, -6.09336], [120.48928, -6.09359], [120.48938, -6.09383], [120.48953, -6.09404], [120.48976, -6.09433], [120.49008, -6.09462], [120.49029, -6.09475], [120.49059, -6.09478], [120.49059, -6.09478], [120.49068, -6.0948], [120.49089, -6.0949], [120.491, -6.09495], [120.49118, -6.0949], [120.49149, -6.09483], [120.49171, -6.0947], [120.49185, -6.09451], [120.49216, -6.09432], [120.49235, -6.09425], [120.49253, -6.09442], [120.49256, -6.09466], [120.49257, -6.09491], [120.49242, -6.09508], [120.49213, -6.09523], [120.49185, -6.09538], [120.49179, -6.09544], [120.49179, -6.09544], [120.49171, -6.09553], [120.49138, -6.09578], [120.49119, -6.09624], [120.4912, -6.09658], [120.49133, -6.09683], [120.49144, -6.09688], [120.49155, -6.0968], [120.49181, -6.09648], [120.49234, -6.0963], [120.49278, -6.09623], [120.49318, -6.09633], [120.49325, -6.09645], [120.49353, -6.09647], [120.49374, -6.09652], [120.49413, -6.09649], [120.49447, -6.09637], [120.49524, -6.09619], [120.49583, -6.09599], [120.49605, -6.09611], [120.49673, -6.0959], [120.4977, -6.09628], [120.49797, -6.09624], [120.49833, -6.09611], [120.49875, -6.09597], [120.49907, -6.09579], [120.49914, -6.09557], [120.50056, -6.09483], [120.50068, -6.09477], [120.50087, -6.09479], [120.50154, -6.09465], [120.50206, -6.09456], [120.50231, -6.09448], [120.50231, -6.09448], [120.50273, -6.09445], [120.50289, -6.09445], [120.50318, -6.09452], [120.50336, -6.09459], [120.50358, -6.09455], [120.50396, -6.09464], [120.50425, -6.09483], [120.50426, -6.09504], [120.50425, -6.09521], [120.50426, -6.09521], [120.50431, -6.09543], [120.5045, -6.09576], [120.50469, -6.0958], [120.50499, -6.09587], [120.50534, -6.09586], [120.50563, -6.09587], [120.50587, -6.09596], [120.50596, -6.09605], [120.50613, -6.09615], [120.50634, -6.09623], [120.50645, -6.09617], [120.50662, -6.09608], [120.50685, -6.0961], [120.50698, -6.09635], [120.50696, -6.09673], [120.50693, -6.09733], [120.50727, -6.09776], [120.5075, -6.09827], [120.50779, -6.09881], [120.50802, -6.09911], [120.50831, -6.09953], [120.5092, -6.10069], [120.50934, -6.10089], [120.50946, -6.10106], [120.5102, -6.10208], [120.51022, -6.1021], [120.51162, -6.10239], [120.51309, -6.10557], [120.5133, -6.10603], [120.51396, -6.10692], [120.51569, -6.1076], [120.51751, -6.109], [120.51845, -6.10908], [120.51938, -6.10951], [120.51959, -6.10963], [120.51958, -6.10964], [120.52328, -6.11184], [120.52487, -6.11722], [120.52644, -6.11933], [120.52645, -6.11943], [120.5265, -6.11942], [120.52644, -6.11962], [120.52618, -6.12067], [120.52623, -6.12113], [120.52601, -6.12195]]]}}, {"type": "Feature", "properties": {"id": "042.007.POLEBUNGIN", "nmkec": "Bontomanai", "nmdesa": "Polebungin", "kdkec": "042", "kddesa": "007", "dominan": "kelapa", "total_ha": 1527.1}, "geometry": {"type": "Polygon", "coordinates": [[[120.46783, -6.04081], [120.46252, -6.03592], [120.45691, -6.03592], [120.45682, -6.03329], [120.45677, -6.03151], [120.45668, -6.03016], [120.46061, -6.0302], [120.45995, -6.02667], [120.45995, -6.02666], [120.45971, -6.02537], [120.46088, -6.0244], [120.46429, -6.02157], [120.46429, -6.01893], [120.46429, -6.01805], [120.46427, -6.01707], [120.46427, -6.01676], [120.46427, -6.01667], [120.46427, -6.01667], [120.46892, -6.01668], [120.46892, -6.01668], [120.478, -6.01668], [120.47797, -6.01665], [120.47796, -6.01663], [120.47589, -6.01163], [120.47955, -6.01211], [120.48111, -6.01231], [120.48317, -6.01258], [120.48317, -6.01258], [120.48479, -6.01278], [120.48518, -6.01284], [120.48518, -6.01284], [120.48575, -6.01291], [120.48831, -6.01283], [120.4898, -6.01278], [120.49252, -6.0127], [120.49566, -6.01261], [120.49805, -6.01326], [120.49925, -6.01358], [120.50029, -6.01387], [120.5006, -6.01396], [120.50129, -6.01418], [120.50184, -6.0142], [120.50278, -6.01425], [120.50428, -6.01382], [120.50568, -6.01269], [120.50724, -6.0122], [120.50748, -6.0122], [120.50753, -6.0122], [120.50754, -6.0122], [120.50754, -6.01225], [120.50757, -6.01656], [120.50702, -6.01838], [120.50707, -6.01905], [120.50707, -6.01913], [120.50687, -6.0212], [120.51355, -6.0212], [120.51357, -6.0212], [120.51409, -6.0221], [120.51455, -6.02336], [120.51452, -6.02461], [120.51452, -6.02482], [120.51448, -6.02617], [120.51448, -6.02617], [120.51448, -6.02617], [120.51469, -6.02614], [120.51746, -6.02588], [120.5198, -6.02588], [120.52011, -6.02588], [120.5211, -6.02614], [120.52168, -6.02632], [120.52233, -6.02849], [120.5228, -6.03095], [120.52271, -6.03235], [120.52254, -6.03488], [120.52244, -6.03657], [120.52227, -6.03772], [120.52192, -6.04006], [120.52094, -6.04214], [120.52023, -6.04365], [120.51908, -6.04578], [120.51715, -6.04934], [120.51715, -6.04934], [120.51715, -6.04934], [120.51351, -6.04811], [120.50866, -6.04484], [120.50836, -6.04468], [120.50836, -6.04467], [120.50452, -6.04232], [120.5015, -6.04073], [120.50058, -6.04052], [120.49936, -6.04024], [120.49749, -6.03981], [120.49647, -6.03962], [120.49523, -6.03936], [120.49396, -6.0391], [120.49377, -6.03909], [120.49039, -6.03897], [120.48919, -6.03894], [120.48675, -6.03894], [120.48615, -6.03894], [120.48545, -6.03894], [120.48329, -6.03906], [120.48016, -6.03924], [120.47596, -6.03919], [120.47222, -6.03991], [120.46783, -6.04081], [120.46783, -6.04081]]]}}, {"type": "Feature", "properties": {"id": "030.009.HARAPAN", "nmkec": "Bontosikuyu", "nmdesa": "Harapan", "kdkec": "030", "kddesa": "009", "dominan": "kelapa", "total_ha": 1907.3}, "geometry": {"type": "MultiPolygon", "coordinates": [[[[120.53042, -6.24105], [120.52997, -6.24217], [120.52992, -6.24264], [120.52993, -6.24288], [120.52985, -6.24317], [120.52984, -6.24335], [120.52095, -6.24642], [120.48632, -6.25581], [120.48145, -6.25991], [120.48077, -6.26042], [120.47802, -6.26188], [120.47235, -6.26533], [120.46836, -6.26817], [120.46794, -6.26879], [120.46713, -6.26843], [120.46613, -6.26798], [120.46592, -6.26798], [120.46583, -6.26793], [120.46573, -6.26789], [120.46548, -6.2679], [120.46529, -6.26784], [120.46501, -6.26767], [120.46466, -6.26762], [120.4645, -6.26755], [120.46439, -6.26753], [120.46426, -6.26762], [120.46415, -6.26762], [120.46396, -6.2677], [120.46379, -6.26772], [120.46358, -6.26778], [120.46338, -6.26783], [120.46323, -6.2679], [120.46315, -6.26788], [120.46292, -6.26792], [120.46275, -6.26778], [120.46268, -6.26773], [120.46231, -6.26759], [120.46192, -6.2677], [120.46179, -6.26769], [120.46168, -6.26771], [120.46152, -6.2678], [120.46139, -6.26774], [120.4613, -6.2678], [120.46108, -6.2677], [120.46098, -6.26768], [120.46076, -6.26762], [120.46037, -6.26765], [120.46017, -6.26772], [120.45997, -6.2677], [120.45989, -6.26775], [120.45969, -6.2678], [120.45936, -6.26772], [120.45916, -6.26754], [120.45896, -6.26734], [120.45849, -6.26693], [120.45834, -6.26683], [120.45824, -6.26674], [120.45817, -6.26674], [120.45814, -6.26667], [120.45773, -6.26656], [120.45764, -6.26659], [120.4575, -6.26657], [120.45737, -6.26649], [120.45713, -6.26649], [120.45678, -6.26667], [120.45657, -6.26659], [120.45647, -6.26657], [120.45632, -6.26658], [120.45618, -6.2666], [120.45602, -6.26656], [120.45561, -6.26633], [120.45555, -6.26628], [120.45549, -6.2662], [120.45538, -6.26616], [120.45529, -6.26616], [120.45485, -6.26592], [120.45427, -6.26574], [120.45377, -6.26557], [120.4536, -6.26562], [120.45328, -6.26581], [120.45307, -6.26596], [120.45295, -6.26636], [120.45269, -6.26675], [120.4525, -6.26689], [120.45218, -6.26696], [120.45207, -6.26706], [120.45192, -6.2671], [120.45154, -6.26715], [120.45139, -6.26727], [120.45102, -6.26753], [120.45045, -6.26751], [120.45015, -6.26739], [120.44984, -6.26724], [120.44975, -6.2673], [120.44962, -6.26744], [120.4495, -6.26757], [120.44942, -6.26778], [120.44928, -6.26798], [120.44919, -6.26808], [120.44909, -6.26817], [120.44906, -6.26826], [120.44891, -6.26833], [120.4488, -6.26839], [120.44876, -6.26846], [120.44854, -6.26851], [120.4485, -6.26858], [120.44834, -6.26852], [120.44823, -6.26852], [120.44811, -6.26847], [120.44801, -6.26839], [120.44784, -6.26821], [120.44768, -6.26788], [120.44756, -6.26738], [120.44751, -6.26719], [120.44734, -6.2668], [120.44701, -6.26652], [120.44679, -6.26643], [120.44666, -6.2664], [120.44637, -6.26653], [120.44604, -6.26662], [120.44586, -6.26665], [120.44571, -6.26666], [120.4457, -6.26662], [120.44576, -6.2665], [120.4458, -6.26635], [120.44574, -6.26618], [120.44561, -6.26603], [120.44558, -6.26595], [120.44555, -6.26574], [120.44565, -6.26564], [120.44577, -6.26543], [120.4459, -6.26528], [120.44577, -6.26501], [120.44569, -6.26498], [120.4457, -6.26488], [120.44576, -6.26467], [120.44522, -6.26385], [120.44506, -6.26376], [120.44505, -6.26364], [120.44512, -6.26361], [120.44516, -6.26343], [120.4451, -6.26325], [120.44524, -6.26315], [120.44521, -6.26298], [120.44517, -6.26289], [120.4452, -6.26277], [120.4452, -6.26255], [120.4452, -6.26236], [120.44501, -6.26169], [120.44483, -6.26152], [120.44477, -6.26135], [120.44465, -6.26111], [120.4447, -6.26089], [120.44478, -6.26067], [120.44463, -6.26012], [120.44453, -6.26009], [120.44439, -6.26009], [120.44426, -6.25999], [120.44415, -6.26001], [120.44405, -6.25996], [120.44398, -6.25992], [120.44391, -6.25976], [120.44386, -6.25959], [120.44363, -6.25949], [120.44359, -6.25949], [120.4435, -6.25933], [120.44339, -6.25906], [120.44357, -6.25893], [120.44362, -6.25876], [120.44362, -6.25812], [120.44355, -6.25806], [120.44345, -6.258], [120.44321, -6.25785], [120.44318, -6.25767], [120.44338, -6.25754], [120.44327, -6.25736], [120.44313, -6.25733], [120.44305, -6.25718], [120.44294, -6.25706], [120.44297, -6.25691], [120.44286, -6.25682], [120.4427, -6.25676], [120.44254, -6.25661], [120.44245, -6.25643], [120.44242, -6.25634], [120.44254, -6.25623], [120.44268, -6.25635], [120.4429, -6.2563], [120.44297, -6.25611], [120.44311, -6.25589], [120.44327, -6.25589], [120.44353, -6.25592], [120.44355, -6.25546], [120.4435, -6.25539], [120.44353, -6.25511], [120.44374, -6.25496], [120.44394, -6.25483], [120.44391, -6.25454], [120.44397, -6.25443], [120.44398, -6.25436], [120.44388, -6.25382], [120.4439, -6.25357], [120.44391, -6.25335], [120.44412, -6.25316], [120.44433, -6.25304], [120.44453, -6.25274], [120.44488, -6.25176], [120.44493, -6.25109], [120.4449, -6.25076], [120.44497, -6.25048], [120.44483, -6.25027], [120.44474, -6.25028], [120.44466, -6.2503], [120.44451, -6.2502], [120.44444, -6.25013], [120.4444, -6.24994], [120.44439, -6.24979], [120.44449, -6.24972], [120.44462, -6.24966], [120.44473, -6.24982], [120.44481, -6.24993], [120.44494, -6.24998], [120.44542, -6.24968], [120.44549, -6.24934], [120.44568, -6.24931], [120.44585, -6.24926], [120.44605, -6.24914], [120.44644, -6.24821], [120.44666, -6.24776], [120.4469, -6.24732], [120.44708, -6.24684], [120.44712, -6.24677], [120.44726, -6.24647], [120.44722, -6.24607], [120.44732, -6.24571], [120.44746, -6.2451], [120.44747, -6.24379], [120.44737, -6.24315], [120.44722, -6.24311], [120.44716, -6.24288], [120.44729, -6.24276], [120.44728, -6.24193], [120.4472, -6.24177], [120.44704, -6.24178], [120.44691, -6.24173], [120.44678, -6.24155], [120.44673, -6.24126], [120.44679, -6.24105], [120.44672, -6.24078], [120.4466, -6.24055], [120.44659, -6.24032], [120.44667, -6.24025], [120.44679, -6.24017], [120.44689, -6.24012], [120.44691, -6.24003], [120.44887, -6.23971], [120.46268, -6.23756], [120.46511, -6.23618], [120.46784, -6.23485], [120.47053, -6.23469], [120.47452, -6.23462], [120.47904, -6.23473], [120.48035, -6.23456], [120.48454, -6.23359], [120.49427, -6.23503], [120.50087, -6.23719], [120.50429, -6.23816], [120.51073, -6.23501], [120.51387, -6.23584], [120.51731, -6.23531], [120.52143, -6.2318], [120.5248, -6.2291], [120.52658, -6.22862], [120.52686, -6.22857], [120.52731, -6.22923], [120.52748, -6.2293], [120.52755, -6.22926], [120.52754, -6.22916], [120.52768, -6.22916], [120.52776, -6.22922], [120.52783, -6.22915], [120.52794, -6.22911], [120.528, -6.22906], [120.52817, -6.22922], [120.52832, -6.2293], [120.52855, -6.22939], [120.52881, -6.22939], [120.52914, -6.22954], [120.52922, -6.2299], [120.52928, -6.23025], [120.5292, -6.23042], [120.52902, -6.23067], [120.52865, -6.23082], [120.5285, -6.23093], [120.52836, -6.23098], [120.52823, -6.23113], [120.52803, -6.23136], [120.52803, -6.23144], [120.5281, -6.23148], [120.52816, -6.23158], [120.52792, -6.23161], [120.52785, -6.23164], [120.52769, -6.23226], [120.52771, -6.23309], [120.52781, -6.23343], [120.52801, -6.23352], [120.52825, -6.23346], [120.5283, -6.2336], [120.52823, -6.2337], [120.5285, -6.23384], [120.52845, -6.23416], [120.52861, -6.23457], [120.52875, -6.23446], [120.52895, -6.23449], [120.52895, -6.23432], [120.52935, -6.23443], [120.52927, -6.23457], [120.52946, -6.23455], [120.52961, -6.23448], [120.52978, -6.23446], [120.53008, -6.23446], [120.53022, -6.23439], [120.53041, -6.23445], [120.53061, -6.23477], [120.53075, -6.23489], [120.53106, -6.23509], [120.53126, -6.23551], [120.53102, -6.23604], [120.5309, -6.23659], [120.53089, -6.23697], [120.53056, -6.23727], [120.53029, -6.23746], [120.53005, -6.23759], [120.53003, -6.23876], [120.53052, -6.24003], [120.53086, -6.24024], [120.53111, -6.24048], [120.53098, -6.24071], [120.53057, -6.24099], [120.53042, -6.24105]]], [[[120.44636, -6.24643], [120.44627, -6.24638], [120.44621, -6.2463], [120.44616, -6.24625], [120.44616, -6.24618], [120.44627, -6.24616], [120.44642, -6.24618], [120.44649, -6.24622], [120.4466, -6.24624], [120.44666, -6.24628], [120.44671, -6.24635], [120.44676, -6.2464], [120.44681, -6.24644], [120.44684, -6.24648], [120.44684, -6.24648], [120.44684, -6.24648], [120.44683, -6.24652], [120.4468, -6.24654], [120.44677, -6.24655], [120.44676, -6.24659], [120.44674, -6.24661], [120.4467, -6.24659], [120.44667, -6.24658], [120.44667, -6.24661], [120.44666, -6.24663], [120.44657, -6.24658], [120.44645, -6.24648], [120.44636, -6.24643]]]]}}, {"type": "Feature", "properties": {"id": "030.008.LAIYOLO_BARU", "nmkec": "Bontosikuyu", "nmdesa": "Laiyolo Baru", "kdkec": "030", "kddesa": "008", "dominan": "kelapa", "total_ha": 2293.8}, "geometry": {"type": "Polygon", "coordinates": [[[120.52339, -6.28155], [120.51833, -6.28215], [120.51248, -6.28201], [120.51015, -6.28145], [120.50726, -6.28152], [120.50415, -6.28243], [120.50055, -6.28427], [120.49611, -6.2854], [120.49202, -6.28511], [120.48722, -6.28476], [120.48426, -6.28504], [120.48165, -6.28645], [120.48101, -6.28679], [120.48059, -6.28697], [120.48024, -6.28713], [120.48034, -6.28681], [120.48063, -6.28544], [120.48064, -6.28526], [120.48066, -6.28509], [120.48065, -6.28492], [120.48074, -6.28412], [120.48066, -6.28403], [120.48065, -6.28389], [120.48066, -6.28377], [120.48065, -6.28364], [120.48058, -6.28358], [120.48067, -6.28327], [120.48075, -6.28315], [120.48068, -6.28308], [120.4806, -6.28234], [120.48053, -6.2821], [120.48054, -6.28196], [120.48045, -6.2819], [120.48041, -6.28175], [120.48034, -6.28157], [120.48028, -6.28153], [120.48024, -6.28144], [120.4802, -6.28135], [120.48019, -6.28119], [120.48006, -6.28055], [120.47983, -6.28006], [120.47969, -6.27975], [120.47951, -6.27941], [120.47947, -6.2793], [120.47942, -6.27925], [120.47938, -6.27915], [120.47931, -6.27906], [120.47933, -6.27898], [120.47924, -6.27886], [120.47919, -6.27877], [120.47918, -6.27868], [120.47911, -6.27849], [120.47901, -6.27837], [120.47885, -6.27821], [120.47855, -6.27783], [120.47825, -6.27756], [120.47793, -6.27729], [120.47765, -6.27712], [120.47739, -6.27699], [120.47724, -6.27701], [120.47717, -6.27693], [120.4771, -6.27689], [120.47709, -6.27689], [120.47676, -6.27673], [120.47631, -6.27657], [120.47613, -6.27646], [120.47591, -6.27651], [120.47586, -6.27657], [120.47577, -6.27652], [120.47561, -6.27644], [120.47539, -6.27639], [120.47518, -6.27639], [120.47496, -6.27639], [120.47478, -6.27605], [120.47474, -6.27588], [120.47472, -6.27572], [120.47467, -6.27554], [120.47468, -6.27542], [120.47466, -6.27523], [120.47471, -6.27506], [120.47475, -6.2749], [120.47453, -6.2748], [120.47418, -6.2744], [120.47396, -6.27365], [120.47384, -6.27331], [120.47372, -6.27299], [120.47359, -6.27272], [120.47311, -6.27198], [120.47237, -6.27105], [120.47215, -6.2708], [120.4718, -6.27057], [120.47161, -6.27058], [120.47155, -6.27056], [120.4714, -6.27054], [120.47136, -6.27048], [120.47128, -6.27048], [120.47119, -6.2704], [120.47104, -6.27039], [120.47064, -6.27021], [120.47022, -6.27006], [120.46963, -6.2697], [120.46922, -6.26937], [120.46908, -6.26927], [120.46891, -6.26918], [120.46876, -6.26906], [120.4686, -6.26898], [120.46836, -6.26891], [120.46825, -6.26893], [120.46812, -6.26885], [120.46794, -6.26879], [120.46795, -6.26876], [120.46836, -6.26817], [120.47187, -6.26567], [120.47474, -6.26374], [120.47802, -6.26188], [120.48041, -6.26064], [120.48078, -6.26041], [120.48145, -6.25991], [120.48364, -6.25693], [120.48821, -6.2558], [120.52095, -6.24642], [120.52902, -6.24351], [120.52984, -6.24335], [120.52988, -6.24354], [120.52981, -6.24364], [120.52993, -6.24418], [120.53031, -6.24515], [120.53113, -6.24584], [120.53171, -6.24628], [120.53208, -6.24656], [120.53234, -6.2466], [120.53282, -6.24623], [120.53301, -6.24611], [120.53322, -6.24594], [120.53348, -6.2458], [120.53389, -6.24571], [120.53416, -6.24584], [120.53402, -6.24602], [120.5343, -6.24605], [120.5347, -6.24573], [120.53483, -6.24577], [120.53504, -6.24555], [120.53561, -6.24552], [120.53591, -6.24555], [120.53644, -6.2456], [120.53673, -6.24562], [120.53714, -6.24579], [120.53743, -6.2458], [120.53773, -6.2459], [120.53788, -6.24625], [120.53802, -6.24631], [120.5381, -6.24656], [120.53824, -6.24677], [120.53839, -6.24711], [120.53846, -6.24746], [120.53851, -6.24776], [120.53855, -6.24802], [120.53855, -6.24822], [120.53859, -6.24846], [120.53867, -6.24878], [120.53872, -6.24901], [120.53856, -6.24928], [120.53873, -6.25005], [120.5388, -6.25035], [120.53885, -6.2507], [120.53884, -6.25096], [120.5388, -6.25129], [120.53861, -6.25154], [120.53844, -6.25213], [120.53847, -6.25244], [120.53838, -6.25252], [120.5386, -6.25271], [120.53863, -6.25283], [120.53861, -6.25297], [120.53866, -6.25307], [120.53862, -6.25327], [120.53862, -6.25349], [120.53856, -6.25368], [120.53847, -6.25384], [120.53837, -6.25392], [120.53841, -6.25414], [120.53821, -6.25417], [120.53806, -6.25413], [120.53753, -6.25473], [120.5373, -6.25493], [120.53684, -6.25509], [120.53656, -6.25576], [120.53651, -6.25603], [120.5364, -6.25648], [120.53641, -6.25664], [120.53634, -6.25676], [120.53619, -6.25705], [120.536, -6.25769], [120.53585, -6.25817], [120.53567, -6.25865], [120.53577, -6.25871], [120.53577, -6.2588], [120.53564, -6.25885], [120.53555, -6.25898], [120.53534, -6.25934], [120.53529, -6.25985], [120.53529, -6.26052], [120.53528, -6.26103], [120.53484, -6.26178], [120.53467, -6.26227], [120.53451, -6.26276], [120.53492, -6.26335], [120.53445, -6.26585], [120.53431, -6.26634], [120.53432, -6.26686], [120.5343, -6.26716], [120.53449, -6.26865], [120.53452, -6.26898], [120.5349, -6.26973], [120.53497, -6.26978], [120.53513, -6.27013], [120.53603, -6.27075], [120.53622, -6.27054], [120.53629, -6.27058], [120.53661, -6.27066], [120.53681, -6.27073], [120.53693, -6.27072], [120.53707, -6.27086], [120.53707, -6.27086], [120.53728, -6.27094], [120.53743, -6.27122], [120.53741, -6.27133], [120.53749, -6.27134], [120.53764, -6.27154], [120.53775, -6.27181], [120.53776, -6.27209], [120.53753, -6.27218], [120.53741, -6.27218], [120.53732, -6.27223], [120.53721, -6.27244], [120.53699, -6.27244], [120.53686, -6.27247], [120.53675, -6.27252], [120.53664, -6.27264], [120.53648, -6.27274], [120.53614, -6.27364], [120.53652, -6.2749], [120.53675, -6.27498], [120.53692, -6.27519], [120.5372, -6.27524], [120.53739, -6.27526], [120.53753, -6.27527], [120.53787, -6.27534], [120.53806, -6.27541], [120.53831, -6.27573], [120.53812, -6.27596], [120.53824, -6.27645], [120.53845, -6.27709], [120.53846, -6.27733], [120.53861, -6.27776], [120.53863, -6.27803], [120.53877, -6.27822], [120.53886, -6.27839], [120.53888, -6.27858], [120.53896, -6.27872], [120.5391, -6.2788], [120.53919, -6.27904], [120.53928, -6.27917], [120.53934, -6.27931], [120.53929, -6.27944], [120.53916, -6.27958], [120.53926, -6.27967], [120.53938, -6.27981], [120.53933, -6.27995], [120.53932, -6.28005], [120.53926, -6.28012], [120.53929, -6.28032], [120.53939, -6.28038], [120.53932, -6.28052], [120.53923, -6.28065], [120.53914, -6.28088], [120.53905, -6.28103], [120.53884, -6.2812], [120.53887, -6.28142], [120.53887, -6.28168], [120.53876, -6.28193], [120.53877, -6.2821], [120.53874, -6.28235], [120.53855, -6.28239], [120.53849, -6.28225], [120.53833, -6.28229], [120.53821, -6.28233], [120.53798, -6.28244], [120.53785, -6.28278], [120.5377, -6.28315], [120.53746, -6.28343], [120.53745, -6.28343], [120.53399, -6.28257], [120.53004, -6.28138], [120.52374, -6.28154], [120.52339, -6.28155]]]}}, {"type": "Feature", "properties": {"id": "042.004.BONEA_TIMUR", "nmkec": "Bontomanai", "nmdesa": "Bonea Timur", "kdkec": "042", "kddesa": "004", "dominan": "kelapa", "total_ha": 2527.6}, "geometry": {"type": "Polygon", "coordinates": [[[120.52329, -6.05517], [120.52329, -6.05516], [120.52328, -6.05517], [120.51741, -6.05606], [120.51418, -6.05702], [120.51053, -6.05232], [120.50757, -6.05077], [120.50757, -6.05077], [120.50196, -6.054], [120.5002, -6.0512], [120.49953, -6.04894], [120.49945, -6.0453], [120.49936, -6.04024], [120.50058, -6.04052], [120.50452, -6.04232], [120.50836, -6.04468], [120.51351, -6.04811], [120.51715, -6.04934], [120.51908, -6.04578], [120.52094, -6.04214], [120.52227, -6.03772], [120.52254, -6.03488], [120.5228, -6.03095], [120.52168, -6.02632], [120.52573, -6.0274], [120.5311, -6.02736], [120.53287, -6.0274], [120.53617, -6.02753], [120.53771, -6.02746], [120.54087, -6.02733], [120.54325, -6.02693], [120.54549, -6.02687], [120.54913, -6.027], [120.55349, -6.02753], [120.55851, -6.0268], [120.56539, -6.0323], [120.56565, -6.03243], [120.56592, -6.03271], [120.56604, -6.03335], [120.56616, -6.0336], [120.56614, -6.03398], [120.56617, -6.0343], [120.56601, -6.03438], [120.5658, -6.03468], [120.56575, -6.03503], [120.56596, -6.03521], [120.56615, -6.03546], [120.56619, -6.03626], [120.56606, -6.03671], [120.56619, -6.03712], [120.56631, -6.03716], [120.56653, -6.0374], [120.56659, -6.0381], [120.56664, -6.03886], [120.56672, -6.03938], [120.5668, -6.03986], [120.56674, -6.0403], [120.56659, -6.04049], [120.56664, -6.04064], [120.56695, -6.04111], [120.5669, -6.04188], [120.56696, -6.04483], [120.56691, -6.04634], [120.56688, -6.04735], [120.56709, -6.04802], [120.56676, -6.04879], [120.56646, -6.04885], [120.56625, -6.04874], [120.56606, -6.0489], [120.56589, -6.04931], [120.5659, -6.04979], [120.56581, -6.04984], [120.56589, -6.04999], [120.56605, -6.05012], [120.5663, -6.05017], [120.56627, -6.05031], [120.56681, -6.05082], [120.56694, -6.05087], [120.56689, -6.05093], [120.56701, -6.05121], [120.56706, -6.05108], [120.56714, -6.0511], [120.56721, -6.05123], [120.5673, -6.0513], [120.56741, -6.05143], [120.56759, -6.05169], [120.56766, -6.05185], [120.56774, -6.05192], [120.56772, -6.05216], [120.56765, -6.05221], [120.56766, -6.05244], [120.56775, -6.05258], [120.56778, -6.05259], [120.56784, -6.05261], [120.56814, -6.05308], [120.5683, -6.0534], [120.56834, -6.05365], [120.56831, -6.05392], [120.56833, -6.05426], [120.56833, -6.05457], [120.56832, -6.055], [120.56833, -6.05528], [120.56841, -6.05594], [120.56815, -6.05653], [120.56793, -6.05683], [120.56764, -6.05734], [120.56759, -6.05761], [120.56749, -6.05769], [120.56744, -6.05799], [120.5671, -6.05827], [120.56692, -6.05856], [120.56664, -6.05885], [120.56639, -6.05902], [120.56621, -6.05909], [120.56599, -6.05905], [120.56588, -6.05913], [120.56597, -6.0592], [120.56608, -6.05929], [120.56619, -6.0594], [120.56629, -6.05956], [120.5662, -6.0598], [120.56609, -6.06008], [120.56608, -6.06016], [120.56599, -6.06028], [120.56588, -6.06036], [120.56578, -6.06057], [120.56571, -6.06074], [120.5654, -6.06111], [120.56523, -6.06137], [120.56506, -6.06148], [120.56511, -6.0617], [120.56505, -6.06196], [120.56495, -6.06199], [120.56477, -6.062], [120.56477, -6.06214], [120.56472, -6.06226], [120.56475, -6.06238], [120.56466, -6.06247], [120.56458, -6.06267], [120.56438, -6.06283], [120.56417, -6.06282], [120.56407, -6.06279], [120.5639, -6.06293], [120.56381, -6.06313], [120.56357, -6.06311], [120.56344, -6.06316], [120.56338, -6.06324], [120.56318, -6.06322], [120.56294, -6.06333], [120.56277, -6.06352], [120.56257, -6.0637], [120.56241, -6.0637], [120.5623, -6.06393], [120.56223, -6.06421], [120.56231, -6.06444], [120.56249, -6.06457], [120.56263, -6.06463], [120.56274, -6.06464], [120.56275, -6.06483], [120.56295, -6.06511], [120.56288, -6.06553], [120.56278, -6.06588], [120.56277, -6.06603], [120.5626, -6.06609], [120.56251, -6.06617], [120.56236, -6.06628], [120.56203, -6.06632], [120.56181, -6.06627], [120.56168, -6.06621], [120.56167, -6.06614], [120.56169, -6.06599], [120.5616, -6.06586], [120.56143, -6.06573], [120.56132, -6.06569], [120.56135, -6.06551], [120.56117, -6.06546], [120.56094, -6.06537], [120.56061, -6.06523], [120.56042, -6.06499], [120.56026, -6.06491], [120.56015, -6.06488], [120.55978, -6.06485], [120.55947, -6.06483], [120.55925, -6.06484], [120.55901, -6.06483], [120.55897, -6.06477], [120.5589, -6.0647], [120.55896, -6.0647], [120.55931, -6.06437], [120.55933, -6.06402], [120.55914, -6.06376], [120.55881, -6.06354], [120.55855, -6.06348], [120.55849, -6.06345], [120.55832, -6.06354], [120.55826, -6.0636], [120.55821, -6.06383], [120.55804, -6.06391], [120.55788, -6.06409], [120.55771, -6.06417], [120.55743, -6.06416], [120.55693, -6.06405], [120.55661, -6.0638], [120.55627, -6.06358], [120.55583, -6.06345], [120.55563, -6.0635], [120.55555, -6.06364], [120.55525, -6.06397], [120.55515, -6.06422], [120.55529, -6.06437], [120.55539, -6.06455], [120.55543, -6.06473], [120.55589, -6.06525], [120.55587, -6.0655], [120.55571, -6.06573], [120.55579, -6.06595], [120.55581, -6.06601], [120.55595, -6.06613], [120.55623, -6.06633], [120.55644, -6.06664], [120.55667, -6.06708], [120.55685, -6.06724], [120.55684, -6.0676], [120.55717, -6.06778], [120.55707, -6.0684], [120.55698, -6.06896], [120.55705, -6.0693], [120.55723, -6.06984], [120.5575, -6.07045], [120.55758, -6.0707], [120.55712, -6.071], [120.55694, -6.07111], [120.55689, -6.07131], [120.55669, -6.07139], [120.55644, -6.07151], [120.55641, -6.07165], [120.55625, -6.0717], [120.55612, -6.07179], [120.55594, -6.07221], [120.55575, -6.07261], [120.55552, -6.07289], [120.5553, -6.07284], [120.5552, -6.07283], [120.55506, -6.07303], [120.55508, -6.07351], [120.55541, -6.07372], [120.55558, -6.07378], [120.55564, -6.07381], [120.55609, -6.07411], [120.5566, -6.07443], [120.55691, -6.07484], [120.55687, -6.07521], [120.55664, -6.07552], [120.5564, -6.07552], [120.55632, -6.07547], [120.55633, -6.07539], [120.55628, -6.07531], [120.55607, -6.07527], [120.55595, -6.0753], [120.55566, -6.07534], [120.55548, -6.07541], [120.55513, -6.07542], [120.55489, -6.07533], [120.55473, -6.07524], [120.55461, -6.07523], [120.55447, -6.07525], [120.55424, -6.07522], [120.55418, -6.07536], [120.55401, -6.07543], [120.55379, -6.0754], [120.55369, -6.07555], [120.55333, -6.07544], [120.55307, -6.07541], [120.55298, -6.07533], [120.55293, -6.07524], [120.55268, -6.07514], [120.55242, -6.07491], [120.55229, -6.07496], [120.55219, -6.07486], [120.55196, -6.07484], [120.55185, -6.07478], [120.55169, -6.0747], [120.54879, -6.07314], [120.54708, -6.07222], [120.54153, -6.0701], [120.53585, -6.06793], [120.53585, -6.069], [120.535, -6.06941], [120.53416, -6.06943], [120.53416, -6.06744], [120.53416, -6.06744], [120.53163, -6.06577], [120.52329, -6.05517]]]}}, {"type": "Feature", "properties": {"id": "051.006.MEKAR_INDAH", "nmkec": "Buki", "nmdesa": "Mekar Indah", "kdkec": "051", "kddesa": "006", "dominan": "kelapa", "total_ha": 2034.6}, "geometry": {"type": "Polygon", "coordinates": [[[120.44933, -5.99074], [120.44929, -5.99023], [120.44932, -5.99019], [120.44931, -5.99004], [120.44929, -5.98991], [120.44929, -5.98966], [120.44927, -5.98949], [120.44924, -5.98939], [120.44927, -5.98928], [120.44924, -5.98877], [120.44929, -5.98768], [120.44929, -5.98751], [120.44929, -5.98721], [120.44931, -5.98707], [120.44929, -5.98704], [120.44929, -5.98696], [120.4493, -5.98684], [120.44934, -5.98656], [120.44938, -5.9864], [120.44944, -5.98622], [120.44941, -5.98616], [120.44941, -5.98609], [120.4495, -5.9857], [120.44955, -5.98544], [120.4496, -5.98515], [120.44963, -5.98495], [120.44967, -5.98464], [120.44975, -5.98437], [120.44986, -5.98397], [120.44991, -5.98379], [120.45001, -5.98348], [120.4501, -5.98313], [120.45017, -5.98284], [120.4502, -5.98264], [120.45019, -5.98235], [120.45018, -5.98227], [120.45015, -5.9822], [120.45017, -5.98214], [120.45016, -5.98199], [120.45018, -5.9819], [120.45019, -5.98186], [120.45023, -5.98184], [120.45023, -5.98183], [120.45027, -5.98181], [120.45027, -5.98173], [120.45025, -5.98168], [120.45024, -5.98164], [120.45025, -5.9815], [120.45021, -5.98142], [120.4502, -5.98135], [120.45019, -5.9813], [120.4502, -5.98122], [120.45018, -5.98113], [120.45018, -5.98106], [120.45013, -5.98104], [120.45013, -5.98104], [120.45011, -5.98104], [120.45008, -5.98101], [120.45007, -5.98096], [120.45009, -5.9809], [120.4501, -5.98087], [120.4501, -5.98085], [120.45009, -5.98068], [120.45008, -5.98062], [120.45007, -5.98051], [120.45005, -5.98044], [120.45004, -5.98035], [120.45007, -5.98028], [120.45007, -5.9802], [120.45006, -5.98013], [120.45003, -5.98007], [120.44996, -5.98005], [120.44994, -5.98001], [120.44996, -5.97995], [120.44997, -5.9799], [120.44998, -5.97987], [120.44999, -5.97982], [120.44991, -5.97981], [120.44991, -5.9798], [120.44987, -5.97979], [120.44982, -5.97972], [120.44984, -5.97962], [120.44986, -5.9795], [120.44991, -5.97942], [120.45001, -5.97933], [120.45004, -5.97936], [120.45013, -5.97936], [120.45023, -5.9794], [120.45027, -5.97943], [120.45028, -5.97944], [120.45028, -5.97945], [120.45028, -5.97945], [120.45028, -5.97946], [120.45029, -5.97949], [120.45037, -5.97955], [120.45051, -5.97958], [120.45061, -5.9796], [120.45077, -5.97959], [120.45084, -5.97959], [120.4509, -5.97959], [120.45101, -5.97964], [120.45103, -5.97971], [120.45113, -5.97975], [120.45121, -5.97974], [120.45122, -5.97969], [120.45126, -5.97969], [120.45134, -5.97961], [120.45145, -5.97927], [120.45153, -5.97894], [120.45137, -5.97828], [120.45184, -5.97827], [120.45213, -5.9783], [120.45288, -5.97836], [120.45344, -5.97849], [120.45409, -5.97858], [120.45446, -5.97878], [120.45436, -5.97903], [120.45437, -5.97904], [120.45471, -5.97938], [120.45528, -5.9794], [120.45576, -5.97938], [120.45619, -5.97933], [120.45654, -5.97917], [120.45669, -5.97924], [120.45683, -5.97954], [120.45702, -5.9802], [120.45732, -5.97993], [120.45751, -5.9797], [120.45754, -5.97968], [120.45784, -5.9795], [120.45835, -5.97938], [120.45846, -5.9794], [120.45879, -5.97958], [120.45932, -5.97968], [120.45967, -5.97994], [120.4598, -5.98005], [120.4599, -5.98006], [120.4599, -5.98007], [120.46008, -5.98008], [120.46024, -5.98031], [120.46059, -5.98034], [120.46061, -5.98034], [120.46084, -5.98041], [120.46105, -5.9806], [120.4615, -5.98071], [120.46158, -5.98072], [120.46211, -5.98079], [120.4625, -5.98105], [120.46277, -5.98116], [120.4629, -5.98155], [120.46288, -5.98192], [120.46292, -5.98208], [120.46295, -5.98218], [120.46321, -5.9823], [120.46426, -5.98257], [120.46509, -5.98279], [120.46506, -5.98708], [120.46522, -5.9882], [120.46564, -5.98862], [120.4654, -5.98947], [120.4647, -5.98931], [120.46388, -5.98986], [120.46388, -5.99146], [120.46348, -5.99192], [120.46347, -5.99192], [120.46302, -5.99247], [120.46275, -5.993], [120.46174, -5.99501], [120.46174, -5.99501], [120.46135, -5.99579], [120.46117, -5.99615], [120.46118, -5.99617], [120.46094, -5.99911], [120.46094, -5.99911], [120.46094, -5.99911], [120.4609, -5.99975], [120.4609, -5.99975], [120.46085, -6.00035], [120.46051, -6.00065], [120.45995, -6.00115], [120.45814, -6.00225], [120.46014, -6.01115], [120.46014, -6.01116], [120.46004, -6.01123], [120.45978, -6.01155], [120.45946, -6.01155], [120.45901, -6.01174], [120.45868, -6.01199], [120.45858, -6.01206], [120.45853, -6.0121], [120.45808, -6.01252], [120.45737, -6.01291], [120.4567, -6.01314], [120.45608, -6.01295], [120.45586, -6.01272], [120.45544, -6.01218], [120.45502, -6.01215], [120.4546, -6.01199], [120.45424, -6.01163], [120.45385, -6.01118], [120.45321, -6.01093], [120.45297, -6.0109], [120.45265, -6.01044], [120.45212, -6.00978], [120.45147, -6.0086], [120.45105, -6.0078], [120.45053, -6.00687], [120.45052, -6.00685], [120.45053, -6.0068], [120.4505, -6.00674], [120.45035, -6.00645], [120.45035, -6.00645], [120.45027, -6.00627], [120.45018, -6.00601], [120.45018, -6.00593], [120.45014, -6.00587], [120.44999, -6.00537], [120.44999, -6.00525], [120.44995, -6.00522], [120.44994, -6.00515], [120.44987, -6.00488], [120.44987, -6.00479], [120.44982, -6.00477], [120.4498, -6.00469], [120.44976, -6.00466], [120.44971, -6.0045], [120.44971, -6.00436], [120.44965, -6.00433], [120.44962, -6.0042], [120.44961, -6.00408], [120.44965, -6.00406], [120.44963, -6.00396], [120.4496, -6.00384], [120.4496, -6.00378], [120.44954, -6.00371], [120.44952, -6.00366], [120.44957, -6.00365], [120.44956, -6.00358], [120.44953, -6.00359], [120.44949, -6.00356], [120.44946, -6.00339], [120.44948, -6.0033], [120.44945, -6.00328], [120.44944, -6.00324], [120.44939, -6.00301], [120.44939, -6.00293], [120.44932, -6.00275], [120.44928, -6.00247], [120.44926, -6.00231], [120.44927, -6.00217], [120.44925, -6.00209], [120.44928, -6.00202], [120.44928, -6.00196], [120.44926, -6.00181], [120.44922, -6.00174], [120.44923, -6.0016], [120.44923, -6.00137], [120.44922, -6.0012], [120.4492, -6.00092], [120.44918, -6.00066], [120.44918, -6.00052], [120.44916, -6.00034], [120.44915, -6.00034], [120.44917, -6.0], [120.44918, -6.0], [120.44919, -5.99991], [120.44919, -5.99981], [120.44918, -5.99965], [120.44917, -5.9995], [120.44919, -5.99907], [120.44918, -5.99884], [120.44918, -5.99866], [120.44916, -5.99846], [120.44915, -5.99837], [120.44915, -5.99835], [120.44916, -5.99813], [120.44919, -5.99775], [120.44913, -5.99721], [120.44916, -5.99676], [120.44918, -5.99653], [120.44916, -5.99649], [120.44916, -5.99641], [120.44914, -5.99616], [120.44913, -5.99597], [120.44913, -5.99568], [120.44915, -5.99541], [120.44918, -5.99536], [120.44921, -5.99476], [120.44923, -5.99433], [120.44923, -5.99376], [120.44931, -5.99322], [120.44932, -5.99299], [120.4493, -5.99294], [120.4493, -5.99284], [120.4493, -5.99274], [120.44931, -5.99244], [120.44932, -5.99234], [120.44932, -5.9922], [120.44929, -5.99189], [120.44927, -5.99171], [120.44927, -5.99162], [120.44925, -5.99141], [120.44924, -5.99121], [120.44928, -5.9911], [120.4493, -5.99102], [120.44933, -5.99099], [120.44933, -5.99074]]]}}, {"type": "Feature", "properties": {"id": "042.001.PARAK", "nmkec": "Bontomanai", "nmdesa": "Parak", "kdkec": "042", "kddesa": "001", "dominan": "kelapa", "total_ha": 1739.3}, "geometry": {"type": "Polygon", "coordinates": [[[120.45719, -6.08006], [120.45709, -6.0797], [120.4569, -6.07934], [120.45683, -6.07929], [120.45675, -6.07908], [120.45659, -6.07888], [120.45638, -6.07873], [120.45625, -6.07841], [120.45602, -6.07797], [120.45589, -6.07788], [120.45566, -6.07778], [120.4556, -6.07762], [120.45545, -6.07739], [120.45534, -6.07731], [120.45507, -6.07706], [120.45491, -6.07684], [120.45474, -6.07645], [120.4547, -6.07628], [120.45467, -6.07592], [120.45448, -6.07568], [120.45446, -6.07531], [120.4544, -6.07501], [120.45423, -6.07462], [120.45418, -6.07446], [120.45416, -6.07423], [120.45408, -6.07403], [120.45402, -6.07389], [120.45384, -6.07338], [120.45382, -6.07329], [120.45381, -6.07317], [120.45373, -6.07284], [120.45358, -6.07245], [120.45351, -6.07231], [120.45342, -6.07192], [120.45338, -6.07189], [120.45326, -6.0717], [120.45317, -6.07141], [120.45307, -6.07114], [120.45299, -6.07081], [120.45292, -6.07056], [120.45287, -6.07039], [120.4528, -6.07026], [120.4527, -6.06998], [120.45263, -6.06969], [120.45254, -6.0693], [120.45246, -6.06905], [120.45236, -6.06858], [120.45228, -6.0684], [120.45219, -6.06809], [120.45211, -6.06763], [120.45212, -6.06736], [120.45208, -6.06724], [120.45198, -6.06692], [120.45189, -6.06664], [120.45178, -6.06613], [120.45171, -6.06583], [120.45165, -6.06551], [120.45158, -6.06514], [120.45153, -6.06491], [120.4514, -6.06417], [120.45128, -6.06366], [120.45113, -6.0628], [120.45105, -6.06215], [120.45099, -6.06159], [120.45099, -6.06134], [120.45097, -6.06089], [120.45053, -6.0608], [120.45051, -6.05931], [120.45056, -6.05839], [120.45081, -6.05783], [120.45131, -6.05706], [120.45228, -6.05605], [120.45328, -6.05436], [120.45328, -6.05242], [120.45323, -6.05014], [120.45305, -6.04833], [120.45317, -6.04782], [120.45394, -6.04749], [120.4544, -6.04729], [120.45853, -6.04529], [120.45946, -6.0447], [120.4602, -6.05778], [120.46915, -6.05785], [120.46919, -6.06289], [120.46919, -6.06367], [120.46937, -6.06481], [120.47006, -6.06827], [120.47077, -6.07142], [120.47093, -6.07215], [120.47161, -6.07535], [120.47213, -6.07587], [120.47364, -6.07735], [120.47705, -6.07932], [120.48402, -6.08134], [120.48484, -6.08155], [120.49607, -6.08384], [120.49916, -6.08447], [120.49937, -6.08451], [120.5008, -6.08456], [120.5008, -6.08456], [120.50055, -6.09427], [120.50056, -6.09483], [120.49907, -6.09579], [120.49833, -6.09611], [120.4977, -6.09628], [120.49605, -6.09611], [120.49524, -6.09619], [120.49413, -6.09649], [120.49353, -6.09647], [120.49318, -6.09633], [120.49234, -6.0963], [120.49155, -6.0968], [120.49133, -6.09683], [120.49119, -6.09624], [120.49171, -6.09553], [120.49179, -6.09544], [120.49213, -6.09523], [120.49257, -6.09491], [120.49253, -6.09442], [120.49216, -6.09432], [120.49171, -6.0947], [120.49118, -6.0949], [120.49089, -6.0949], [120.49059, -6.09478], [120.49029, -6.09475], [120.48976, -6.09433], [120.48938, -6.09383], [120.48931, -6.09336], [120.48971, -6.09345], [120.49009, -6.09354], [120.49014, -6.09346], [120.49023, -6.09328], [120.49027, -6.09271], [120.48983, -6.09237], [120.48894, -6.09261], [120.4881, -6.09307], [120.48772, -6.09351], [120.48749, -6.0937], [120.48713, -6.09391], [120.48686, -6.09381], [120.4868, -6.09334], [120.48679, -6.09285], [120.48653, -6.0928], [120.48626, -6.09296], [120.48592, -6.09332], [120.48518, -6.09368], [120.48471, -6.09387], [120.48416, -6.09402], [120.4838, -6.09389], [120.48365, -6.09356], [120.48389, -6.09321], [120.48409, -6.09288], [120.48403, -6.09262], [120.48371, -6.09224], [120.48275, -6.09196], [120.48223, -6.09194], [120.48169, -6.09241], [120.48122, -6.09279], [120.48116, -6.09311], [120.48114, -6.09339], [120.48103, -6.09342], [120.48055, -6.09358], [120.48018, -6.09368], [120.48016, -6.09354], [120.48001, -6.09343], [120.47995, -6.09341], [120.47959, -6.09353], [120.47893, -6.09366], [120.47829, -6.0937], [120.47789, -6.09358], [120.47758, -6.09335], [120.47745, -6.0933], [120.4772, -6.09327], [120.47696, -6.09301], [120.47662, -6.09289], [120.47616, -6.09314], [120.47588, -6.09274], [120.47564, -6.09243], [120.47525, -6.09259], [120.47499, -6.0928], [120.47481, -6.09298], [120.47455, -6.09332], [120.47395, -6.09314], [120.47347, -6.09283], [120.47323, -6.09242], [120.47336, -6.09171], [120.47343, -6.09105], [120.47312, -6.09068], [120.47312, -6.09068], [120.47252, -6.09043], [120.47151, -6.09052], [120.47138, -6.09057], [120.47017, -6.09126], [120.46944, -6.09148], [120.4686, -6.09198], [120.46797, -6.09199], [120.46696, -6.0919], [120.46619, -6.09207], [120.46606, -6.09183], [120.46595, -6.09158], [120.46579, -6.09101], [120.46578, -6.09066], [120.46575, -6.09026], [120.46567, -6.08994], [120.4656, -6.08965], [120.46553, -6.08955], [120.46547, -6.08941], [120.4655, -6.08935], [120.46527, -6.08898], [120.46517, -6.08896], [120.46488, -6.0888], [120.46435, -6.0885], [120.46416, -6.08834], [120.4639, -6.08804], [120.46335, -6.08767], [120.4631, -6.08755], [120.46264, -6.0874], [120.46244, -6.08719], [120.46213, -6.08694], [120.46165, -6.08662], [120.46148, -6.08642], [120.46127, -6.08622], [120.461, -6.08595], [120.46093, -6.08589], [120.4607, -6.08571], [120.46055, -6.0855], [120.46025, -6.08508], [120.46006, -6.08473], [120.45993, -6.08454], [120.45992, -6.08438], [120.45984, -6.08431], [120.45962, -6.08385], [120.45936, -6.08335], [120.45927, -6.08339], [120.45921, -6.08337], [120.45909, -6.08318], [120.45881, -6.08292], [120.45866, -6.08254], [120.45853, -6.0822], [120.45848, -6.08191], [120.45841, -6.08188], [120.45809, -6.08172], [120.45795, -6.0814], [120.45779, -6.08129], [120.45736, -6.0811], [120.45728, -6.08082], [120.45728, -6.0804], [120.45719, -6.08006]]]}}, {"type": "Feature", "properties": {"id": "041.001.BENTENG_SELATAN", "nmkec": "Benteng", "nmdesa": "Benteng Selatan", "kdkec": "041", "kddesa": "001", "dominan": "kelapa", "total_ha": 1498.2}, "geometry": {"type": "Polygon", "coordinates": [[[120.45829, -6.12883], [120.45763, -6.12845], [120.45721, -6.12843], [120.45702, -6.12842], [120.45663, -6.12846], [120.45633, -6.12849], [120.45597, -6.12856], [120.45593, -6.12857], [120.45538, -6.12867], [120.45486, -6.12848], [120.45476, -6.12855], [120.45468, -6.12852], [120.45463, -6.12839], [120.45458, -6.12838], [120.45397, -6.12815], [120.45406, -6.12788], [120.45409, -6.12781], [120.45414, -6.12781], [120.45421, -6.12762], [120.45425, -6.12753], [120.45433, -6.1273], [120.45446, -6.12699], [120.45451, -6.12687], [120.45455, -6.12676], [120.45465, -6.12654], [120.45472, -6.12634], [120.45479, -6.12616], [120.45484, -6.12603], [120.45488, -6.12593], [120.45493, -6.12581], [120.45497, -6.12571], [120.45502, -6.12559], [120.45506, -6.12549], [120.45511, -6.12537], [120.45521, -6.1251], [120.45518, -6.12509], [120.45523, -6.12497], [120.45531, -6.12478], [120.45533, -6.12473], [120.45533, -6.12472], [120.45534, -6.12471], [120.45536, -6.12473], [120.45542, -6.12458], [120.45548, -6.12445], [120.45552, -6.12434], [120.45557, -6.12419], [120.45567, -6.12396], [120.45572, -6.12384], [120.45581, -6.12361], [120.45577, -6.1236], [120.45578, -6.12357], [120.45578, -6.12357], [120.45581, -6.12347], [120.45581, -6.12344], [120.45581, -6.12344], [120.4559, -6.12321], [120.45592, -6.12315], [120.45594, -6.1231], [120.45596, -6.1231], [120.45598, -6.12307], [120.45605, -6.12291], [120.45611, -6.12277], [120.45616, -6.12267], [120.45618, -6.1226], [120.4562, -6.12249], [120.45613, -6.12238], [120.45612, -6.12231], [120.45619, -6.1222], [120.45632, -6.12204], [120.45648, -6.12185], [120.45655, -6.12161], [120.45661, -6.12137], [120.45656, -6.12128], [120.45657, -6.12121], [120.45661, -6.12101], [120.45664, -6.12085], [120.45667, -6.12073], [120.45667, -6.1207], [120.4566, -6.12072], [120.45649, -6.12055], [120.45657, -6.12053], [120.45647, -6.12024], [120.45654, -6.12], [120.45649, -6.11997], [120.45649, -6.11997], [120.45543, -6.1196], [120.45545, -6.11952], [120.45581, -6.11911], [120.45587, -6.11898], [120.45593, -6.11878], [120.456, -6.11848], [120.45595, -6.11848], [120.45595, -6.11848], [120.45583, -6.11844], [120.45587, -6.11835], [120.45595, -6.11835], [120.45602, -6.11829], [120.45609, -6.11815], [120.45615, -6.11807], [120.45622, -6.11803], [120.45722, -6.11834], [120.45719, -6.11846], [120.45763, -6.11866], [120.45818, -6.11889], [120.45818, -6.11889], [120.45829, -6.11894], [120.45829, -6.11894], [120.4583, -6.11894], [120.4584, -6.11872], [120.45843, -6.11865], [120.45848, -6.11865], [120.45848, -6.11866], [120.45873, -6.1187], [120.45873, -6.11871], [120.45892, -6.11876], [120.45916, -6.11886], [120.4593, -6.11894], [120.45931, -6.11894], [120.45931, -6.11894], [120.45936, -6.11898], [120.45939, -6.11899], [120.45963, -6.11939], [120.45963, -6.11939], [120.45964, -6.11939], [120.45971, -6.1195], [120.45979, -6.11964], [120.4598, -6.11966], [120.45989, -6.11982], [120.4599, -6.11983], [120.45992, -6.11988], [120.46033, -6.12035], [120.46038, -6.12039], [120.46088, -6.1209], [120.46088, -6.12091], [120.46091, -6.12094], [120.46091, -6.12095], [120.46091, -6.12095], [120.46091, -6.12095], [120.46093, -6.12096], [120.46093, -6.12096], [120.46158, -6.12117], [120.46159, -6.12117], [120.46303, -6.12165], [120.46306, -6.12166], [120.46306, -6.12166], [120.46511, -6.12236], [120.46513, -6.1223], [120.46513, -6.12228], [120.46513, -6.12228], [120.46513, -6.12228], [120.46513, -6.12227], [120.46514, -6.12224], [120.46717, -6.12268], [120.46711, -6.12282], [120.46737, -6.12289], [120.4674, -6.12289], [120.46793, -6.12303], [120.46989, -6.12392], [120.47229, -6.12501], [120.47265, -6.12518], [120.47265, -6.12518], [120.47264, -6.12519], [120.47264, -6.1252], [120.47264, -6.12521], [120.47264, -6.12521], [120.47247, -6.12564], [120.47247, -6.12643], [120.47249, -6.12804], [120.4725, -6.12956], [120.46965, -6.13118], [120.46941, -6.13099], [120.46935, -6.13067], [120.46931, -6.13058], [120.46922, -6.13051], [120.4691, -6.13045], [120.46897, -6.13044], [120.46812, -6.13042], [120.46787, -6.1304], [120.46747, -6.13033], [120.46729, -6.13026], [120.46711, -6.13013], [120.46694, -6.12989], [120.46663, -6.13007], [120.4665, -6.12979], [120.46642, -6.12962], [120.46623, -6.12923], [120.466, -6.12923], [120.46589, -6.12952], [120.46577, -6.12976], [120.46538, -6.12978], [120.46519, -6.12962], [120.46506, -6.12952], [120.46485, -6.12927], [120.46415, -6.12935], [120.46401, -6.12935], [120.464, -6.12935], [120.46393, -6.12939], [120.46393, -6.12939], [120.46375, -6.12948], [120.46358, -6.12965], [120.46347, -6.12979], [120.46335, -6.12987], [120.46329, -6.12991], [120.46313, -6.12983], [120.46302, -6.12972], [120.46299, -6.12942], [120.46298, -6.12923], [120.46293, -6.12914], [120.46286, -6.12909], [120.46286, -6.12909], [120.46274, -6.12903], [120.46253, -6.12901], [120.46233, -6.12906], [120.46222, -6.12915], [120.46179, -6.12936], [120.46171, -6.12949], [120.4617, -6.12962], [120.46169, -6.12977], [120.46168, -6.12995], [120.46162, -6.13003], [120.46153, -6.13019], [120.46137, -6.13039], [120.46132, -6.13044], [120.46121, -6.13057], [120.46111, -6.13063], [120.46108, -6.13064], [120.4609, -6.13063], [120.46076, -6.13063], [120.46073, -6.13062], [120.46048, -6.13047], [120.46018, -6.12973], [120.46015, -6.12972], [120.45997, -6.12966], [120.45988, -6.12966], [120.45981, -6.12966], [120.4592, -6.12966], [120.45913, -6.12966], [120.45897, -6.12961], [120.45874, -6.12928], [120.45849, -6.12894], [120.45831, -6.12884], [120.45829, -6.12883]]]}}, {"type": "Feature", "properties": {"id": "051.002.BONTOLEMPANGAN", "nmkec": "Buki", "nmdesa": "Bontolempangan", "kdkec": "051", "kddesa": "002", "dominan": "kelapa", "total_ha": 1333.7}, "geometry": {"type": "Polygon", "coordinates": [[[120.47723, -6.00352], [120.47595, -6.00327], [120.47443, -6.0034], [120.47244, -6.0038], [120.4723, -6.00387], [120.47112, -6.00446], [120.46967, -6.00538], [120.46936, -6.00664], [120.46927, -6.00703], [120.46927, -6.00703], [120.4693, -6.0071], [120.4693, -6.0071], [120.46929, -6.0071], [120.4689, -6.00814], [120.46801, -6.01054], [120.46801, -6.01057], [120.46438, -6.01021], [120.46419, -6.01009], [120.46405, -6.01007], [120.46384, -6.01017], [120.46384, -6.01017], [120.46358, -6.01026], [120.46358, -6.01026], [120.46334, -6.01034], [120.46289, -6.01036], [120.46293, -6.01064], [120.46298, -6.01095], [120.46301, -6.01133], [120.463, -6.01134], [120.46288, -6.01148], [120.4626, -6.01152], [120.46246, -6.0115], [120.46233, -6.01157], [120.46226, -6.01154], [120.46191, -6.01144], [120.46162, -6.01145], [120.46136, -6.01161], [120.461, -6.01161], [120.46062, -6.01142], [120.46036, -6.01103], [120.46014, -6.01116], [120.46014, -6.01115], [120.45814, -6.00225], [120.45995, -6.00115], [120.46051, -6.00065], [120.46085, -6.00035], [120.4609, -5.99975], [120.4609, -5.99975], [120.46094, -5.99911], [120.46094, -5.99911], [120.46094, -5.99911], [120.46118, -5.99617], [120.46117, -5.99615], [120.46135, -5.99579], [120.46174, -5.99501], [120.46174, -5.99501], [120.46275, -5.993], [120.46302, -5.99247], [120.46347, -5.99192], [120.46348, -5.99192], [120.46388, -5.99146], [120.46388, -5.98986], [120.4647, -5.98931], [120.4654, -5.98947], [120.46564, -5.98862], [120.46522, -5.9882], [120.46506, -5.98708], [120.46509, -5.98279], [120.46544, -5.98288], [120.46544, -5.98288], [120.46582, -5.98297], [120.47819, -5.98614], [120.48161, -5.98701], [120.48202, -5.98712], [120.48361, -5.98752], [120.48361, -5.98752], [120.48361, -5.98753], [120.4843, -5.9877], [120.4843, -5.9877], [120.48431, -5.98772], [120.48432, -5.98772], [120.48761, -5.98981], [120.48762, -5.98981], [120.49016, -5.9929], [120.49055, -5.9929], [120.49168, -5.9929], [120.49169, -5.9929], [120.49254, -5.9929], [120.49281, -5.9929], [120.49282, -5.9929], [120.49314, -5.9929], [120.49357, -5.9929], [120.49357, -5.9929], [120.49357, -5.9929], [120.49357, -5.9929], [120.50356, -5.9929], [120.50366, -5.9929], [120.50366, -5.9929], [120.50376, -5.99966], [120.50379, -6.00185], [120.50303, -6.00186], [120.50027, -6.00193], [120.49945, -6.00195], [120.49821, -6.00198], [120.49505, -6.00205], [120.49104, -6.00334], [120.48834, -6.00421], [120.48832, -6.00422], [120.48802, -6.00425], [120.48792, -6.00426], [120.48792, -6.00426], [120.48792, -6.00127], [120.48686, -6.00186], [120.48322, -6.00387], [120.48223, -6.00442], [120.48222, -6.00442], [120.48222, -6.00442], [120.48183, -6.00439], [120.48071, -6.00418], [120.48013, -6.00407], [120.48012, -6.00407], [120.47945, -6.00394], [120.47866, -6.0038], [120.47723, -6.00352]]]}}]}