{"type": "FeatureCollection", "features": [{"type": "Feature", "properties": {"id": "040", "nmkec": "Bontoharu", "kdkec": "040"}, "geometry": {"type": "MultiPolygon", "coordinates": [[[[120.4244, -6.18971], [120.42563, -6.19195], [120.42579, -6.19337], [120.4259, -6.19359], [120.42574, -6.19424], [120.42613, -6.19518], [120.42669, -6.19685], [120.42608, -6.19763], [120.4256, -6.19839], [120.42551, -6.19861], [120.42532, -6.19883], [120.42509, -6.19892], [120.42497, -6.19931], [120.42479, -6.19978], [120.42458, -6.20004], [120.4244, -6.20023], [120.42376, -6.20066], [120.42314, -6.20131], [120.42297, -6.20152], [120.42282, -6.2018], [120.42254, -6.20245], [120.42203, -6.20335], [120.42181, -6.20365], [120.42149, -6.20418], [120.42115, -6.20502], [120.42095, -6.20555], [120.42058, -6.2062], [120.42028, -6.20664], [120.4201, -6.20716], [120.4198, -6.20745], [120.41947, -6.20743], [120.41871, -6.20762], [120.41819, -6.20806], [120.41769, -6.20837], [120.41691, -6.20854], [120.41576, -6.20848], [120.41516, -6.20868], [120.41485, -6.209], [120.41407, -6.20865], [120.41208, -6.20753], [120.41096, -6.20747], [120.41036, -6.20651], [120.40878, -6.20333], [120.40754, -6.20267], [120.40562, -6.20227], [120.40502, -6.20214], [120.40459, -6.20203], [120.40358, -6.20265], [120.40303, -6.2027], [120.40242, -6.20176], [120.4018, -6.20142], [120.40116, -6.20134], [120.4007, -6.20136], [120.40037, -6.20143], [120.40025, -6.20156], [120.39984, -6.20181], [120.39951, -6.20194], [120.39926, -6.20219], [120.39889, -6.20241], [120.39867, -6.20198], [120.39834, -6.20132], [120.39801, -6.20074], [120.39785, -6.20059], [120.39757, -6.20024], [120.39743, -6.1998], [120.39715, -6.19916], [120.39682, -6.19865], [120.39649, -6.19789], [120.39649, -6.1974], [120.39643, -6.19679], [120.39614, -6.19521], [120.39596, -6.19325], [120.39574, -6.19187], [120.39559, -6.19116], [120.39534, -6.19079], [120.39516, -6.19021], [120.39507, -6.18841], [120.39487, -6.18765], [120.39484, -6.18687], [120.39456, -6.18656], [120.39468, -6.18603], [120.39443, -6.18571], [120.39403, -6.18526], [120.39412, -6.1848], [120.39379, -6.18438], [120.39347, -6.18354], [120.39339, -6.18337], [120.39325, -6.18306], [120.39306, -6.18257], [120.39286, -6.18209], [120.39274, -6.1817], [120.39296, -6.18148], [120.39276, -6.18134], [120.3926, -6.18109], [120.39244, -6.18071], [120.39237, -6.18041], [120.39255, -6.18021], [120.39282, -6.17992], [120.39317, -6.17987], [120.39306, -6.17946], [120.3931, -6.17898], [120.39262, -6.17883], [120.39262, -6.1784], [120.39277, -6.178], [120.39322, -6.17782], [120.39314, -6.17736], [120.39308, -6.17629], [120.3932, -6.17597], [120.39351, -6.17576], [120.39379, -6.17509], [120.39402, -6.17468], [120.39408, -6.17364], [120.39395, -6.17325], [120.39402, -6.17294], [120.39456, -6.17092], [120.39447, -6.16837], [120.39458, -6.16735], [120.39468, -6.16644], [120.39506, -6.16508], [120.39563, -6.16319], [120.39568, -6.16259], [120.39641, -6.16255], [120.39726, -6.16174], [120.39746, -6.16128], [120.39801, -6.16124], [120.39828, -6.16096], [120.39929, -6.16034], [120.39985, -6.16005], [120.40072, -6.15722], [120.40086, -6.1562], [120.40173, -6.15435], [120.40223, -6.15008], [120.40303, -6.14613], [120.40389, -6.14232], [120.40428, -6.13968], [120.40478, -6.13612], [120.40555, -6.13254], [120.4061, -6.1299], [120.40637, -6.12846], [120.40655, -6.12795], [120.40687, -6.1277], [120.40726, -6.12755], [120.40745, -6.12659], [120.40751, -6.12563], [120.40788, -6.12511], [120.40818, -6.12463], [120.4085, -6.1234], [120.40879, -6.12265], [120.40931, -6.12237], [120.41004, -6.12177], [120.41085, -6.12116], [120.41138, -6.12076], [120.41195, -6.12025], [120.41249, -6.11897], [120.41307, -6.1174], [120.41381, -6.11643], [120.41429, -6.11564], [120.4147, -6.115], [120.41542, -6.11505], [120.41622, -6.11511], [120.41708, -6.11468], [120.42005, -6.11345], [120.42072, -6.11404], [120.42043, -6.11554], [120.42118, -6.11608], [120.42196, -6.1159], [120.42251, -6.11554], [120.42292, -6.11413], [120.42337, -6.11285], [120.42368, -6.11212], [120.42387, -6.11164], [120.42403, -6.11114], [120.42455, -6.11014], [120.42478, -6.1096], [120.42514, -6.1091], [120.42541, -6.10861], [120.42632, -6.10786], [120.42723, -6.10694], [120.4277, -6.10645], [120.42853, -6.10575], [120.42944, -6.10575], [120.43043, -6.10597], [120.43137, -6.10593], [120.43234, -6.10625], [120.43271, -6.10728], [120.43281, -6.10813], [120.43272, -6.10961], [120.43257, -6.11075], [120.43216, -6.11058], [120.43156, -6.11053], [120.4309, -6.1111], [120.4304, -6.11152], [120.43002, -6.11191], [120.42994, -6.11358], [120.42956, -6.11414], [120.42904, -6.1144], [120.42889, -6.11459], [120.4287, -6.11499], [120.4286, -6.11522], [120.4286, -6.11545], [120.42848, -6.11563], [120.42808, -6.11597], [120.42814, -6.11639], [120.42807, -6.11659], [120.4281, -6.1167], [120.42813, -6.11707], [120.42795, -6.11744], [120.42774, -6.11752], [120.42772, -6.1178], [120.4279, -6.11814], [120.42777, -6.11829], [120.42756, -6.11852], [120.42743, -6.11856], [120.42763, -6.11869], [120.42751, -6.1188], [120.42745, -6.11912], [120.42731, -6.11932], [120.42711, -6.11961], [120.42687, -6.11978], [120.42651, -6.11984], [120.42627, -6.11996], [120.42589, -6.11992], [120.42576, -6.11996], [120.42575, -6.12024], [120.42548, -6.12041], [120.42526, -6.12067], [120.42501, -6.12076], [120.42463, -6.1212], [120.4243, -6.12157], [120.42423, -6.12192], [120.42398, -6.12221], [120.42342, -6.12221], [120.42339, -6.12133], [120.42279, -6.12092], [120.42291, -6.12055], [120.42243, -6.12036], [120.4222, -6.1202], [120.42199, -6.12028], [120.42197, -6.12065], [120.42165, -6.12088], [120.42126, -6.12099], [120.42123, -6.12151], [120.42082, -6.12182], [120.42032, -6.12221], [120.42009, -6.12239], [120.4201, -6.12258], [120.42002, -6.12292], [120.41965, -6.12322], [120.41914, -6.12333], [120.41953, -6.12416], [120.42, -6.12519], [120.42029, -6.12599], [120.42058, -6.12658], [120.42074, -6.12722], [120.421, -6.12806], [120.42118, -6.12858], [120.42141, -6.12893], [120.42138, -6.12947], [120.42131, -6.13008], [120.4211, -6.13054], [120.42095, -6.13117], [120.42117, -6.13152], [120.42088, -6.13211], [120.42039, -6.13324], [120.41988, -6.13407], [120.41967, -6.1344], [120.41884, -6.1353], [120.41832, -6.13571], [120.41833, -6.13602], [120.41795, -6.13632], [120.41771, -6.13694], [120.41732, -6.13771], [120.41695, -6.13802], [120.41681, -6.13837], [120.41658, -6.13861], [120.41649, -6.13974], [120.41649, -6.14111], [120.41644, -6.14239], [120.41638, -6.14334], [120.4165, -6.14389], [120.41665, -6.14422], [120.41663, -6.14471], [120.41675, -6.14568], [120.41679, -6.14692], [120.41662, -6.1476], [120.4164, -6.1484], [120.41655, -6.14908], [120.41695, -6.14961], [120.41703, -6.15034], [120.41692, -6.15049], [120.41725, -6.15098], [120.4173, -6.15136], [120.41761, -6.15253], [120.41742, -6.1535], [120.41724, -6.1542], [120.41689, -6.15487], [120.41675, -6.15544], [120.41682, -6.15597], [120.41695, -6.15648], [120.41689, -6.15688], [120.41705, -6.15715], [120.41693, -6.15743], [120.41695, -6.15788], [120.41718, -6.15831], [120.41758, -6.15869], [120.41787, -6.15901], [120.41789, -6.15966], [120.41819, -6.16059], [120.41837, -6.16127], [120.41858, -6.16241], [120.41875, -6.16314], [120.41867, -6.16351], [120.41869, -6.16383], [120.41887, -6.16409], [120.41885, -6.16418], [120.41901, -6.1642], [120.41907, -6.16452], [120.41914, -6.16481], [120.4191, -6.16514], [120.41947, -6.16539], [120.41958, -6.1657], [120.41963, -6.16593], [120.41977, -6.16639], [120.41985, -6.16706], [120.42001, -6.16721], [120.42001, -6.16795], [120.4202, -6.16872], [120.42035, -6.16916], [120.42028, -6.16979], [120.4206, -6.17009], [120.42069, -6.17038], [120.42083, -6.17044], [120.42092, -6.17089], [120.42111, -6.17147], [120.4214, -6.17182], [120.42147, -6.17222], [120.4217, -6.17248], [120.4221, -6.17251], [120.42196, -6.17309], [120.42199, -6.17357], [120.42187, -6.17408], [120.4214, -6.17497], [120.42076, -6.17587], [120.42035, -6.17675], [120.42038, -6.17788], [120.42017, -6.17856], [120.41967, -6.1793], [120.41946, -6.17991], [120.41961, -6.18055], [120.41923, -6.18085], [120.4191, -6.18129], [120.41913, -6.18276], [120.4196, -6.18363], [120.42033, -6.1855], [120.42113, -6.18657], [120.42168, -6.18733], [120.42272, -6.18761], [120.42327, -6.18806], [120.42376, -6.18879], [120.4244, -6.18971]]], [[[120.43409, -6.1893], [120.43376, -6.18962], [120.43354, -6.18975], [120.43324, -6.18965], [120.43299, -6.18952], [120.43269, -6.18943], [120.43235, -6.18935], [120.43203, -6.18922], [120.43163, -6.18905], [120.43138, -6.18896], [120.4311, -6.18877], [120.43108, -6.1884], [120.43059, -6.18845], [120.43041, -6.18808], [120.43004, -6.18796], [120.43036, -6.18785], [120.43025, -6.18763], [120.43009, -6.18746], [120.43012, -6.18725], [120.42985, -6.18714], [120.42983, -6.18698], [120.42998, -6.18688], [120.42967, -6.18688], [120.42961, -6.18691], [120.42944, -6.18721], [120.42909, -6.18728], [120.42899, -6.18709], [120.42889, -6.18683], [120.42884, -6.18645], [120.42911, -6.18617], [120.42885, -6.18591], [120.42914, -6.1856], [120.42857, -6.1853], [120.42863, -6.1844], [120.42931, -6.18237], [120.43, -6.18165], [120.4302, -6.18093], [120.43039, -6.18041], [120.43115, -6.18017], [120.43128, -6.17983], [120.42967, -6.1793], [120.42908, -6.17952], [120.42811, -6.18074], [120.42666, -6.18131], [120.42646, -6.18034], [120.42695, -6.17916], [120.4274, -6.17861], [120.42871, -6.17781], [120.42944, -6.17747], [120.43025, -6.17738], [120.43073, -6.17731], [120.43089, -6.17701], [120.43092, -6.17628], [120.43261, -6.1762], [120.4325, -6.17583], [120.43256, -6.17561], [120.43254, -6.17533], [120.43256, -6.17489], [120.43248, -6.17467], [120.43247, -6.17444], [120.43237, -6.17409], [120.43213, -6.17334], [120.43175, -6.17269], [120.43155, -6.17248], [120.4314, -6.17225], [120.43123, -6.17199], [120.43127, -6.17166], [120.43145, -6.17164], [120.43124, -6.17149], [120.43104, -6.17119], [120.43108, -6.17071], [120.43091, -6.17036], [120.43069, -6.1701], [120.43045, -6.16979], [120.43032, -6.16962], [120.43022, -6.16948], [120.43029, -6.16925], [120.43028, -6.16904], [120.43042, -6.16876], [120.43054, -6.16854], [120.43051, -6.1683], [120.43085, -6.16831], [120.43106, -6.16834], [120.43125, -6.16839], [120.43165, -6.16833], [120.43193, -6.16835], [120.4323, -6.16834], [120.4327, -6.16836], [120.43301, -6.16837], [120.43322, -6.16815], [120.43327, -6.16805], [120.43326, -6.16775], [120.43318, -6.16746], [120.43279, -6.1672], [120.43255, -6.16681], [120.43268, -6.16649], [120.4333, -6.16632], [120.43361, -6.16672], [120.43396, -6.1667], [120.43427, -6.16665], [120.43459, -6.16662], [120.43507, -6.16647], [120.43551, -6.16642], [120.43586, -6.16622], [120.43616, -6.16624], [120.43641, -6.16618], [120.43682, -6.16625], [120.43727, -6.16591], [120.43763, -6.16569], [120.43806, -6.16547], [120.4385, -6.16534], [120.43886, -6.16531], [120.43911, -6.16522], [120.43975, -6.16513], [120.44018, -6.16492], [120.44051, -6.16497], [120.44113, -6.165], [120.44159, -6.16491], [120.44187, -6.16506], [120.4422, -6.16524], [120.44301, -6.16459], [120.44389, -6.16448], [120.44476, -6.16423], [120.44511, -6.16396], [120.44524, -6.16377], [120.4455, -6.16372], [120.44556, -6.16385], [120.44575, -6.16371], [120.44595, -6.16362], [120.44609, -6.1635], [120.44617, -6.16301], [120.44617, -6.16279], [120.44627, -6.1624], [120.4463, -6.16198], [120.44633, -6.16173], [120.44638, -6.16147], [120.44654, -6.16113], [120.44665, -6.16068], [120.4468, -6.16033], [120.44672, -6.15994], [120.44662, -6.15953], [120.44718, -6.15945], [120.44762, -6.15922], [120.44791, -6.15908], [120.44812, -6.15871], [120.44859, -6.15848], [120.44886, -6.15796], [120.44895, -6.15757], [120.44887, -6.15734], [120.44887, -6.15701], [120.44885, -6.15659], [120.44866, -6.15646], [120.44861, -6.15608], [120.44881, -6.15602], [120.44898, -6.15569], [120.44882, -6.15535], [120.44898, -6.15518], [120.44887, -6.15464], [120.44883, -6.1544], [120.44879, -6.1541], [120.44869, -6.15376], [120.44883, -6.15366], [120.44902, -6.1534], [120.44901, -6.15323], [120.44913, -6.15305], [120.44919, -6.15285], [120.44942, -6.15278], [120.44933, -6.15246], [120.44936, -6.15231], [120.44918, -6.15206], [120.44917, -6.15168], [120.44945, -6.15125], [120.44964, -6.15105], [120.44986, -6.15056], [120.44997, -6.15037], [120.44968, -6.14984], [120.44978, -6.14918], [120.44985, -6.14885], [120.4498, -6.1483], [120.44989, -6.14781], [120.45009, -6.14709], [120.45046, -6.14698], [120.45076, -6.14665], [120.45079, -6.14634], [120.45061, -6.14616], [120.45014, -6.14572], [120.45052, -6.14572], [120.45075, -6.14567], [120.45058, -6.14508], [120.45026, -6.14481], [120.44999, -6.14412], [120.44983, -6.14395], [120.44956, -6.14352], [120.44918, -6.1434], [120.44902, -6.14327], [120.44898, -6.14308], [120.44864, -6.14291], [120.44812, -6.14273], [120.44805, -6.14251], [120.44757, -6.14221], [120.44762, -6.14188], [120.4476, -6.1415], [120.44768, -6.14098], [120.44766, -6.14053], [120.44784, -6.13999], [120.44803, -6.13986], [120.44812, -6.13952], [120.44824, -6.13935], [120.4484, -6.13929], [120.44853, -6.13886], [120.4487, -6.13865], [120.44899, -6.13824], [120.44924, -6.13809], [120.44946, -6.13802], [120.44959, -6.13751], [120.45004, -6.13645], [120.45085, -6.13452], [120.45145, -6.13351], [120.45197, -6.13276], [120.45238, -6.13197], [120.45301, -6.13024], [120.45351, -6.12932], [120.45404, -6.1291], [120.45533, -6.12892], [120.45763, -6.12845], [120.4592, -6.12966], [120.46073, -6.13062], [120.46137, -6.13039], [120.46179, -6.12936], [120.46293, -6.12914], [120.46347, -6.12979], [120.46415, -6.12935], [120.466, -6.12923], [120.46729, -6.13026], [120.46931, -6.13058], [120.47247, -6.12564], [120.4753, -6.11876], [120.47491, -6.11354], [120.47433, -6.11296], [120.4729, -6.11333], [120.47213, -6.11243], [120.47138, -6.11201], [120.46927, -6.11132], [120.46956, -6.11046], [120.46943, -6.10683], [120.4694, -6.09936], [120.46936, -6.09153], [120.47151, -6.09052], [120.4733, -6.0908], [120.47347, -6.09283], [120.47494, -6.09284], [120.47588, -6.09274], [120.47709, -6.09312], [120.47789, -6.09358], [120.47983, -6.09348], [120.48018, -6.09368], [120.48124, -6.09327], [120.48223, -6.09194], [120.48408, -6.09274], [120.4838, -6.09389], [120.4856, -6.09351], [120.48679, -6.09285], [120.48732, -6.09388], [120.48894, -6.09261], [120.49018, -6.0934], [120.48931, -6.09336], [120.49059, -6.09478], [120.49171, -6.0947], [120.49242, -6.09508], [120.49119, -6.09624], [120.49278, -6.09623], [120.49524, -6.09619], [120.49875, -6.09597], [120.50206, -6.09456], [120.50358, -6.09455], [120.5045, -6.09576], [120.50613, -6.09615], [120.50693, -6.09733], [120.50934, -6.10089], [120.51396, -6.10692], [120.52328, -6.11184], [120.52623, -6.12113], [120.52555, -6.12549], [120.52882, -6.12941], [120.53592, -6.13383], [120.54073, -6.13813], [120.53882, -6.14462], [120.53447, -6.15275], [120.54012, -6.1562], [120.53923, -6.15714], [120.53915, -6.15838], [120.53919, -6.16049], [120.53885, -6.16255], [120.53884, -6.16427], [120.53842, -6.16475], [120.53812, -6.16557], [120.5379, -6.16604], [120.53747, -6.16692], [120.53667, -6.16883], [120.53609, -6.16879], [120.53568, -6.16946], [120.53569, -6.1702], [120.53618, -6.17032], [120.53638, -6.17228], [120.53592, -6.1729], [120.53562, -6.17349], [120.53522, -6.1739], [120.53506, -6.17413], [120.53467, -6.17424], [120.53379, -6.17417], [120.53316, -6.17469], [120.53361, -6.1754], [120.53362, -6.17631], [120.53389, -6.17686], [120.53359, -6.17744], [120.53355, -6.17799], [120.53329, -6.1786], [120.53297, -6.17861], [120.53213, -6.1792], [120.5317, -6.17999], [120.53147, -6.1805], [120.53139, -6.18107], [120.53133, -6.18146], [120.5313, -6.18201], [120.53143, -6.18236], [120.53127, -6.1832], [120.53108, -6.18352], [120.53054, -6.18456], [120.53021, -6.18518], [120.52946, -6.18578], [120.52904, -6.18682], [120.52875, -6.18819], [120.52897, -6.18899], [120.52944, -6.18996], [120.52988, -6.1903], [120.53027, -6.19108], [120.53046, -6.1925], [120.53051, -6.19272], [120.53077, -6.19334], [120.53115, -6.19368], [120.53143, -6.19451], [120.53171, -6.19633], [120.53103, -6.19707], [120.53062, -6.19774], [120.52212, -6.1912], [120.51288, -6.1973], [120.50622, -6.20136], [120.50234, -6.20183], [120.48977, -6.19305], [120.48506, -6.19443], [120.47572, -6.19188], [120.466, -6.19115], [120.4627, -6.20242], [120.45789, -6.20136], [120.45589, -6.20091], [120.45371, -6.20043], [120.45086, -6.1998], [120.4475, -6.19905], [120.44512, -6.19837], [120.44442, -6.19848], [120.44368, -6.19759], [120.443, -6.19685], [120.44287, -6.19657], [120.44277, -6.19614], [120.4427, -6.19589], [120.44263, -6.19532], [120.44268, -6.19492], [120.44235, -6.19474], [120.44203, -6.19464], [120.44205, -6.19433], [120.44196, -6.19426], [120.4419, -6.19413], [120.44151, -6.1942], [120.44175, -6.19403], [120.44162, -6.19374], [120.44132, -6.19384], [120.44129, -6.19359], [120.44084, -6.19332], [120.44076, -6.19302], [120.44069, -6.19273], [120.44038, -6.1924], [120.43943, -6.19216], [120.43909, -6.19223], [120.43881, -6.19211], [120.43848, -6.19207], [120.43793, -6.1915], [120.4372, -6.19103], [120.43647, -6.19065], [120.43606, -6.19034], [120.43557, -6.19008], [120.43461, -6.18959], [120.43409, -6.1893]]]]}}, {"type": "Feature", "properties": {"id": "051", "nmkec": "Buki", "kdkec": "051"}, "geometry": {"type": "Polygon", "coordinates": [[[120.47415, -6.0114], [120.46801, -6.01057], [120.46384, -6.01017], [120.46334, -6.01034], [120.46301, -6.01133], [120.46246, -6.0115], [120.46162, -6.01145], [120.46036, -6.01103], [120.45946, -6.01155], [120.45853, -6.0121], [120.45608, -6.01295], [120.4546, -6.01199], [120.45297, -6.0109], [120.45105, -6.0078], [120.4505, -6.00674], [120.45018, -6.00601], [120.44999, -6.00525], [120.44987, -6.00479], [120.44971, -6.0045], [120.44961, -6.00408], [120.4496, -6.00378], [120.44956, -6.00358], [120.44948, -6.0033], [120.44939, -6.00293], [120.44927, -6.00217], [120.44926, -6.00181], [120.44922, -6.0012], [120.44916, -6.00034], [120.44919, -5.99991], [120.44919, -5.99907], [120.44915, -5.99837], [120.44913, -5.99721], [120.44916, -5.99641], [120.44915, -5.99541], [120.44923, -5.99376], [120.4493, -5.99284], [120.44932, -5.9922], [120.44925, -5.99141], [120.44933, -5.99099], [120.44931, -5.99004], [120.44924, -5.98939], [120.44929, -5.98751], [120.44929, -5.98696], [120.44944, -5.98622], [120.44955, -5.98544], [120.44975, -5.98437], [120.4501, -5.98313], [120.45018, -5.98227], [120.45018, -5.9819], [120.45027, -5.98181], [120.45025, -5.9815], [120.4502, -5.98122], [120.45013, -5.98104], [120.45009, -5.9809], [120.45008, -5.98062], [120.45007, -5.98028], [120.44996, -5.98005], [120.44998, -5.97987], [120.44987, -5.97979], [120.44991, -5.97942], [120.45023, -5.9794], [120.45028, -5.97945], [120.45051, -5.97958], [120.4509, -5.97959], [120.45121, -5.97974], [120.45113, -5.97962], [120.45096, -5.97952], [120.45078, -5.9795], [120.45055, -5.97905], [120.45038, -5.97871], [120.45058, -5.97808], [120.45062, -5.97776], [120.45054, -5.97731], [120.45037, -5.97686], [120.45011, -5.9764], [120.44995, -5.976], [120.44976, -5.97577], [120.44944, -5.97534], [120.4495, -5.97513], [120.44968, -5.97476], [120.44958, -5.97451], [120.44939, -5.97413], [120.44911, -5.97374], [120.44889, -5.97339], [120.44872, -5.97303], [120.44853, -5.97253], [120.44836, -5.97216], [120.44835, -5.972], [120.44816, -5.97173], [120.4481, -5.97148], [120.448, -5.97114], [120.44787, -5.97063], [120.44777, -5.97042], [120.4477, -5.97024], [120.44767, -5.97013], [120.44755, -5.96987], [120.44745, -5.96956], [120.44742, -5.96921], [120.44732, -5.96881], [120.44708, -5.96807], [120.44697, -5.96786], [120.4469, -5.96758], [120.44673, -5.96719], [120.44662, -5.96683], [120.44661, -5.96675], [120.44656, -5.96665], [120.44639, -5.96599], [120.44625, -5.96539], [120.446, -5.96452], [120.4458, -5.9636], [120.44562, -5.96285], [120.44558, -5.96239], [120.44549, -5.96135], [120.44538, -5.96093], [120.44535, -5.9607], [120.44543, -5.96045], [120.44536, -5.95992], [120.44536, -5.95926], [120.44533, -5.95855], [120.4454, -5.95775], [120.4454, -5.95715], [120.44546, -5.95657], [120.45207, -5.95657], [120.45588, -5.95664], [120.45957, -5.9576], [120.46561, -5.95782], [120.47404, -5.95806], [120.48051, -5.95826], [120.48514, -5.95779], [120.48548, -5.95716], [120.48684, -5.95735], [120.49242, -5.95828], [120.49375, -5.95871], [120.49525, -5.96365], [120.50561, -5.96362], [120.50623, -5.96312], [120.50958, -5.95961], [120.51509, -5.95829], [120.52038, -5.95431], [120.52257, -5.95173], [120.52561, -5.94785], [120.52781, -5.94359], [120.52989, -5.93902], [120.53339, -5.93204], [120.53757, -5.92753], [120.5378, -5.92762], [120.53798, -5.92788], [120.53817, -5.92789], [120.53822, -5.92836], [120.53826, -5.92886], [120.53832, -5.92912], [120.53846, -5.92927], [120.53859, -5.92948], [120.53859, -5.92968], [120.53875, -5.92984], [120.53853, -5.93013], [120.53859, -5.93045], [120.5385, -5.93088], [120.53893, -5.93138], [120.53904, -5.93143], [120.53927, -5.93133], [120.53971, -5.93118], [120.53986, -5.93106], [120.54029, -5.93117], [120.54074, -5.93148], [120.54095, -5.93165], [120.54103, -5.93152], [120.54123, -5.93186], [120.54143, -5.93209], [120.54146, -5.93231], [120.54138, -5.93256], [120.54157, -5.93254], [120.54181, -5.93262], [120.54179, -5.93288], [120.54192, -5.93336], [120.5423, -5.93363], [120.54269, -5.93415], [120.54275, -5.9345], [120.54302, -5.93498], [120.54329, -5.93528], [120.5434, -5.93562], [120.54369, -5.93595], [120.54344, -5.93629], [120.54343, -5.93666], [120.5432, -5.93689], [120.54317, -5.93721], [120.54294, -5.93741], [120.5433, -5.93751], [120.54353, -5.93757], [120.54353, -5.93817], [120.54363, -5.93858], [120.54351, -5.93899], [120.54384, -5.94003], [120.54403, -5.9407], [120.54389, -5.94114], [120.54376, -5.94154], [120.54391, -5.94197], [120.54387, -5.94233], [120.54385, -5.94264], [120.54403, -5.94332], [120.54442, -5.94376], [120.54502, -5.94446], [120.54539, -5.94481], [120.54564, -5.94486], [120.54604, -5.94471], [120.54616, -5.94466], [120.54634, -5.94481], [120.54641, -5.94503], [120.5462, -5.94509], [120.54582, -5.94545], [120.54595, -5.94622], [120.54608, -5.94663], [120.54607, -5.9474], [120.54589, -5.94839], [120.54586, -5.94867], [120.54617, -5.94897], [120.54605, -5.9493], [120.54611, -5.94956], [120.54622, -5.94987], [120.54626, -5.95042], [120.54634, -5.95087], [120.54658, -5.95122], [120.54652, -5.95202], [120.54657, -5.95233], [120.54663, -5.95257], [120.54675, -5.95277], [120.54656, -5.95305], [120.54642, -5.95343], [120.54661, -5.95375], [120.54694, -5.95364], [120.54714, -5.95365], [120.54736, -5.95396], [120.54757, -5.95438], [120.54777, -5.95474], [120.54777, -5.95498], [120.54774, -5.9552], [120.5478, -5.95563], [120.54788, -5.95597], [120.54799, -5.95607], [120.54822, -5.9564], [120.54835, -5.95666], [120.54824, -5.95684], [120.54806, -5.95698], [120.54838, -5.95704], [120.54866, -5.95712], [120.54888, -5.95766], [120.549, -5.95799], [120.54929, -5.95851], [120.54944, -5.95905], [120.5494, -5.95933], [120.54964, -5.95964], [120.54941, -5.96023], [120.54903, -5.9604], [120.54903, -5.96092], [120.54937, -5.96099], [120.54966, -5.96093], [120.54986, -5.96101], [120.55004, -5.96144], [120.55005, -5.96203], [120.55006, -5.96241], [120.55005, -5.96267], [120.55012, -5.96284], [120.55023, -5.96333], [120.55031, -5.9639], [120.55031, -5.96434], [120.55016, -5.96449], [120.54969, -5.96453], [120.54976, -5.96477], [120.54969, -5.96514], [120.54983, -5.96546], [120.54998, -5.96575], [120.55012, -5.96603], [120.55064, -5.96658], [120.5509, -5.96686], [120.55099, -5.96716], [120.55108, -5.96753], [120.55085, -5.96783], [120.55086, -5.96822], [120.55106, -5.96829], [120.55121, -5.96816], [120.55142, -5.9683], [120.5518, -5.96885], [120.55219, -5.96929], [120.55256, -5.96969], [120.55279, -5.96975], [120.55297, -5.97032], [120.55314, -5.97054], [120.55309, -5.97082], [120.55313, -5.97119], [120.55324, -5.97171], [120.55303, -5.97202], [120.55269, -5.97248], [120.55264, -5.97261], [120.55297, -5.97267], [120.55317, -5.97262], [120.55361, -5.97291], [120.55363, -5.97349], [120.55367, -5.97417], [120.55368, -5.97456], [120.55372, -5.97488], [120.55337, -5.9754], [120.55293, -5.97561], [120.55262, -5.9759], [120.55239, -5.97593], [120.55224, -5.97602], [120.5519, -5.97637], [120.55204, -5.97665], [120.55209, -5.97701], [120.55224, -5.97731], [120.55208, -5.97731], [120.55008, -5.98332], [120.547, -5.98786], [120.54309, -5.99131], [120.53554, -5.99836], [120.52764, -6.00399], [120.51962, -6.00816], [120.51741, -6.00896], [120.51224, -6.011], [120.50754, -6.01114], [120.50754, -6.0122], [120.50568, -6.01269], [120.50129, -6.01418], [120.49805, -6.01326], [120.48831, -6.01283], [120.48479, -6.01278], [120.47955, -6.01211], [120.47415, -6.0114]]]}}, {"type": "Feature", "properties": {"id": "011", "nmkec": "Pasilambena", "kdkec": "011"}, "geometry": {"type": "MultiPolygon", "coordinates": [[[[121.75774, -7.49411], [121.75755, -7.49413], [121.75748, -7.49408], [121.75721, -7.49383], [121.75663, -7.49398], [121.75562, -7.49443], [121.7549, -7.49455], [121.75439, -7.49472], [121.75394, -7.49481], [121.75288, -7.4948], [121.75255, -7.49488], [121.75209, -7.49509], [121.75189, -7.49513], [121.75168, -7.49517], [121.75146, -7.49516], [121.75123, -7.49505], [121.75109, -7.495], [121.75091, -7.49491], [121.74998, -7.49455], [121.749, -7.49436], [121.74781, -7.49438], [121.74677, -7.49458], [121.74586, -7.49454], [121.74526, -7.49462], [121.74398, -7.4947], [121.7436, -7.49456], [121.74315, -7.49452], [121.74292, -7.49451], [121.74254, -7.4945], [121.74201, -7.49429], [121.74161, -7.49423], [121.74094, -7.49415], [121.74007, -7.49417], [121.73903, -7.49431], [121.73822, -7.49412], [121.73649, -7.49335], [121.73532, -7.49278], [121.7344, -7.49264], [121.73398, -7.49279], [121.73302, -7.49325], [121.73233, -7.49327], [121.73222, -7.49305], [121.7318, -7.49297], [121.73116, -7.49319], [121.7307, -7.49314], [121.72989, -7.49328], [121.72949, -7.49359], [121.72909, -7.49372], [121.72884, -7.49356], [121.72854, -7.49366], [121.72794, -7.49383], [121.72751, -7.4939], [121.72709, -7.49389], [121.72576, -7.49363], [121.72556, -7.49332], [121.72414, -7.49268], [121.72356, -7.49236], [121.72317, -7.49112], [121.72323, -7.48951], [121.72345, -7.48891], [121.72496, -7.4885], [121.72703, -7.48826], [121.72824, -7.48878], [121.72889, -7.48924], [121.73022, -7.48984], [121.73208, -7.49035], [121.73392, -7.49016], [121.73444, -7.49001], [121.73483, -7.48977], [121.73503, -7.48955], [121.73518, -7.48934], [121.7356, -7.48913], [121.73653, -7.4889], [121.73714, -7.48839], [121.73757, -7.48796], [121.73773, -7.48753], [121.73793, -7.48736], [121.73813, -7.48708], [121.7384, -7.48694], [121.73858, -7.4868], [121.73866, -7.48658], [121.73886, -7.48637], [121.7391, -7.48594], [121.73971, -7.48579], [121.74011, -7.48555], [121.74077, -7.48558], [121.74145, -7.48562], [121.74161, -7.48551], [121.7423, -7.48534], [121.74246, -7.48518], [121.74273, -7.48522], [121.74296, -7.48508], [121.74321, -7.48495], [121.74359, -7.4849], [121.74393, -7.48494], [121.7443, -7.48457], [121.74461, -7.48471], [121.74525, -7.48448], [121.74661, -7.4844], [121.74678, -7.48409], [121.74754, -7.48384], [121.74852, -7.48421], [121.74897, -7.4844], [121.74929, -7.48453], [121.7501, -7.48465], [121.75063, -7.48479], [121.75182, -7.48449], [121.75259, -7.4843], [121.75343, -7.48459], [121.75392, -7.4848], [121.75425, -7.48494], [121.75452, -7.48515], [121.75528, -7.4855], [121.75578, -7.48573], [121.7566, -7.48557], [121.7576, -7.48486], [121.75859, -7.48439], [121.75895, -7.48423], [121.75932, -7.48406], [121.75954, -7.48385], [121.76006, -7.48372], [121.76047, -7.48379], [121.76103, -7.48377], [121.7614, -7.48365], [121.76165, -7.48343], [121.76245, -7.48343], [121.76284, -7.48314], [121.76312, -7.48303], [121.76332, -7.48302], [121.76364, -7.483], [121.7639, -7.48284], [121.76419, -7.48295], [121.76444, -7.48298], [121.76494, -7.48297], [121.76546, -7.48267], [121.76592, -7.48262], [121.76651, -7.48229], [121.76698, -7.48184], [121.76708, -7.48166], [121.76749, -7.48149], [121.76765, -7.48155], [121.76818, -7.48132], [121.76822, -7.48115], [121.76874, -7.48083], [121.7692, -7.48083], [121.7695, -7.4807], [121.77002, -7.48078], [121.77048, -7.48075], [121.77115, -7.48062], [121.77181, -7.48022], [121.77277, -7.48], [121.77311, -7.48001], [121.77389, -7.4796], [121.77472, -7.47916], [121.77503, -7.47886], [121.77533, -7.47859], [121.7761, -7.47825], [121.77659, -7.47783], [121.77685, -7.47752], [121.77698, -7.47723], [121.77786, -7.47716], [121.77798, -7.47711], [121.77833, -7.47673], [121.77845, -7.47669], [121.77882, -7.47646], [121.77886, -7.47642], [121.77898, -7.47629], [121.7794, -7.47597], [121.7798, -7.47595], [121.78005, -7.47617], [121.78034, -7.47611], [121.78045, -7.4763], [121.7805, -7.47647], [121.78077, -7.47654], [121.78095, -7.47644], [121.78111, -7.47673], [121.78147, -7.47689], [121.78198, -7.47684], [121.78222, -7.47723], [121.78276, -7.47747], [121.78347, -7.4776], [121.7839, -7.47753], [121.78417, -7.4773], [121.78492, -7.47725], [121.78554, -7.47725], [121.78595, -7.47712], [121.78638, -7.4775], [121.78667, -7.47748], [121.78712, -7.47717], [121.78763, -7.47712], [121.78813, -7.47701], [121.78821, -7.47692], [121.78871, -7.47653], [121.7889, -7.47623], [121.78909, -7.4761], [121.78939, -7.47591], [121.78937, -7.47579], [121.78942, -7.47571], [121.78954, -7.47555], [121.78993, -7.47534], [121.79005, -7.47546], [121.79023, -7.4755], [121.79066, -7.47522], [121.79074, -7.47505], [121.79105, -7.47498], [121.79145, -7.47484], [121.79171, -7.47461], [121.79178, -7.47452], [121.79187, -7.47437], [121.79211, -7.4737], [121.79207, -7.47359], [121.79215, -7.47347], [121.7921, -7.4732], [121.79196, -7.47297], [121.79196, -7.47262], [121.79204, -7.47241], [121.79261, -7.47218], [121.79307, -7.4725], [121.79309, -7.4726], [121.79346, -7.47261], [121.79372, -7.47244], [121.79388, -7.47226], [121.79409, -7.47219], [121.79425, -7.47222], [121.79444, -7.47215], [121.79457, -7.47207], [121.79495, -7.47187], [121.79505, -7.4716], [121.79544, -7.47162], [121.79573, -7.47186], [121.79605, -7.47215], [121.79622, -7.47216], [121.79646, -7.47221], [121.79674, -7.47212], [121.79693, -7.47217], [121.79735, -7.4722], [121.79794, -7.47234], [121.79811, -7.47242], [121.79834, -7.47255], [121.79863, -7.47261], [121.79894, -7.47264], [121.79907, -7.47257], [121.79942, -7.47259], [121.79959, -7.47276], [121.79958, -7.47283], [121.7998, -7.47313], [121.79989, -7.47356], [121.80006, -7.47387], [121.80018, -7.47422], [121.80028, -7.47457], [121.8002, -7.47477], [121.80069, -7.47549], [121.80085, -7.47555], [121.80102, -7.47585], [121.80125, -7.47596], [121.80153, -7.47594], [121.80225, -7.47654], [121.80232, -7.47681], [121.8025, -7.47725], [121.80282, -7.47778], [121.8029, -7.47811], [121.80308, -7.47891], [121.80311, -7.4794], [121.80326, -7.47977], [121.80335, -7.48044], [121.80334, -7.48071], [121.8033, -7.48095], [121.80332, -7.48141], [121.80311, -7.48163], [121.80297, -7.48181], [121.80291, -7.4822], [121.80286, -7.4825], [121.80281, -7.48269], [121.80271, -7.48282], [121.80243, -7.48269], [121.80194, -7.48284], [121.80182, -7.48316], [121.80139, -7.48387], [121.80132, -7.48437], [121.80122, -7.48477], [121.80093, -7.48553], [121.80073, -7.48601], [121.80056, -7.48688], [121.80056, -7.48721], [121.80009, -7.48729], [121.79966, -7.4872], [121.799, -7.48725], [121.79796, -7.48779], [121.7975, -7.48805], [121.79715, -7.48817], [121.79685, -7.48803], [121.79665, -7.48803], [121.79618, -7.48788], [121.79549, -7.48754], [121.79437, -7.48736], [121.79378, -7.48722], [121.79351, -7.48737], [121.79273, -7.48715], [121.79211, -7.48696], [121.79125, -7.48676], [121.79016, -7.48679], [121.7895, -7.48704], [121.78913, -7.48757], [121.78794, -7.48771], [121.78685, -7.48775], [121.78654, -7.48787], [121.7861, -7.48789], [121.78564, -7.48804], [121.78555, -7.48809], [121.78521, -7.48809], [121.78489, -7.48832], [121.7846, -7.48848], [121.78414, -7.48863], [121.78379, -7.48871], [121.7834, -7.48898], [121.78296, -7.48877], [121.78269, -7.48869], [121.78225, -7.4883], [121.78187, -7.48814], [121.78151, -7.48814], [121.78095, -7.48815], [121.78033, -7.48828], [121.78016, -7.48823], [121.78013, -7.48801], [121.77961, -7.48787], [121.7789, -7.4883], [121.77811, -7.48812], [121.77809, -7.48839], [121.77788, -7.48863], [121.77729, -7.48864], [121.77711, -7.48878], [121.77687, -7.4886], [121.7761, -7.4886], [121.77601, -7.48872], [121.77556, -7.48883], [121.77516, -7.48887], [121.77436, -7.4889], [121.77407, -7.48885], [121.77389, -7.4889], [121.77367, -7.48883], [121.77345, -7.48893], [121.77176, -7.48938], [121.77146, -7.48976], [121.77125, -7.49], [121.77109, -7.49017], [121.77094, -7.49015], [121.77036, -7.49014], [121.76928, -7.4904], [121.76905, -7.49049], [121.76868, -7.49073], [121.76801, -7.49099], [121.76709, -7.49154], [121.76675, -7.49163], [121.76606, -7.49197], [121.76529, -7.49209], [121.7647, -7.4921], [121.76355, -7.49202], [121.76272, -7.49196], [121.76197, -7.49216], [121.76106, -7.4924], [121.76088, -7.4927], [121.76058, -7.49297], [121.76035, -7.49312], [121.76007, -7.49324], [121.75951, -7.49342], [121.75915, -7.49373], [121.75909, -7.49379], [121.75884, -7.49389], [121.75863, -7.49397], [121.75844, -7.49398], [121.75807, -7.49407], [121.75776, -7.49411], [121.75774, -7.49411]]], [[[121.4238, -7.45225], [121.42387, -7.45233], [121.42389, -7.45242], [121.42386, -7.45253], [121.42386, -7.45264], [121.42392, -7.45269], [121.42402, -7.45269], [121.42413, -7.45266], [121.42423, -7.45264], [121.42445, -7.45288], [121.42464, -7.45304], [121.42475, -7.45315], [121.4249, -7.45335], [121.42501, -7.45353], [121.42518, -7.45379], [121.42539, -7.45397], [121.42568, -7.45424], [121.42581, -7.45437], [121.42617, -7.45495], [121.42625, -7.45505], [121.4263, -7.45516], [121.42635, -7.45529], [121.42642, -7.4554], [121.42652, -7.45552], [121.4266, -7.45558], [121.42671, -7.45572], [121.42676, -7.45579], [121.42686, -7.45621], [121.42695, -7.45632], [121.42707, -7.4565], [121.42714, -7.45663], [121.42732, -7.45698], [121.42746, -7.45715], [121.42755, -7.45727], [121.42768, -7.45747], [121.42791, -7.45776], [121.42801, -7.4579], [121.4281, -7.45805], [121.42817, -7.45824], [121.42824, -7.4584], [121.4283, -7.45861], [121.42831, -7.45874], [121.42837, -7.45888], [121.42846, -7.45935], [121.42848, -7.45956], [121.42848, -7.45985], [121.42848, -7.45993], [121.42848, -7.4604], [121.4285, -7.4606], [121.42853, -7.46087], [121.42854, -7.46105], [121.42855, -7.46128], [121.42854, -7.46152], [121.42854, -7.46162], [121.42858, -7.46217], [121.42854, -7.46252], [121.42846, -7.46285], [121.42802, -7.46381], [121.42788, -7.46399], [121.42774, -7.46422], [121.42759, -7.46435], [121.42682, -7.46503], [121.42662, -7.46532], [121.42641, -7.46547], [121.42616, -7.46549], [121.42586, -7.46548], [121.42572, -7.46554], [121.42561, -7.46569], [121.42545, -7.46572], [121.42517, -7.46568], [121.425, -7.46557], [121.42485, -7.46561], [121.42483, -7.46577], [121.42478, -7.46593], [121.42437, -7.46591], [121.42351, -7.46587], [121.42309, -7.46581], [121.42305, -7.46575], [121.42306, -7.46556], [121.42313, -7.46544], [121.42334, -7.46538], [121.4235, -7.46531], [121.42362, -7.46521], [121.42371, -7.46505], [121.42373, -7.46466], [121.42331, -7.46417], [121.42287, -7.4641], [121.42251, -7.46414], [121.42174, -7.46395], [121.42143, -7.4638], [121.4213, -7.46378], [121.42115, -7.46377], [121.42098, -7.46383], [121.42084, -7.46395], [121.42076, -7.46403], [121.42065, -7.4642], [121.42063, -7.46427], [121.42063, -7.46443], [121.42059, -7.46455], [121.42048, -7.46461], [121.42031, -7.46456], [121.42014, -7.4644], [121.41997, -7.4643], [121.4198, -7.46423], [121.41953, -7.46407], [121.41943, -7.46397], [121.41931, -7.46406], [121.41916, -7.46411], [121.41895, -7.46408], [121.41867, -7.464], [121.41853, -7.46388], [121.41846, -7.46373], [121.41842, -7.46349], [121.41828, -7.46331], [121.41754, -7.46282], [121.41736, -7.46276], [121.41711, -7.4627], [121.41694, -7.46264], [121.41665, -7.46266], [121.41646, -7.46258], [121.41617, -7.46248], [121.41602, -7.46238], [121.41593, -7.46228], [121.41593, -7.46201], [121.41595, -7.46185], [121.41584, -7.4617], [121.41544, -7.46125], [121.41531, -7.46104], [121.41495, -7.46011], [121.41483, -7.45992], [121.41467, -7.45976], [121.41434, -7.45964], [121.4139, -7.45957], [121.4137, -7.45944], [121.4137, -7.45923], [121.41377, -7.45907], [121.41378, -7.45861], [121.41342, -7.45804], [121.41342, -7.45787], [121.41334, -7.45761], [121.41293, -7.45715], [121.41294, -7.45671], [121.4131, -7.45618], [121.41368, -7.45535], [121.41368, -7.455], [121.41366, -7.45458], [121.41365, -7.45425], [121.41371, -7.45405], [121.41419, -7.45309], [121.41426, -7.4529], [121.41432, -7.45271], [121.41433, -7.4525], [121.41426, -7.45227], [121.41423, -7.45208], [121.41412, -7.4517], [121.41424, -7.45149], [121.4144, -7.45126], [121.41459, -7.4511], [121.41493, -7.45075], [121.41503, -7.45064], [121.4152, -7.45053], [121.41531, -7.45044], [121.41541, -7.45038], [121.41553, -7.45033], [121.41565, -7.45033], [121.41574, -7.45037], [121.41583, -7.45044], [121.41593, -7.45052], [121.41602, -7.45054], [121.41612, -7.45054], [121.41627, -7.4505], [121.41649, -7.45043], [121.41659, -7.45034], [121.41659, -7.45022], [121.41657, -7.45008], [121.41661, -7.44998], [121.41667, -7.44994], [121.41678, -7.44989], [121.41701, -7.44985], [121.41714, -7.44982], [121.41722, -7.4498], [121.41735, -7.44978], [121.41745, -7.44982], [121.41749, -7.44986], [121.41758, -7.44994], [121.41762, -7.45006], [121.41773, -7.45018], [121.41788, -7.45024], [121.41822, -7.45025], [121.41841, -7.45019], [121.41854, -7.4501], [121.41866, -7.45003], [121.41885, -7.44996], [121.41894, -7.44987], [121.41901, -7.44977], [121.41957, -7.44965], [121.41971, -7.44968], [121.41998, -7.44971], [121.42017, -7.44977], [121.42041, -7.44986], [121.42057, -7.44992], [121.42081, -7.44998], [121.42102, -7.45013], [121.4212, -7.45024], [121.42137, -7.45038], [121.42172, -7.45079], [121.42189, -7.45091], [121.42203, -7.451], [121.42219, -7.45108], [121.42235, -7.45119], [121.42289, -7.45153], [121.42307, -7.45164], [121.4232, -7.45174], [121.42333, -7.45184], [121.42345, -7.45194], [121.4236, -7.45203], [121.42371, -7.45217], [121.4238, -7.45225]]], [[[121.75075, -7.41828], [121.74911, -7.41695], [121.74845, -7.41641], [121.74693, -7.41542], [121.74661, -7.41505], [121.74631, -7.41487], [121.74612, -7.41434], [121.74596, -7.4138], [121.7456, -7.41334], [121.74555, -7.41236], [121.74552, -7.41168], [121.7453, -7.41132], [121.74495, -7.41098], [121.74478, -7.41058], [121.74481, -7.40965], [121.74478, -7.40922], [121.74485, -7.40881], [121.74463, -7.40822], [121.74451, -7.40786], [121.7446, -7.40721], [121.74509, -7.40631], [121.74484, -7.40573], [121.74465, -7.40499], [121.74438, -7.40462], [121.74453, -7.40378], [121.74467, -7.40342], [121.74467, -7.40277], [121.74463, -7.40227], [121.74497, -7.40108], [121.74514, -7.40058], [121.7449, -7.40016], [121.74553, -7.39901], [121.74607, -7.39856], [121.74521, -7.3981], [121.74477, -7.39782], [121.74454, -7.39731], [121.74487, -7.39658], [121.74496, -7.39567], [121.74552, -7.39511], [121.74531, -7.39486], [121.74512, -7.39438], [121.74531, -7.39391], [121.74545, -7.39354], [121.74504, -7.39314], [121.74474, -7.39268], [121.74485, -7.39222], [121.74517, -7.39162], [121.74492, -7.39134], [121.74489, -7.39089], [121.74464, -7.39035], [121.74524, -7.3896], [121.74515, -7.38876], [121.74492, -7.38763], [121.74511, -7.38674], [121.74519, -7.38556], [121.74499, -7.38425], [121.74538, -7.3836], [121.74538, -7.3829], [121.74601, -7.38264], [121.74653, -7.38141], [121.74676, -7.3802], [121.74674, -7.37934], [121.7467, -7.37917], [121.7466, -7.37885], [121.7489, -7.3793], [121.74987, -7.37929], [121.75159, -7.37865], [121.75248, -7.37789], [121.75326, -7.37654], [121.75374, -7.37598], [121.75405, -7.37373], [121.75397, -7.37162], [121.75406, -7.36595], [121.75411, -7.36286], [121.7541, -7.35859], [121.75398, -7.35568], [121.75397, -7.35299], [121.75432, -7.35194], [121.75481, -7.35105], [121.75535, -7.35009], [121.75617, -7.34923], [121.75675, -7.34804], [121.75731, -7.34712], [121.75858, -7.34556], [121.75943, -7.34451], [121.76077, -7.34447], [121.76244, -7.34593], [121.76415, -7.3464], [121.76545, -7.34586], [121.76665, -7.34537], [121.76865, -7.34474], [121.77013, -7.34454], [121.77143, -7.34186], [121.77214, -7.34025], [121.77322, -7.33943], [121.77403, -7.33914], [121.77572, -7.33945], [121.77783, -7.33933], [121.77929, -7.33915], [121.78068, -7.33874], [121.78146, -7.33788], [121.78203, -7.3374], [121.78369, -7.33651], [121.78398, -7.33594], [121.78481, -7.33478], [121.78585, -7.33404], [121.7864, -7.33419], [121.78686, -7.33444], [121.78786, -7.33456], [121.78879, -7.33469], [121.79125, -7.3348], [121.79161, -7.33455], [121.79225, -7.33431], [121.79304, -7.33416], [121.79362, -7.33391], [121.79448, -7.33372], [121.79508, -7.33345], [121.79574, -7.33314], [121.79617, -7.3331], [121.79672, -7.33302], [121.79744, -7.33291], [121.79881, -7.33255], [121.79955, -7.33245], [121.80008, -7.33258], [121.80058, -7.3325], [121.8012, -7.33223], [121.80177, -7.33209], [121.80247, -7.33196], [121.80415, -7.33173], [121.80523, -7.33169], [121.80669, -7.3315], [121.8077, -7.3314], [121.80821, -7.33171], [121.80906, -7.33143], [121.80987, -7.33115], [121.81085, -7.33093], [121.81139, -7.33096], [121.81226, -7.33086], [121.81286, -7.33087], [121.81335, -7.33093], [121.81451, -7.33087], [121.81549, -7.33084], [121.81605, -7.33047], [121.81636, -7.33007], [121.81722, -7.33024], [121.81798, -7.33062], [121.81837, -7.33064], [121.81906, -7.33069], [121.81933, -7.33058], [121.81975, -7.33051], [121.82011, -7.33061], [121.82054, -7.33084], [121.82094, -7.33086], [121.82163, -7.33066], [121.82234, -7.33138], [121.82285, -7.33109], [121.82356, -7.33165], [121.82409, -7.33175], [121.82434, -7.33193], [121.82474, -7.33215], [121.82535, -7.3323], [121.82582, -7.33239], [121.82619, -7.33252], [121.82636, -7.33277], [121.82671, -7.33281], [121.82704, -7.33275], [121.82745, -7.33303], [121.82785, -7.33314], [121.82811, -7.33343], [121.82835, -7.33373], [121.82863, -7.33395], [121.82891, -7.33415], [121.82931, -7.33431], [121.82977, -7.3347], [121.83007, -7.3354], [121.83049, -7.33575], [121.83061, -7.33615], [121.83064, -7.33655], [121.83061, -7.33696], [121.83152, -7.33809], [121.83203, -7.33858], [121.83226, -7.33918], [121.83293, -7.33986], [121.83359, -7.34062], [121.8343, -7.34161], [121.83559, -7.34357], [121.83621, -7.34391], [121.83699, -7.34468], [121.83762, -7.3456], [121.83796, -7.34614], [121.83836, -7.34668], [121.83874, -7.34771], [121.83946, -7.34903], [121.8397, -7.34956], [121.84014, -7.35128], [121.84017, -7.35199], [121.8401, -7.35254], [121.83984, -7.35277], [121.83961, -7.35321], [121.83944, -7.35425], [121.83908, -7.355], [121.83881, -7.35588], [121.8388, -7.35673], [121.83884, -7.35831], [121.83903, -7.35991], [121.83897, -7.3604], [121.83901, -7.3609], [121.83889, -7.36192], [121.83885, -7.36281], [121.83882, -7.36311], [121.83872, -7.36351], [121.83866, -7.3638], [121.83865, -7.36437], [121.83855, -7.36497], [121.8388, -7.36515], [121.83884, -7.36569], [121.83878, -7.36611], [121.83847, -7.36636], [121.83876, -7.36671], [121.83858, -7.36715], [121.83855, -7.36736], [121.83872, -7.36769], [121.83863, -7.36806], [121.83841, -7.36836], [121.83858, -7.3688], [121.83857, -7.36913], [121.83855, -7.3694], [121.83866, -7.36976], [121.83833, -7.37017], [121.83858, -7.37075], [121.83935, -7.3705], [121.83984, -7.37154], [121.83967, -7.37185], [121.8394, -7.37222], [121.83915, -7.3725], [121.83898, -7.37267], [121.83851, -7.37297], [121.83786, -7.37372], [121.83627, -7.37555], [121.83551, -7.37657], [121.83568, -7.37699], [121.83565, -7.37732], [121.83544, -7.37742], [121.83533, -7.37786], [121.83496, -7.37847], [121.83455, -7.37874], [121.83421, -7.37897], [121.83379, -7.37895], [121.83169, -7.38096], [121.83001, -7.38341], [121.82868, -7.38538], [121.82775, -7.38738], [121.8266, -7.38937], [121.826, -7.39077], [121.82554, -7.39151], [121.8252, -7.39213], [121.82465, -7.39332], [121.82446, -7.39388], [121.82417, -7.3947], [121.82421, -7.39522], [121.82397, -7.39563], [121.82342, -7.3963], [121.82333, -7.39687], [121.82247, -7.3977], [121.82176, -7.39812], [121.8214, -7.3986], [121.82105, -7.39874], [121.82061, -7.3991], [121.81999, -7.39933], [121.81937, -7.39944], [121.81894, -7.39921], [121.81838, -7.39914], [121.81774, -7.39943], [121.81704, -7.39968], [121.81657, -7.40003], [121.81633, -7.40021], [121.81606, -7.40051], [121.81555, -7.40082], [121.8151, -7.40093], [121.81476, -7.40117], [121.81449, -7.40122], [121.81408, -7.40141], [121.81351, -7.40159], [121.81302, -7.40176], [121.81263, -7.40199], [121.8122, -7.40241], [121.8118, -7.4027], [121.81138, -7.40291], [121.81086, -7.40336], [121.81042, -7.40363], [121.80985, -7.40376], [121.80943, -7.40349], [121.80874, -7.40361], [121.80789, -7.40402], [121.80732, -7.40436], [121.80633, -7.40489], [121.80566, -7.40541], [121.80481, -7.4058], [121.80416, -7.40585], [121.80272, -7.40631], [121.80183, -7.40688], [121.79994, -7.40814], [121.79902, -7.40896], [121.79822, -7.40976], [121.79766, -7.41047], [121.79739, -7.41089], [121.7969, -7.41115], [121.79642, -7.41144], [121.79541, -7.41264], [121.79514, -7.4132], [121.79475, -7.4131], [121.79432, -7.41314], [121.79391, -7.41324], [121.79309, -7.41391], [121.79269, -7.41422], [121.79228, -7.41465], [121.79195, -7.41507], [121.79177, -7.41553], [121.79149, -7.41589], [121.79107, -7.41589], [121.79067, -7.41575], [121.78979, -7.41625], [121.78971, -7.41666], [121.78919, -7.4169], [121.78895, -7.41743], [121.78931, -7.41765], [121.78935, -7.4179], [121.78881, -7.41799], [121.78849, -7.41815], [121.78818, -7.41818], [121.78782, -7.41824], [121.78753, -7.4187], [121.78703, -7.41864], [121.78648, -7.41908], [121.78662, -7.41946], [121.78643, -7.41977], [121.78619, -7.41992], [121.78572, -7.41999], [121.78514, -7.42011], [121.78456, -7.42025], [121.78404, -7.42014], [121.78304, -7.42041], [121.78175, -7.42181], [121.78202, -7.42229], [121.78225, -7.42262], [121.78198, -7.42288], [121.78136, -7.42312], [121.78106, -7.42351], [121.7805, -7.4238], [121.78027, -7.4233], [121.78029, -7.42305], [121.77992, -7.42311], [121.77968, -7.42314], [121.77951, -7.42288], [121.77931, -7.42245], [121.77866, -7.42264], [121.77754, -7.42232], [121.77435, -7.42232], [121.77329, -7.42283], [121.77308, -7.42303], [121.77277, -7.42328], [121.772, -7.42384], [121.77125, -7.42425], [121.77037, -7.42402], [121.77001, -7.42391], [121.76896, -7.42373], [121.76846, -7.42357], [121.76638, -7.42281], [121.76564, -7.42296], [121.76292, -7.42343], [121.76154, -7.42276], [121.76046, -7.4224], [121.75912, -7.42188], [121.75821, -7.42212], [121.75762, -7.42231], [121.75689, -7.42258], [121.7566, -7.42303], [121.75558, -7.42293], [121.75502, -7.423], [121.75457, -7.42284], [121.75393, -7.42186], [121.75323, -7.42121], [121.75257, -7.42041], [121.75075, -7.41828]]], [[[121.7511, -7.28815], [121.74997, -7.28902], [121.74927, -7.28922], [121.74891, -7.28944], [121.74863, -7.28969], [121.74812, -7.2898], [121.74754, -7.28972], [121.74709, -7.28972], [121.7467, -7.29004], [121.74588, -7.29021], [121.74509, -7.29047], [121.74456, -7.29074], [121.74382, -7.29085], [121.74334, -7.291], [121.74287, -7.29121], [121.74213, -7.29125], [121.7414, -7.2913], [121.74055, -7.2914], [121.73864, -7.29173], [121.73729, -7.29173], [121.73535, -7.29251], [121.73254, -7.29387], [121.73217, -7.29412], [121.73178, -7.29426], [121.73131, -7.29461], [121.73069, -7.29486], [121.73027, -7.29504], [121.7298, -7.29505], [121.72951, -7.29509], [121.72913, -7.29503], [121.72839, -7.29514], [121.72818, -7.29505], [121.72781, -7.29476], [121.72757, -7.29448], [121.72743, -7.29406], [121.7274, -7.29344], [121.72744, -7.29257], [121.7275, -7.29188], [121.72757, -7.29137], [121.72784, -7.29062], [121.72808, -7.29035], [121.72831, -7.29011], [121.72891, -7.28982], [121.72915, -7.28973], [121.72937, -7.28938], [121.72979, -7.28908], [121.73016, -7.28866], [121.73028, -7.28837], [121.73071, -7.2855], [121.73071, -7.2843], [121.73071, -7.28377], [121.73078, -7.28288], [121.73069, -7.28186], [121.73014, -7.28065], [121.72958, -7.28041], [121.72978, -7.2789], [121.73008, -7.27824], [121.73035, -7.27791], [121.7307, -7.27774], [121.73095, -7.27757], [121.73113, -7.27732], [121.73125, -7.27763], [121.73117, -7.27795], [121.73102, -7.27872], [121.73094, -7.27891], [121.73083, -7.2795], [121.73121, -7.27985], [121.73174, -7.28012], [121.7321, -7.28027], [121.73307, -7.28042], [121.73331, -7.28025], [121.73403, -7.27995], [121.73531, -7.27983], [121.73605, -7.2795], [121.73639, -7.27928], [121.73691, -7.2788], [121.73723, -7.27872], [121.73752, -7.27832], [121.73767, -7.27818], [121.73767, -7.27808], [121.7378, -7.27774], [121.73813, -7.27751], [121.7384, -7.27701], [121.73874, -7.2764], [121.73887, -7.27612], [121.73898, -7.27566], [121.7394, -7.27513], [121.73971, -7.27417], [121.73982, -7.27378], [121.74006, -7.27339], [121.74028, -7.2727], [121.7403, -7.27263], [121.74077, -7.27154], [121.74104, -7.27155], [121.74155, -7.27156], [121.74198, -7.27134], [121.74254, -7.27183], [121.74265, -7.27192], [121.74406, -7.27109], [121.7448, -7.27009], [121.74555, -7.26822], [121.74593, -7.26663], [121.74607, -7.26621], [121.74624, -7.26594], [121.74742, -7.26707], [121.74904, -7.26737], [121.74954, -7.26686], [121.75008, -7.26678], [121.7503, -7.26656], [121.75073, -7.26643], [121.75111, -7.26636], [121.75151, -7.26599], [121.75163, -7.26533], [121.75195, -7.26483], [121.75271, -7.2631], [121.75209, -7.26234], [121.75194, -7.26157], [121.75264, -7.26192], [121.75367, -7.2621], [121.7545, -7.26199], [121.75546, -7.26153], [121.75671, -7.26252], [121.75754, -7.26326], [121.75799, -7.2636], [121.75898, -7.2638], [121.76025, -7.26413], [121.76078, -7.26492], [121.76099, -7.26525], [121.76125, -7.26576], [121.76167, -7.26586], [121.76194, -7.26531], [121.76197, -7.26445], [121.76186, -7.26363], [121.76184, -7.26288], [121.76174, -7.26257], [121.76151, -7.2623], [121.76113, -7.26227], [121.76083, -7.26214], [121.76047, -7.26219], [121.76026, -7.2618], [121.76012, -7.2615], [121.75993, -7.26116], [121.75974, -7.26094], [121.75963, -7.26071], [121.75991, -7.26069], [121.76049, -7.26069], [121.76092, -7.26097], [121.76124, -7.26127], [121.7621, -7.26143], [121.76272, -7.26133], [121.76333, -7.26169], [121.76366, -7.26175], [121.76375, -7.26164], [121.7641, -7.26137], [121.76462, -7.26114], [121.76479, -7.26073], [121.7652, -7.26078], [121.76565, -7.26106], [121.76652, -7.26257], [121.76741, -7.26311], [121.76916, -7.26374], [121.76993, -7.26392], [121.77008, -7.264], [121.771, -7.2649], [121.77183, -7.26564], [121.77198, -7.26575], [121.77327, -7.26683], [121.77432, -7.26766], [121.77538, -7.26805], [121.77588, -7.26862], [121.77677, -7.26988], [121.77743, -7.27095], [121.77805, -7.27163], [121.77835, -7.27193], [121.77863, -7.27219], [121.77892, -7.27279], [121.77895, -7.27326], [121.7788, -7.27363], [121.77892, -7.2742], [121.77927, -7.2747], [121.77949, -7.275], [121.77938, -7.27537], [121.77921, -7.27573], [121.77868, -7.27681], [121.77838, -7.27707], [121.77805, -7.27719], [121.77814, -7.27759], [121.77779, -7.27763], [121.77768, -7.27767], [121.77736, -7.27779], [121.77704, -7.27803], [121.77678, -7.27851], [121.77662, -7.27917], [121.77645, -7.27959], [121.77591, -7.2808], [121.77541, -7.28229], [121.77504, -7.28311], [121.77423, -7.28462], [121.77327, -7.28641], [121.77312, -7.28651], [121.77291, -7.28661], [121.7723, -7.28691], [121.77193, -7.28712], [121.77178, -7.28708], [121.77144, -7.28713], [121.77111, -7.28709], [121.77089, -7.28692], [121.77014, -7.28696], [121.76936, -7.2871], [121.76872, -7.28722], [121.76867, -7.2872], [121.76778, -7.28723], [121.76742, -7.28724], [121.76613, -7.28732], [121.76453, -7.28753], [121.76344, -7.28741], [121.76075, -7.28767], [121.75908, -7.28761], [121.75749, -7.287], [121.75544, -7.28657], [121.75454, -7.28671], [121.75407, -7.28675], [121.75344, -7.28692], [121.75272, -7.28715], [121.75232, -7.28734], [121.75192, -7.28767], [121.7515, -7.28805], [121.7511, -7.28815]]], [[[121.74696, -7.23876], [121.74707, -7.23893], [121.74716, -7.23913], [121.74716, -7.23916], [121.74722, -7.23928], [121.74732, -7.23935], [121.7474, -7.23946], [121.74745, -7.23953], [121.74755, -7.23969], [121.74763, -7.2398], [121.74771, -7.23999], [121.74777, -7.24022], [121.74777, -7.24022], [121.74778, -7.24023], [121.74784, -7.24036], [121.74786, -7.24047], [121.74782, -7.24063], [121.74776, -7.24083], [121.74768, -7.24103], [121.74768, -7.24102], [121.74768, -7.24104], [121.74763, -7.24114], [121.74766, -7.24123], [121.74771, -7.24128], [121.74769, -7.24146], [121.74773, -7.24164], [121.74768, -7.24182], [121.74767, -7.2421], [121.74762, -7.24213], [121.74751, -7.242], [121.74744, -7.24187], [121.7474, -7.2418], [121.74741, -7.24174], [121.74734, -7.24162], [121.74737, -7.24154], [121.74735, -7.24143], [121.74735, -7.2413], [121.74723, -7.24118], [121.74725, -7.24109], [121.74717, -7.24107], [121.74715, -7.24098], [121.74719, -7.24087], [121.74711, -7.24076], [121.74708, -7.24068], [121.74703, -7.24056], [121.74706, -7.24044], [121.74707, -7.24034], [121.74706, -7.24024], [121.74702, -7.24015], [121.74705, -7.24006], [121.74705, -7.24005], [121.74709, -7.23991], [121.74699, -7.23973], [121.7469, -7.23959], [121.74679, -7.23958], [121.74673, -7.23961], [121.74669, -7.23958], [121.74656, -7.23948], [121.74657, -7.23936], [121.74648, -7.23929], [121.74644, -7.23921], [121.74634, -7.23908], [121.74629, -7.23897], [121.74619, -7.23891], [121.74612, -7.23883], [121.7461, -7.23879], [121.74606, -7.23859], [121.74608, -7.23837], [121.74609, -7.23836], [121.7461, -7.23833], [121.74611, -7.23823], [121.74629, -7.23817], [121.74641, -7.2382], [121.74651, -7.23821], [121.74663, -7.23822], [121.7468, -7.23845], [121.74696, -7.23876]]], [[[121.74279, -7.22735], [121.7434, -7.2271], [121.7436, -7.22691], [121.74362, -7.22683], [121.74364, -7.22672], [121.74363, -7.22669], [121.74354, -7.22655], [121.74367, -7.22643], [121.74387, -7.22639], [121.74432, -7.22625], [121.74436, -7.22608], [121.74454, -7.22604], [121.74474, -7.22608], [121.74499, -7.22608], [121.74535, -7.22593], [121.74559, -7.2259], [121.74604, -7.22609], [121.74638, -7.22623], [121.74663, -7.22624], [121.74704, -7.22624], [121.74731, -7.22606], [121.74749, -7.22595], [121.74754, -7.22587], [121.74758, -7.22579], [121.7479, -7.22551], [121.74795, -7.22536], [121.74808, -7.22544], [121.74812, -7.22546], [121.74816, -7.22547], [121.74825, -7.22544], [121.74841, -7.22536], [121.74846, -7.22531], [121.74842, -7.22523], [121.74829, -7.22467], [121.74803, -7.22428], [121.74788, -7.22421], [121.74779, -7.22402], [121.74769, -7.22384], [121.74752, -7.22341], [121.74749, -7.22335], [121.74749, -7.22328], [121.74759, -7.22312], [121.74765, -7.223], [121.74768, -7.22295], [121.74768, -7.22291], [121.7477, -7.22282], [121.74768, -7.22272], [121.74775, -7.2226], [121.74786, -7.22254], [121.74799, -7.22254], [121.74807, -7.22267], [121.74814, -7.22283], [121.74816, -7.22283], [121.74841, -7.22285], [121.74883, -7.22276], [121.74889, -7.22264], [121.74893, -7.2226], [121.74901, -7.22264], [121.74912, -7.22264], [121.74918, -7.22259], [121.74927, -7.22255], [121.74938, -7.22255], [121.74948, -7.22248], [121.74961, -7.22243], [121.74967, -7.22237], [121.74974, -7.22228], [121.7499, -7.22229], [121.75004, -7.22235], [121.75016, -7.22241], [121.75031, -7.22244], [121.75051, -7.22243], [121.75059, -7.22239], [121.75078, -7.22246], [121.75088, -7.22245], [121.75093, -7.22241], [121.75104, -7.22239], [121.75121, -7.22236], [121.75134, -7.22243], [121.75147, -7.22246], [121.75158, -7.22249], [121.75171, -7.22251], [121.75175, -7.22256], [121.75178, -7.22259], [121.75188, -7.22259], [121.75209, -7.22262], [121.75218, -7.22276], [121.75225, -7.22281], [121.75232, -7.2228], [121.75241, -7.22272], [121.75253, -7.22269], [121.75266, -7.2227], [121.75277, -7.22281], [121.75298, -7.22293], [121.75311, -7.22304], [121.75325, -7.22315], [121.75344, -7.22323], [121.75363, -7.22331], [121.75372, -7.22331], [121.75378, -7.22324], [121.75394, -7.22323], [121.75409, -7.2233], [121.75422, -7.2234], [121.75429, -7.22356], [121.75439, -7.2238], [121.75442, -7.22383], [121.75455, -7.22374], [121.75467, -7.22371], [121.75483, -7.22374], [121.75499, -7.22376], [121.75501, -7.22377], [121.75513, -7.22383], [121.75525, -7.22395], [121.75548, -7.22423], [121.75558, -7.22451], [121.7556, -7.22466], [121.75573, -7.22471], [121.75588, -7.22471], [121.75601, -7.22469], [121.75615, -7.22477], [121.75623, -7.22488], [121.75621, -7.22499], [121.75626, -7.2251], [121.75635, -7.22512], [121.75633, -7.22523], [121.75621, -7.22534], [121.75628, -7.22541], [121.75643, -7.22542], [121.75649, -7.22544], [121.75659, -7.22548], [121.75666, -7.22558], [121.75681, -7.22567], [121.75682, -7.22575], [121.75678, -7.2258], [121.75687, -7.22586], [121.7569, -7.22596], [121.7569, -7.22607], [121.75692, -7.22628], [121.75696, -7.22638], [121.75703, -7.22653], [121.7571, -7.22666], [121.75715, -7.22674], [121.7572, -7.22677], [121.75729, -7.22692], [121.75731, -7.22711], [121.7573, -7.22737], [121.75731, -7.22757], [121.75738, -7.22774], [121.7574, -7.2278], [121.75739, -7.22789], [121.75739, -7.22801], [121.75733, -7.22818], [121.75729, -7.22828], [121.75719, -7.22833], [121.7571, -7.22835], [121.75713, -7.22844], [121.75706, -7.22849], [121.75704, -7.22852], [121.757, -7.22858], [121.75699, -7.22865], [121.75705, -7.22869], [121.75709, -7.22875], [121.75716, -7.22886], [121.75717, -7.22904], [121.75711, -7.22902], [121.7571, -7.22908], [121.75712, -7.22923], [121.7571, -7.22931], [121.75705, -7.22937], [121.75709, -7.22957], [121.75688, -7.23001], [121.75664, -7.23047], [121.75655, -7.23068], [121.75641, -7.23078], [121.75627, -7.23086], [121.75615, -7.23112], [121.75589, -7.23138], [121.75573, -7.23143], [121.75563, -7.2315], [121.75551, -7.2316], [121.75534, -7.23175], [121.7552, -7.23181], [121.75496, -7.23182], [121.75493, -7.23181], [121.75487, -7.23185], [121.75478, -7.23196], [121.75452, -7.23202], [121.75418, -7.23198], [121.75398, -7.23198], [121.75383, -7.23204], [121.75369, -7.23202], [121.75322, -7.23226], [121.75291, -7.23247], [121.75279, -7.23245], [121.75268, -7.23244], [121.75258, -7.2325], [121.75251, -7.23254], [121.75245, -7.23265], [121.75226, -7.23267], [121.75206, -7.23268], [121.75194, -7.23269], [121.75181, -7.23271], [121.75174, -7.23265], [121.75152, -7.23248], [121.75143, -7.23238], [121.75134, -7.23225], [121.75125, -7.23211], [121.75124, -7.23209], [121.75087, -7.23205], [121.75075, -7.23208], [121.7506, -7.23211], [121.75025, -7.2322], [121.74994, -7.23213], [121.74971, -7.23209], [121.74916, -7.23246], [121.74876, -7.23307], [121.74872, -7.23313], [121.74827, -7.23409], [121.74818, -7.23429], [121.74814, -7.23466], [121.74814, -7.23494], [121.7482, -7.23508], [121.74831, -7.23514], [121.74837, -7.23524], [121.74839, -7.2354], [121.74846, -7.23552], [121.7485, -7.23559], [121.74861, -7.23566], [121.74862, -7.23576], [121.74855, -7.23592], [121.74849, -7.2362], [121.74835, -7.23674], [121.74824, -7.23681], [121.74794, -7.23687], [121.74799, -7.2372], [121.748, -7.23733], [121.74791, -7.23735], [121.74781, -7.23784], [121.74792, -7.23806], [121.74775, -7.23843], [121.74758, -7.23788], [121.74744, -7.23758], [121.74741, -7.23718], [121.74729, -7.23698], [121.74716, -7.23662], [121.74729, -7.23631], [121.74726, -7.23605], [121.74714, -7.23603], [121.74705, -7.23592], [121.74705, -7.23568], [121.74704, -7.23538], [121.74708, -7.23519], [121.74701, -7.23486], [121.74661, -7.23439], [121.74656, -7.23423], [121.74664, -7.2342], [121.74663, -7.23405], [121.74646, -7.23404], [121.74645, -7.234], [121.74627, -7.23404], [121.74602, -7.23389], [121.74595, -7.23369], [121.74584, -7.23355], [121.74573, -7.23343], [121.74568, -7.23334], [121.74568, -7.23331], [121.74568, -7.23319], [121.74551, -7.23312], [121.74538, -7.23302], [121.74534, -7.233], [121.74526, -7.23296], [121.74508, -7.23287], [121.74509, -7.23275], [121.74509, -7.2327], [121.74496, -7.23259], [121.74485, -7.2325], [121.74473, -7.2323], [121.74457, -7.23215], [121.74435, -7.23209], [121.74423, -7.23197], [121.74409, -7.23181], [121.74394, -7.23174], [121.7438, -7.23169], [121.74377, -7.23168], [121.74376, -7.23167], [121.74368, -7.23156], [121.74338, -7.23148], [121.74307, -7.23144], [121.74302, -7.23155], [121.74297, -7.23163], [121.74292, -7.2317], [121.74271, -7.23178], [121.7426, -7.23187], [121.74247, -7.23198], [121.7424, -7.2322], [121.74238, -7.23241], [121.74233, -7.23246], [121.74222, -7.23255], [121.74209, -7.2325], [121.74199, -7.23235], [121.74152, -7.23157], [121.74131, -7.23116], [121.74101, -7.23077], [121.74064, -7.23052], [121.74026, -7.23032], [121.74001, -7.23014], [121.73976, -7.23003], [121.73947, -7.22988], [121.7394, -7.22986], [121.73931, -7.22978], [121.73914, -7.22979], [121.73893, -7.22972], [121.73879, -7.22982], [121.73858, -7.22973], [121.73853, -7.22961], [121.73841, -7.2293], [121.73847, -7.2291], [121.73882, -7.22867], [121.7391, -7.22831], [121.73952, -7.22818], [121.73977, -7.22813], [121.74015, -7.22797], [121.74052, -7.22767], [121.74083, -7.22763], [121.74165, -7.22728], [121.74218, -7.22735], [121.74249, -7.22728], [121.74279, -7.22735]]]]}}, {"type": "Feature", "properties": {"id": "010", "nmkec": "Pasimarannu", "kdkec": "010"}, "geometry": {"type": "MultiPolygon", "coordinates": [[[[121.10314, -7.39451], [121.10094, -7.39587], [121.09983, -7.39734], [121.09825, -7.39732], [121.09748, -7.39701], [121.09321, -7.39349], [121.09013, -7.39007], [121.08848, -7.38909], [121.08722, -7.38816], [121.0861, -7.38746], [121.0843, -7.38677], [121.0823, -7.38634], [121.08086, -7.38597], [121.07933, -7.38545], [121.07862, -7.38434], [121.07771, -7.38382], [121.07664, -7.38195], [121.07546, -7.3809], [121.07292, -7.37825], [121.07112, -7.37621], [121.0703, -7.37624], [121.06988, -7.37615], [121.06918, -7.37575], [121.06853, -7.37563], [121.06636, -7.37541], [121.06336, -7.37414], [121.06097, -7.37281], [121.06029, -7.37097], [121.06113, -7.37059], [121.06173, -7.37036], [121.06252, -7.37017], [121.06365, -7.37026], [121.06483, -7.37021], [121.06575, -7.36989], [121.06672, -7.36979], [121.06763, -7.36958], [121.06863, -7.36981], [121.06928, -7.36995], [121.07165, -7.3699], [121.07231, -7.36974], [121.07367, -7.36954], [121.07448, -7.36897], [121.07616, -7.36722], [121.07715, -7.3662], [121.07808, -7.3654], [121.07955, -7.36415], [121.0801, -7.36345], [121.08063, -7.36333], [121.08183, -7.36284], [121.08197, -7.36236], [121.08209, -7.36175], [121.08247, -7.36048], [121.08254, -7.35969], [121.08261, -7.35903], [121.08286, -7.35833], [121.08291, -7.35811], [121.08293, -7.35791], [121.08295, -7.35715], [121.08299, -7.35638], [121.08299, -7.35594], [121.08298, -7.35534], [121.08312, -7.35355], [121.08322, -7.35234], [121.08321, -7.35206], [121.0832, -7.35184], [121.08252, -7.35057], [121.08221, -7.35022], [121.08127, -7.34911], [121.08115, -7.3483], [121.08108, -7.34789], [121.08081, -7.34695], [121.08065, -7.3461], [121.08033, -7.34537], [121.0798, -7.34506], [121.07979, -7.34468], [121.0796, -7.34446], [121.07919, -7.34353], [121.07897, -7.34244], [121.07897, -7.34192], [121.07885, -7.33986], [121.07866, -7.33924], [121.0786, -7.3385], [121.07872, -7.33803], [121.07872, -7.33712], [121.07884, -7.33674], [121.07884, -7.33474], [121.07878, -7.33292], [121.07859, -7.33235], [121.07813, -7.3313], [121.07809, -7.33003], [121.07816, -7.32932], [121.07849, -7.32779], [121.07874, -7.32697], [121.07892, -7.32646], [121.07956, -7.32436], [121.07925, -7.32345], [121.07931, -7.32267], [121.07944, -7.32223], [121.07962, -7.32108], [121.07966, -7.32058], [121.07997, -7.31976], [121.08007, -7.31909], [121.08049, -7.31876], [121.08067, -7.3175], [121.08066, -7.317], [121.08071, -7.31652], [121.08088, -7.31624], [121.0809, -7.31561], [121.08116, -7.31386], [121.08114, -7.31296], [121.08073, -7.31032], [121.0812, -7.30917], [121.08152, -7.30758], [121.08164, -7.30632], [121.08121, -7.30577], [121.08153, -7.30521], [121.08231, -7.30423], [121.08306, -7.30372], [121.08508, -7.30404], [121.0854, -7.30368], [121.08587, -7.30391], [121.08669, -7.30419], [121.08861, -7.30415], [121.08929, -7.30426], [121.09015, -7.30425], [121.09066, -7.30408], [121.09105, -7.30404], [121.09167, -7.30416], [121.09205, -7.30431], [121.09241, -7.3044], [121.09277, -7.30457], [121.09333, -7.30472], [121.09446, -7.30441], [121.09481, -7.30414], [121.09543, -7.30428], [121.09596, -7.30468], [121.0968, -7.30539], [121.09744, -7.30609], [121.09828, -7.30667], [121.0989, -7.30713], [121.09956, -7.30804], [121.09995, -7.30884], [121.10019, -7.30965], [121.10087, -7.31143], [121.10156, -7.31157], [121.10182, -7.31199], [121.10149, -7.3127], [121.10103, -7.31328], [121.1016, -7.31514], [121.10242, -7.31607], [121.10312, -7.3165], [121.1037, -7.31685], [121.10555, -7.31809], [121.10684, -7.31866], [121.10804, -7.31874], [121.1092, -7.31853], [121.10999, -7.31829], [121.1106, -7.31805], [121.11081, -7.31795], [121.11131, -7.31775], [121.11185, -7.3172], [121.11249, -7.31707], [121.11292, -7.31645], [121.11372, -7.31605], [121.11407, -7.31616], [121.11474, -7.31604], [121.11475, -7.31556], [121.11432, -7.31508], [121.11354, -7.31507], [121.11279, -7.31526], [121.11114, -7.31575], [121.11134, -7.31515], [121.11216, -7.31498], [121.11297, -7.31478], [121.11381, -7.31454], [121.1147, -7.3145], [121.11531, -7.31501], [121.11562, -7.31567], [121.11657, -7.31694], [121.11701, -7.31729], [121.11835, -7.31812], [121.11928, -7.31858], [121.1201, -7.31909], [121.1209, -7.31948], [121.12185, -7.31995], [121.12286, -7.32033], [121.12376, -7.32041], [121.12551, -7.32078], [121.12635, -7.32108], [121.12702, -7.32189], [121.12744, -7.32267], [121.12846, -7.32351], [121.12904, -7.32406], [121.12942, -7.32546], [121.12925, -7.3262], [121.12941, -7.32711], [121.12946, -7.32813], [121.12976, -7.33027], [121.12959, -7.33098], [121.12956, -7.33177], [121.12919, -7.33219], [121.12909, -7.33299], [121.12935, -7.33396], [121.12976, -7.33485], [121.13021, -7.33558], [121.13136, -7.3368], [121.13221, -7.33749], [121.13449, -7.33874], [121.13666, -7.33961], [121.13788, -7.33952], [121.1395, -7.33917], [121.14124, -7.33901], [121.14204, -7.33898], [121.14273, -7.33893], [121.14356, -7.33882], [121.14574, -7.338], [121.14651, -7.3378], [121.1474, -7.33775], [121.14832, -7.33822], [121.14908, -7.33872], [121.15, -7.3392], [121.15102, -7.33985], [121.15248, -7.34124], [121.15319, -7.34175], [121.15387, -7.34225], [121.15583, -7.34351], [121.15668, -7.34398], [121.15814, -7.3447], [121.15909, -7.34469], [121.16068, -7.34455], [121.16177, -7.34464], [121.16266, -7.34487], [121.16356, -7.34498], [121.16452, -7.34522], [121.16536, -7.34565], [121.16591, -7.34673], [121.16676, -7.34838], [121.1669, -7.34983], [121.16757, -7.35155], [121.1677, -7.35194], [121.16754, -7.35495], [121.16741, -7.35668], [121.16718, -7.35782], [121.16574, -7.35894], [121.16546, -7.35948], [121.16341, -7.36125], [121.16027, -7.36572], [121.15986, -7.36737], [121.15955, -7.36824], [121.15742, -7.37063], [121.15674, -7.37175], [121.15441, -7.37203], [121.1527, -7.37212], [121.15129, -7.37201], [121.1503, -7.37246], [121.14962, -7.37258], [121.14772, -7.37335], [121.14557, -7.37621], [121.14323, -7.37778], [121.14259, -7.37839], [121.14173, -7.37882], [121.14082, -7.37888], [121.13998, -7.37882], [121.13929, -7.37875], [121.1378, -7.37872], [121.13625, -7.37908], [121.13467, -7.37979], [121.13399, -7.38009], [121.13323, -7.38017], [121.1332, -7.38017], [121.13305, -7.38018], [121.13296, -7.3802], [121.13275, -7.38031], [121.13229, -7.38054], [121.13162, -7.38071], [121.13122, -7.38086], [121.1308, -7.38134], [121.13059, -7.38157], [121.13046, -7.38167], [121.13014, -7.3819], [121.12977, -7.38217], [121.12964, -7.38225], [121.12957, -7.38229], [121.12932, -7.38231], [121.12894, -7.38235], [121.1287, -7.38238], [121.12841, -7.38241], [121.12805, -7.38244], [121.12768, -7.38248], [121.12737, -7.38251], [121.12711, -7.38253], [121.12683, -7.38256], [121.12658, -7.38258], [121.12637, -7.38259], [121.126, -7.38257], [121.12555, -7.38253], [121.12523, -7.38251], [121.12474, -7.38271], [121.1245, -7.38281], [121.12432, -7.38288], [121.12404, -7.383], [121.12364, -7.38317], [121.12348, -7.38324], [121.12329, -7.38334], [121.12299, -7.3835], [121.12273, -7.38364], [121.12255, -7.38374], [121.12231, -7.38388], [121.12195, -7.38409], [121.12148, -7.38437], [121.12139, -7.38446], [121.12128, -7.38459], [121.12114, -7.38475], [121.12102, -7.38489], [121.12082, -7.38513], [121.12072, -7.38523], [121.1205, -7.38541], [121.12039, -7.38549], [121.12021, -7.38559], [121.12002, -7.38568], [121.11973, -7.38583], [121.11963, -7.38578], [121.11944, -7.38586], [121.11935, -7.38597], [121.11902, -7.38639], [121.11892, -7.38652], [121.1187, -7.38678], [121.11867, -7.38682], [121.11848, -7.38724], [121.11814, -7.38732], [121.11792, -7.38753], [121.11775, -7.38774], [121.11748, -7.38814], [121.11733, -7.38834], [121.11699, -7.3886], [121.11636, -7.38867], [121.11599, -7.38889], [121.1156, -7.38913], [121.11493, -7.38947], [121.11451, -7.38967], [121.11389, -7.39001], [121.11355, -7.39025], [121.11291, -7.39063], [121.11202, -7.39091], [121.11138, -7.39098], [121.11024, -7.39107], [121.10928, -7.39114], [121.10852, -7.39134], [121.10796, -7.39156], [121.10735, -7.3917], [121.10644, -7.3922], [121.10589, -7.3926], [121.10545, -7.39294], [121.10508, -7.3932], [121.10435, -7.3938], [121.10413, -7.39389], [121.10376, -7.39413], [121.10369, -7.39417], [121.10314, -7.39451]]], [[[121.04738, -7.36882], [121.0474, -7.36887], [121.04748, -7.36886], [121.04749, -7.36892], [121.04755, -7.36893], [121.04771, -7.3691], [121.0477, -7.36914], [121.04785, -7.36912], [121.04788, -7.36915], [121.04793, -7.36916], [121.04807, -7.36927], [121.0482, -7.36931], [121.04821, -7.36938], [121.04821, -7.36943], [121.04831, -7.36943], [121.04831, -7.36949], [121.04839, -7.36951], [121.04849, -7.36963], [121.04854, -7.36971], [121.04863, -7.36977], [121.04871, -7.36982], [121.04877, -7.3698], [121.04882, -7.36985], [121.0489, -7.36991], [121.04896, -7.36992], [121.04901, -7.36996], [121.04901, -7.37002], [121.049, -7.37005], [121.04901, -7.37008], [121.04913, -7.37008], [121.04916, -7.37015], [121.04921, -7.37021], [121.0493, -7.37021], [121.04932, -7.37029], [121.04939, -7.37032], [121.04948, -7.37035], [121.04957, -7.37039], [121.04964, -7.37052], [121.04963, -7.37058], [121.04963, -7.37061], [121.04992, -7.37081], [121.04989, -7.37084], [121.04981, -7.37079], [121.04975, -7.37082], [121.0497, -7.3708], [121.04966, -7.3708], [121.04965, -7.37068], [121.0496, -7.37067], [121.04956, -7.37063], [121.0495, -7.37062], [121.04945, -7.37062], [121.0494, -7.3706], [121.04939, -7.37057], [121.04937, -7.37053], [121.04938, -7.37048], [121.04935, -7.37048], [121.04933, -7.37048], [121.04919, -7.37041], [121.04921, -7.37034], [121.04918, -7.37029], [121.04913, -7.37026], [121.0491, -7.37024], [121.04906, -7.37022], [121.04902, -7.37023], [121.04899, -7.37023], [121.04889, -7.3701], [121.04879, -7.37], [121.04867, -7.36995], [121.04859, -7.36988], [121.04847, -7.36984], [121.04832, -7.36981], [121.04815, -7.36968], [121.04801, -7.36957], [121.04784, -7.36957], [121.04775, -7.36941], [121.04766, -7.36937], [121.04761, -7.36928], [121.04751, -7.36926], [121.04738, -7.36909], [121.04721, -7.36897], [121.04714, -7.36895], [121.04699, -7.36887], [121.0469, -7.36885], [121.04677, -7.36878], [121.04669, -7.3687], [121.04665, -7.36859], [121.0467, -7.36852], [121.04663, -7.36847], [121.04654, -7.36833], [121.04661, -7.36832], [121.0467, -7.36835], [121.04679, -7.36843], [121.04684, -7.36849], [121.04691, -7.36856], [121.04703, -7.3686], [121.04712, -7.36864], [121.04717, -7.36863], [121.04719, -7.36871], [121.04723, -7.36875], [121.0473, -7.36875], [121.04738, -7.36882]]], [[[121.04156, -7.36585], [121.04162, -7.36565], [121.04171, -7.36565], [121.04171, -7.36555], [121.0416, -7.36549], [121.04161, -7.36542], [121.04157, -7.36526], [121.04151, -7.36519], [121.04134, -7.36497], [121.0412, -7.36477], [121.04119, -7.36456], [121.04123, -7.36445], [121.04134, -7.36438], [121.04147, -7.36428], [121.04161, -7.36422], [121.04184, -7.36416], [121.04196, -7.36411], [121.04208, -7.36398], [121.04219, -7.36399], [121.04228, -7.36401], [121.04244, -7.36409], [121.04252, -7.36411], [121.04255, -7.36409], [121.04264, -7.36408], [121.04271, -7.36411], [121.0428, -7.36409], [121.04287, -7.3641], [121.04303, -7.36421], [121.04306, -7.36426], [121.04316, -7.36429], [121.04317, -7.3643], [121.04318, -7.36434], [121.04326, -7.36442], [121.04333, -7.3644], [121.04338, -7.36443], [121.04353, -7.36439], [121.04361, -7.36438], [121.04371, -7.36434], [121.04378, -7.36436], [121.04381, -7.36439], [121.04415, -7.36449], [121.04427, -7.36458], [121.04486, -7.36483], [121.0449, -7.3649], [121.045, -7.36496], [121.04502, -7.36496], [121.04507, -7.36501], [121.04513, -7.365], [121.04525, -7.36506], [121.04538, -7.3651], [121.04539, -7.36512], [121.04545, -7.36513], [121.04549, -7.36524], [121.04552, -7.36534], [121.04553, -7.36544], [121.04547, -7.36552], [121.04537, -7.36571], [121.04518, -7.36591], [121.04497, -7.3661], [121.04496, -7.36627], [121.04503, -7.36638], [121.04498, -7.36668], [121.04501, -7.36683], [121.04508, -7.367], [121.04526, -7.36727], [121.04536, -7.36739], [121.04553, -7.36752], [121.04565, -7.36774], [121.04536, -7.36764], [121.04503, -7.36742], [121.04481, -7.36735], [121.04449, -7.36728], [121.04427, -7.3673], [121.04399, -7.36708], [121.04337, -7.36699], [121.04258, -7.36699], [121.04256, -7.367], [121.04255, -7.367], [121.04245, -7.36704], [121.04233, -7.36708], [121.04219, -7.36711], [121.04211, -7.36704], [121.04167, -7.36653], [121.04159, -7.36651], [121.04152, -7.36625], [121.04153, -7.36608], [121.04156, -7.36585]]], [[[121.04704, -7.32657], [121.04634, -7.32656], [121.04556, -7.3268], [121.04489, -7.32699], [121.04374, -7.32707], [121.04153, -7.32704], [121.04034, -7.32651], [121.0388, -7.32636], [121.03859, -7.32645], [121.0378, -7.32635], [121.0361, -7.32702], [121.03582, -7.32717], [121.03246, -7.32787], [121.03155, -7.32812], [121.03058, -7.32818], [121.02891, -7.32887], [121.02837, -7.32926], [121.02662, -7.32857], [121.02496, -7.32904], [121.02339, -7.32953], [121.02214, -7.3297], [121.02189, -7.32987], [121.02125, -7.33006], [121.02038, -7.33027], [121.02003, -7.33028], [121.01912, -7.33041], [121.01618, -7.33059], [121.01534, -7.33092], [121.01399, -7.33084], [121.0131, -7.33122], [121.01259, -7.33226], [121.01175, -7.33242], [121.01074, -7.33224], [121.00997, -7.33234], [121.00918, -7.33269], [121.00748, -7.33233], [121.00543, -7.33248], [121.00439, -7.33289], [121.00201, -7.33265], [121.00005, -7.33213], [120.99921, -7.33176], [120.99775, -7.33081], [120.99713, -7.33036], [120.99686, -7.33079], [120.99598, -7.33107], [120.99428, -7.33028], [120.9932, -7.32995], [120.99194, -7.32962], [120.98864, -7.32829], [120.98681, -7.32789], [120.98537, -7.3272], [120.98352, -7.32735], [120.98024, -7.32643], [120.97857, -7.32604], [120.97699, -7.32621], [120.97594, -7.32566], [120.97498, -7.32531], [120.97265, -7.32534], [120.97103, -7.32544], [120.96849, -7.32548], [120.96725, -7.32532], [120.96448, -7.32451], [120.96011, -7.32508], [120.95713, -7.325], [120.95372, -7.32332], [120.95085, -7.32172], [120.94962, -7.32063], [120.94817, -7.319], [120.94649, -7.31823], [120.94386, -7.31664], [120.94276, -7.31577], [120.9416, -7.31502], [120.94001, -7.3138], [120.93619, -7.31006], [120.93541, -7.30968], [120.93473, -7.30924], [120.93344, -7.30933], [120.93302, -7.30903], [120.93062, -7.30754], [120.92959, -7.30754], [120.92925, -7.30785], [120.92837, -7.30802], [120.92733, -7.30788], [120.9269, -7.30773], [120.92578, -7.30752], [120.92427, -7.30786], [120.92294, -7.30865], [120.92097, -7.30897], [120.91949, -7.30855], [120.91833, -7.30819], [120.91715, -7.3083], [120.91696, -7.30855], [120.91417, -7.30841], [120.91245, -7.30831], [120.90896, -7.30861], [120.90602, -7.31039], [120.90408, -7.31004], [120.90163, -7.31062], [120.89732, -7.31123], [120.89324, -7.31158], [120.88956, -7.31006], [120.88752, -7.30906], [120.88555, -7.30833], [120.88107, -7.30738], [120.87844, -7.3072], [120.87624, -7.30632], [120.87404, -7.3058], [120.87148, -7.30414], [120.86903, -7.30255], [120.86754, -7.30136], [120.86467, -7.29897], [120.85993, -7.29639], [120.85579, -7.2958], [120.85263, -7.29508], [120.84867, -7.2962], [120.84601, -7.29659], [120.84492, -7.29738], [120.84335, -7.29769], [120.84116, -7.2992], [120.83976, -7.29978], [120.838, -7.29962], [120.83729, -7.29983], [120.83705, -7.29958], [120.83463, -7.29878], [120.83293, -7.29879], [120.83088, -7.29908], [120.82903, -7.29844], [120.82524, -7.29681], [120.82525, -7.29633], [120.82164, -7.29479], [120.82028, -7.2941], [120.81824, -7.29302], [120.81259, -7.29057], [120.81059, -7.28957], [120.8094, -7.28919], [120.8071, -7.28819], [120.80599, -7.28695], [120.8058, -7.28409], [120.80494, -7.28334], [120.8045, -7.28218], [120.80318, -7.28027], [120.80157, -7.27774], [120.80118, -7.27742], [120.79947, -7.27679], [120.79762, -7.27674], [120.79718, -7.27524], [120.79628, -7.274], [120.79571, -7.27295], [120.79538, -7.27136], [120.79559, -7.26995], [120.79671, -7.26917], [120.79766, -7.26742], [120.7986, -7.26599], [120.79901, -7.26461], [120.80046, -7.26399], [120.80115, -7.26404], [120.80176, -7.26385], [120.80244, -7.26351], [120.80351, -7.26308], [120.80406, -7.26353], [120.80534, -7.26392], [120.80619, -7.26351], [120.80704, -7.26292], [120.80781, -7.26304], [120.80877, -7.2625], [120.80992, -7.26223], [120.81152, -7.26128], [120.81258, -7.26092], [120.81337, -7.26003], [120.8139, -7.2594], [120.81458, -7.25936], [120.81551, -7.25913], [120.81676, -7.25874], [120.81885, -7.25864], [120.81993, -7.25884], [120.82091, -7.2596], [120.8228, -7.25963], [120.8248, -7.26022], [120.82818, -7.2606], [120.82818, -7.2598], [120.82876, -7.26047], [120.83233, -7.26026], [120.83472, -7.26007], [120.83932, -7.25982], [120.84115, -7.26036], [120.84449, -7.26257], [120.84585, -7.26298], [120.84811, -7.26408], [120.85011, -7.26475], [120.8514, -7.26514], [120.85209, -7.26619], [120.85284, -7.26693], [120.85399, -7.2681], [120.8554, -7.26852], [120.85669, -7.26854], [120.85758, -7.26794], [120.85923, -7.26733], [120.86019, -7.26736], [120.86066, -7.26865], [120.86101, -7.26959], [120.86201, -7.27053], [120.86332, -7.27091], [120.8661, -7.2714], [120.86782, -7.27114], [120.86938, -7.27131], [120.87067, -7.2717], [120.87196, -7.27169], [120.8737, -7.27255], [120.87454, -7.27273], [120.87582, -7.27293], [120.87711, -7.27276], [120.87904, -7.2728], [120.88021, -7.27188], [120.88196, -7.27184], [120.8831, -7.27221], [120.88402, -7.27269], [120.8852, -7.27291], [120.88603, -7.27373], [120.88689, -7.27444], [120.8878, -7.2742], [120.88899, -7.27486], [120.88982, -7.27517], [120.89119, -7.27528], [120.89258, -7.27521], [120.89377, -7.27475], [120.89474, -7.27362], [120.89708, -7.27356], [120.89862, -7.27331], [120.89974, -7.27312], [120.90069, -7.27318], [120.90204, -7.2739], [120.90253, -7.2749], [120.90362, -7.27601], [120.9052, -7.27681], [120.90595, -7.27769], [120.90698, -7.27777], [120.90805, -7.27841], [120.9089, -7.27848], [120.91042, -7.27864], [120.91274, -7.27882], [120.91364, -7.27999], [120.91623, -7.28327], [120.91988, -7.28418], [120.92056, -7.28444], [120.92259, -7.28349], [120.92496, -7.28322], [120.92717, -7.28321], [120.92876, -7.28359], [120.93026, -7.28372], [120.93205, -7.28396], [120.93335, -7.28362], [120.93679, -7.2835], [120.9392, -7.2836], [120.94272, -7.28338], [120.94478, -7.28314], [120.94786, -7.28235], [120.94863, -7.28201], [120.9495, -7.28246], [120.9505, -7.28311], [120.95336, -7.28167], [120.95419, -7.28088], [120.95439, -7.28023], [120.95538, -7.28003], [120.95606, -7.28018], [120.95716, -7.2801], [120.95821, -7.27955], [120.95882, -7.27895], [120.96015, -7.27814], [120.9611, -7.27816], [120.96159, -7.27956], [120.96296, -7.28022], [120.96349, -7.28072], [120.96429, -7.28135], [120.96618, -7.28174], [120.96695, -7.28113], [120.96746, -7.28117], [120.96844, -7.28161], [120.96888, -7.28178], [120.97051, -7.28143], [120.97176, -7.28076], [120.97282, -7.28116], [120.97457, -7.28132], [120.9772, -7.28108], [120.9803, -7.28112], [120.98276, -7.28145], [120.98413, -7.28161], [120.98505, -7.28172], [120.98643, -7.2818], [120.98794, -7.2822], [120.98926, -7.28267], [120.99159, -7.28383], [120.99551, -7.28421], [120.998, -7.28362], [121.00019, -7.28269], [121.00438, -7.28224], [121.00714, -7.2838], [121.01017, -7.28441], [121.01122, -7.28415], [121.01281, -7.2844], [121.01364, -7.28495], [121.01379, -7.28599], [121.01488, -7.28656], [121.01588, -7.28667], [121.01723, -7.28732], [121.01841, -7.28711], [121.01999, -7.28822], [121.02193, -7.2884], [121.02313, -7.28889], [121.02495, -7.28953], [121.02744, -7.28862], [121.02832, -7.28807], [121.02946, -7.28742], [121.03107, -7.28833], [121.0323, -7.28843], [121.03417, -7.28997], [121.03506, -7.29068], [121.03657, -7.29233], [121.03811, -7.29335], [121.03955, -7.29417], [121.04055, -7.29443], [121.04155, -7.29516], [121.04316, -7.29615], [121.04443, -7.29657], [121.04537, -7.29708], [121.04629, -7.29736], [121.04707, -7.29781], [121.04824, -7.29786], [121.05, -7.29735], [121.05565, -7.29676], [121.06404, -7.29816], [121.06347, -7.30619], [121.05837, -7.31453], [121.05381, -7.32038], [121.05276, -7.32243], [121.05211, -7.32555], [121.05212, -7.32612], [121.0511, -7.32725], [121.04947, -7.32681], [121.04726, -7.32658], [121.04704, -7.32657]]], [[[121.10213, -7.31101], [121.10233, -7.31105], [121.10238, -7.31108], [121.10239, -7.31112], [121.10241, -7.31133], [121.10236, -7.31151], [121.10238, -7.31171], [121.10227, -7.31188], [121.10209, -7.31199], [121.10195, -7.31189], [121.10196, -7.31176], [121.10201, -7.31152], [121.1021, -7.31115], [121.10213, -7.31101]]], [[[121.10206, -7.30909], [121.10207, -7.30958], [121.10214, -7.31021], [121.10214, -7.31032], [121.10212, -7.31039], [121.10191, -7.31039], [121.10191, -7.31027], [121.10193, -7.31003], [121.1019, -7.30973], [121.10176, -7.30976], [121.10159, -7.30972], [121.10165, -7.30959], [121.10176, -7.30943], [121.10176, -7.30913], [121.10155, -7.30902], [121.10141, -7.30891], [121.10153, -7.30882], [121.10171, -7.30892], [121.10157, -7.30861], [121.10142, -7.30843], [121.10107, -7.30809], [121.10088, -7.30812], [121.1008, -7.30803], [121.10071, -7.30765], [121.1005, -7.30748], [121.1003, -7.3071], [121.1, -7.30665], [121.09982, -7.30623], [121.09974, -7.30602], [121.09963, -7.30577], [121.09953, -7.30567], [121.09924, -7.30523], [121.09921, -7.3051], [121.09901, -7.30483], [121.09885, -7.30469], [121.09841, -7.30423], [121.09782, -7.30386], [121.09758, -7.30364], [121.09756, -7.3035], [121.09737, -7.30343], [121.09729, -7.30347], [121.0974, -7.30376], [121.09743, -7.30388], [121.09735, -7.30389], [121.09716, -7.30359], [121.09702, -7.30358], [121.09661, -7.30358], [121.09651, -7.30342], [121.09637, -7.30346], [121.0963, -7.30345], [121.09627, -7.30349], [121.09642, -7.30358], [121.09657, -7.3037], [121.09675, -7.30388], [121.0966, -7.30396], [121.09635, -7.30382], [121.09618, -7.30372], [121.09604, -7.30352], [121.09601, -7.30318], [121.09622, -7.30289], [121.0964, -7.30271], [121.09661, -7.30276], [121.09694, -7.30281], [121.09735, -7.30298], [121.09748, -7.30311], [121.09765, -7.30338], [121.09774, -7.30332], [121.09785, -7.30344], [121.09791, -7.30362], [121.09825, -7.30378], [121.09848, -7.30392], [121.09887, -7.3043], [121.09896, -7.30427], [121.09933, -7.3046], [121.09995, -7.30539], [121.10008, -7.30581], [121.10033, -7.30604], [121.10048, -7.30643], [121.10063, -7.30692], [121.10078, -7.30707], [121.10086, -7.30723], [121.10122, -7.30765], [121.1016, -7.30805], [121.10196, -7.30859], [121.10206, -7.30909]]], [[[121.20364, -7.51524], [121.20386, -7.51519], [121.20402, -7.51522], [121.20413, -7.51521], [121.20423, -7.51514], [121.20423, -7.51493], [121.20428, -7.51472], [121.20438, -7.51453], [121.20453, -7.51428], [121.20466, -7.5141], [121.20476, -7.51392], [121.20491, -7.51381], [121.20508, -7.51374], [121.20527, -7.51362], [121.20533, -7.51349], [121.20534, -7.5133], [121.20536, -7.51299], [121.20535, -7.51278], [121.20535, -7.51258], [121.20536, -7.51235], [121.20542, -7.51223], [121.20546, -7.51222], [121.20565, -7.51228], [121.20581, -7.51244], [121.20585, -7.51245], [121.20593, -7.5125], [121.20607, -7.51261], [121.20619, -7.5128], [121.20624, -7.51292], [121.20629, -7.51309], [121.2063, -7.51335], [121.20615, -7.51367], [121.20607, -7.51384], [121.20596, -7.51406], [121.20583, -7.51428], [121.20567, -7.51446], [121.20554, -7.51455], [121.20544, -7.51459], [121.20527, -7.51466], [121.20519, -7.51474], [121.20519, -7.51497], [121.20519, -7.51516], [121.20512, -7.51543], [121.20497, -7.5156], [121.20483, -7.51576], [121.20461, -7.51591], [121.20439, -7.51604], [121.20426, -7.51606], [121.20407, -7.51609], [121.20384, -7.51606], [121.20361, -7.51603], [121.20339, -7.51594], [121.20335, -7.51583], [121.20338, -7.51557], [121.20364, -7.51524]]], [[[121.21397, -7.49624], [121.21445, -7.49626], [121.21476, -7.49631], [121.21512, -7.49643], [121.21545, -7.49653], [121.21569, -7.49667], [121.21603, -7.49689], [121.21651, -7.49694], [121.21689, -7.49706], [121.21708, -7.49711], [121.21727, -7.49721], [121.21741, -7.49747], [121.21744, -7.4978], [121.21743, -7.49814], [121.21755, -7.49845], [121.21743, -7.499], [121.21752, -7.49922], [121.21763, -7.49937], [121.21769, -7.49951], [121.21774, -7.49962], [121.21773, -7.49981], [121.21776, -7.50005], [121.21783, -7.50021], [121.21783, -7.50061], [121.21773, -7.50085], [121.21764, -7.50104], [121.21747, -7.50116], [121.21724, -7.50125], [121.21707, -7.50133], [121.21698, -7.50147], [121.21652, -7.50208], [121.21639, -7.50224], [121.21631, -7.50238], [121.21627, -7.50258], [121.21627, -7.50274], [121.2163, -7.50299], [121.21636, -7.50307], [121.21655, -7.5032], [121.21667, -7.50321], [121.21682, -7.5033], [121.21682, -7.50361], [121.2167, -7.50388], [121.21657, -7.50409], [121.21642, -7.50408], [121.21633, -7.50389], [121.21628, -7.50372], [121.21616, -7.50361], [121.21592, -7.50356], [121.21586, -7.50401], [121.21571, -7.5042], [121.21569, -7.50434], [121.21569, -7.50454], [121.21583, -7.5047], [121.21586, -7.50493], [121.21586, -7.50511], [121.21577, -7.50525], [121.21565, -7.50533], [121.21556, -7.50542], [121.21541, -7.50555], [121.21533, -7.50575], [121.21521, -7.50595], [121.21515, -7.50611], [121.21484, -7.50666], [121.21471, -7.50681], [121.2145, -7.50706], [121.21435, -7.50717], [121.21411, -7.5074], [121.21392, -7.50764], [121.21356, -7.50802], [121.21332, -7.50838], [121.21313, -7.50852], [121.21277, -7.50869], [121.21253, -7.5089], [121.21219, -7.50914], [121.21186, -7.50933], [121.21152, -7.50952], [121.21104, -7.50983], [121.21078, -7.51006], [121.21032, -7.51049], [121.20991, -7.51101], [121.2096, -7.51128], [121.20924, -7.51151], [121.20905, -7.51166], [121.20864, -7.51182], [121.2085, -7.51177], [121.20809, -7.51182], [121.2078, -7.51184], [121.20754, -7.51179], [121.20735, -7.51167], [121.20735, -7.51141], [121.20747, -7.5112], [121.20749, -7.51098], [121.20747, -7.5106], [121.2075, -7.51036], [121.20781, -7.50993], [121.20812, -7.50967], [121.20853, -7.50939], [121.20889, -7.50924], [121.20925, -7.50901], [121.21035, -7.50786], [121.21045, -7.50743], [121.2106, -7.50698], [121.21115, -7.50622], [121.21134, -7.50603], [121.21156, -7.50558], [121.21199, -7.50493], [121.2125, -7.50436], [121.21356, -7.50358], [121.21384, -7.50322], [121.21418, -7.50274], [121.21433, -7.50234], [121.21454, -7.50201], [121.21486, -7.50174], [121.21505, -7.50153], [121.21536, -7.50108], [121.2151, -7.50115], [121.21467, -7.50127], [121.21431, -7.50134], [121.21385, -7.50131], [121.21378, -7.50155], [121.2138, -7.50169], [121.21385, -7.50205], [121.21363, -7.50215], [121.21342, -7.50217], [121.21241, -7.50216], [121.21201, -7.50197], [121.21165, -7.5018], [121.21136, -7.50168], [121.21153, -7.50128], [121.21163, -7.50099], [121.21168, -7.50061], [121.21161, -7.50023], [121.21154, -7.49972], [121.21065, -7.49974], [121.21012, -7.49957], [121.20974, -7.4994], [121.20972, -7.49921], [121.21003, -7.49902], [121.21037, -7.49904], [121.21082, -7.49912], [121.21125, -7.49921], [121.21151, -7.49919], [121.21154, -7.49907], [121.2114, -7.49886], [121.21113, -7.49871], [121.21061, -7.49864], [121.21025, -7.49861], [121.20951, -7.49856], [121.20927, -7.49863], [121.20898, -7.49875], [121.20864, -7.49877], [121.20805, -7.49872], [121.20795, -7.49856], [121.20735, -7.49824], [121.20688, -7.49819], [121.20635, -7.49826], [121.20589, -7.4984], [121.20546, -7.49854], [121.20525, -7.49864], [121.20472, -7.49866], [121.20457, -7.49876], [121.20445, -7.49892], [121.20433, -7.49916], [121.20414, -7.49933], [121.2039, -7.49935], [121.20357, -7.49933], [121.20318, -7.49923], [121.20287, -7.49942], [121.20247, -7.49934], [121.20228, -7.49896], [121.20237, -7.49834], [121.20249, -7.49815], [121.20278, -7.49796], [121.20305, -7.49784], [121.20333, -7.4977], [121.20348, -7.49761], [121.2036, -7.49744], [121.20358, -7.49708], [121.20367, -7.49694], [121.20403, -7.4968], [121.20444, -7.4967], [121.20487, -7.49666], [121.20569, -7.49647], [121.20945, -7.49579], [121.20969, -7.49591], [121.21014, -7.49629], [121.2105, -7.49634], [121.21074, -7.4962], [121.211, -7.49613], [121.2112, -7.49611], [121.21143, -7.49604], [121.21165, -7.49597], [121.21191, -7.4959], [121.21218, -7.49582], [121.21251, -7.4958], [121.21302, -7.49585], [121.21325, -7.496], [121.21397, -7.49624]]]]}}, {"type": "Feature", "properties": {"id": "021", "nmkec": "Takabonerate", "kdkec": "021"}, "geometry": {"type": "MultiPolygon", "coordinates": [[[[120.79146, -6.95726], [120.7918, -6.95728], [120.79195, -6.95734], [120.79216, -6.9574], [120.7924, -6.95747], [120.79259, -6.95754], [120.79283, -6.95766], [120.79299, -6.95772], [120.79317, -6.95777], [120.79344, -6.9578], [120.79368, -6.95782], [120.79393, -6.95789], [120.79412, -6.95796], [120.7943, -6.95805], [120.79431, -6.95805], [120.79431, -6.95805], [120.79434, -6.95806], [120.79444, -6.95812], [120.79458, -6.9582], [120.79466, -6.95825], [120.79465, -6.95835], [120.7945, -6.95848], [120.79437, -6.95853], [120.79412, -6.95866], [120.79397, -6.95884], [120.79385, -6.95902], [120.79369, -6.95917], [120.79356, -6.95929], [120.79346, -6.95956], [120.79326, -6.95979], [120.7931, -6.95997], [120.79293, -6.96012], [120.79278, -6.9602], [120.79253, -6.96029], [120.79232, -6.96032], [120.79221, -6.96038], [120.7921, -6.96046], [120.79196, -6.96052], [120.79189, -6.96053], [120.7918, -6.9606], [120.79158, -6.96069], [120.79126, -6.96084], [120.79102, -6.96095], [120.79074, -6.96104], [120.79062, -6.96112], [120.79034, -6.96119], [120.79004, -6.96131], [120.78971, -6.96135], [120.78947, -6.96135], [120.78922, -6.96135], [120.78903, -6.96136], [120.78881, -6.96142], [120.78857, -6.96157], [120.7884, -6.96161], [120.78824, -6.96168], [120.78801, -6.96167], [120.78776, -6.96165], [120.78743, -6.96154], [120.78715, -6.96141], [120.78699, -6.96131], [120.78681, -6.96124], [120.78648, -6.96105], [120.78633, -6.96092], [120.78619, -6.96084], [120.78612, -6.96079], [120.78592, -6.9607], [120.7859, -6.9607], [120.78588, -6.96066], [120.78574, -6.96046], [120.78557, -6.96016], [120.78543, -6.95989], [120.78532, -6.95963], [120.78528, -6.95949], [120.78526, -6.95921], [120.78539, -6.95881], [120.78551, -6.95858], [120.7857, -6.95832], [120.78595, -6.95805], [120.78623, -6.95783], [120.78643, -6.95761], [120.78665, -6.9574], [120.78706, -6.95702], [120.78737, -6.9568], [120.78771, -6.95668], [120.78773, -6.95667], [120.78784, -6.95664], [120.78806, -6.95658], [120.78848, -6.95652], [120.78891, -6.95649], [120.78936, -6.95652], [120.78965, -6.95655], [120.78992, -6.95661], [120.79032, -6.95675], [120.79044, -6.95679], [120.79059, -6.95685], [120.79084, -6.95701], [120.79119, -6.95718], [120.79146, -6.95726]]], [[[120.79026, -6.88229], [120.79026, -6.88231], [120.79021, -6.88237], [120.79016, -6.88238], [120.79016, -6.88237], [120.79014, -6.88237], [120.79008, -6.88234], [120.79007, -6.88225], [120.79005, -6.88224], [120.79006, -6.88221], [120.79007, -6.88212], [120.79008, -6.882], [120.79009, -6.88187], [120.79013, -6.88173], [120.79021, -6.88157], [120.79025, -6.88148], [120.79027, -6.88143], [120.79028, -6.88134], [120.79031, -6.88122], [120.79041, -6.88106], [120.79055, -6.88091], [120.79061, -6.88081], [120.79068, -6.88072], [120.79075, -6.88065], [120.79082, -6.88055], [120.79097, -6.88036], [120.79107, -6.88024], [120.79124, -6.88004], [120.79137, -6.87988], [120.79154, -6.87971], [120.79167, -6.87956], [120.79175, -6.8795], [120.79177, -6.8795], [120.79179, -6.87945], [120.79186, -6.87938], [120.79194, -6.87939], [120.79202, -6.87941], [120.79208, -6.87939], [120.79205, -6.87936], [120.7921, -6.87934], [120.79225, -6.87933], [120.79226, -6.87941], [120.79221, -6.87941], [120.7922, -6.87948], [120.79213, -6.87965], [120.79207, -6.8798], [120.79194, -6.88008], [120.79181, -6.8803], [120.79149, -6.88064], [120.79142, -6.88073], [120.79104, -6.88129], [120.79079, -6.88167], [120.79068, -6.88185], [120.79059, -6.88199], [120.79052, -6.88212], [120.79045, -6.8822], [120.79033, -6.88226], [120.79026, -6.88229]]], [[[120.80581, -6.8453], [120.80579, -6.84543], [120.80535, -6.84549], [120.80485, -6.84567], [120.80428, -6.846], [120.80358, -6.84689], [120.80263, -6.84817], [120.80205, -6.84912], [120.80189, -6.84943], [120.80161, -6.84993], [120.80114, -6.85106], [120.80011, -6.85456], [120.79977, -6.85594], [120.79951, -6.85826], [120.7996, -6.86036], [120.79939, -6.86154], [120.79915, -6.86412], [120.79913, -6.86469], [120.79901, -6.86556], [120.79867, -6.86606], [120.79812, -6.86615], [120.79694, -6.86628], [120.79656, -6.86667], [120.79586, -6.86666], [120.7953, -6.86631], [120.79482, -6.86604], [120.79421, -6.86503], [120.7938, -6.86439], [120.79343, -6.86353], [120.79328, -6.86271], [120.79318, -6.86111], [120.79313, -6.85921], [120.79329, -6.85738], [120.79339, -6.85525], [120.79342, -6.85244], [120.79339, -6.84986], [120.79336, -6.84879], [120.79334, -6.84699], [120.7933, -6.84505], [120.7933, -6.84405], [120.79317, -6.8431], [120.79325, -6.8422], [120.79325, -6.84177], [120.79315, -6.84106], [120.79292, -6.83933], [120.79266, -6.83758], [120.79255, -6.83673], [120.79244, -6.83554], [120.7923, -6.83461], [120.79222, -6.83265], [120.79221, -6.83118], [120.7921, -6.82951], [120.79204, -6.82876], [120.79201, -6.82806], [120.79176, -6.82739], [120.79154, -6.82717], [120.79163, -6.82645], [120.79177, -6.82563], [120.79185, -6.82385], [120.79175, -6.822], [120.79133, -6.82045], [120.79099, -6.81957], [120.79064, -6.81917], [120.79028, -6.81897], [120.7901, -6.81886], [120.78987, -6.81882], [120.7897, -6.81853], [120.78931, -6.81831], [120.78875, -6.81765], [120.78799, -6.81758], [120.78798, -6.81759], [120.78771, -6.81789], [120.78759, -6.81811], [120.78737, -6.8183], [120.78709, -6.81836], [120.78669, -6.81825], [120.7863, -6.81823], [120.78626, -6.81785], [120.78611, -6.81711], [120.78579, -6.81607], [120.78548, -6.81592], [120.78526, -6.81589], [120.78491, -6.81565], [120.78464, -6.81547], [120.78449, -6.81519], [120.78426, -6.81498], [120.78396, -6.81439], [120.78358, -6.81353], [120.78347, -6.8132], [120.78313, -6.81289], [120.78263, -6.81279], [120.7823, -6.81256], [120.78237, -6.81167], [120.78214, -6.81126], [120.78164, -6.81081], [120.78172, -6.80992], [120.78165, -6.80923], [120.78117, -6.80887], [120.78075, -6.80838], [120.78064, -6.80716], [120.78043, -6.80631], [120.78064, -6.80603], [120.78033, -6.80404], [120.78067, -6.80352], [120.78011, -6.80288], [120.77981, -6.80205], [120.77958, -6.80075], [120.77943, -6.80014], [120.77926, -6.79952], [120.77952, -6.79908], [120.7798, -6.7987], [120.77989, -6.79819], [120.77986, -6.79769], [120.78022, -6.79747], [120.78055, -6.79735], [120.78061, -6.79671], [120.7806, -6.79507], [120.78064, -6.79458], [120.78079, -6.79442], [120.78106, -6.7943], [120.78118, -6.79354], [120.78128, -6.79291], [120.78155, -6.79286], [120.7817, -6.79265], [120.78174, -6.79224], [120.78204, -6.7919], [120.78221, -6.79117], [120.78236, -6.79064], [120.78275, -6.79014], [120.78281, -6.78992], [120.78308, -6.78911], [120.78332, -6.78844], [120.78363, -6.78795], [120.78382, -6.78787], [120.78421, -6.78853], [120.78461, -6.78864], [120.78471, -6.78853], [120.78505, -6.78818], [120.7854, -6.78749], [120.78565, -6.78727], [120.7858, -6.78724], [120.78614, -6.78702], [120.78622, -6.7869], [120.7864, -6.78536], [120.78661, -6.78398], [120.78684, -6.78296], [120.7868, -6.78234], [120.78719, -6.7811], [120.78749, -6.77996], [120.7883, -6.779], [120.78845, -6.77893], [120.78873, -6.77889], [120.79057, -6.77878], [120.79205, -6.77937], [120.79244, -6.77968], [120.79289, -6.77986], [120.79396, -6.78034], [120.79433, -6.78095], [120.79521, -6.78218], [120.79597, -6.78337], [120.79668, -6.7847], [120.7973, -6.78586], [120.79806, -6.78644], [120.79851, -6.78691], [120.79883, -6.78693], [120.79912, -6.78712], [120.79954, -6.7875], [120.79976, -6.78777], [120.79991, -6.78803], [120.79995, -6.78838], [120.80053, -6.78884], [120.80099, -6.78943], [120.80169, -6.79012], [120.80277, -6.79094], [120.80391, -6.79197], [120.80443, -6.79231], [120.80463, -6.79258], [120.80502, -6.79278], [120.8053, -6.79314], [120.80585, -6.79354], [120.80652, -6.79396], [120.80731, -6.79485], [120.80747, -6.79566], [120.80752, -6.79664], [120.80721, -6.79779], [120.80673, -6.79903], [120.80638, -6.79988], [120.80664, -6.80052], [120.80686, -6.80113], [120.8073, -6.8015], [120.80716, -6.80195], [120.80719, -6.80232], [120.80746, -6.80301], [120.80723, -6.80393], [120.80715, -6.80412], [120.80697, -6.80471], [120.80687, -6.8053], [120.80711, -6.80552], [120.80705, -6.806], [120.80736, -6.80646], [120.8074, -6.80676], [120.80726, -6.80722], [120.80728, -6.80734], [120.80727, -6.80801], [120.80773, -6.80796], [120.80794, -6.80811], [120.8082, -6.80889], [120.80842, -6.80924], [120.8087, -6.80982], [120.80884, -6.81017], [120.80907, -6.81067], [120.80946, -6.81114], [120.80951, -6.81158], [120.80958, -6.81199], [120.80976, -6.81264], [120.80977, -6.81324], [120.80952, -6.81414], [120.80943, -6.81474], [120.80918, -6.81568], [120.80881, -6.81687], [120.8088, -6.81768], [120.80886, -6.81888], [120.80911, -6.81968], [120.80921, -6.81979], [120.80937, -6.82028], [120.80974, -6.82084], [120.80977, -6.82183], [120.80982, -6.82274], [120.80988, -6.82413], [120.80993, -6.82463], [120.81034, -6.82562], [120.81044, -6.8262], [120.81062, -6.82658], [120.81085, -6.8268], [120.81113, -6.82716], [120.8115, -6.82759], [120.81165, -6.82778], [120.81189, -6.82818], [120.81201, -6.82853], [120.81225, -6.82891], [120.81238, -6.82928], [120.81241, -6.82941], [120.81269, -6.82966], [120.81287, -6.8299], [120.81304, -6.83014], [120.81323, -6.83047], [120.8133, -6.83079], [120.8134, -6.831], [120.8133, -6.83126], [120.81326, -6.83154], [120.81354, -6.8319], [120.81378, -6.83201], [120.81368, -6.83227], [120.81367, -6.83259], [120.81364, -6.83277], [120.81351, -6.83298], [120.81366, -6.83321], [120.81373, -6.83339], [120.81366, -6.83353], [120.81341, -6.83362], [120.81326, -6.83402], [120.81324, -6.83447], [120.81315, -6.83487], [120.81321, -6.83533], [120.81348, -6.83562], [120.81325, -6.83607], [120.81321, -6.83611], [120.81255, -6.83644], [120.81217, -6.8367], [120.81204, -6.83685], [120.81186, -6.83721], [120.81178, -6.83746], [120.81152, -6.83768], [120.81123, -6.83779], [120.81091, -6.83815], [120.81068, -6.83835], [120.81044, -6.83873], [120.81058, -6.83906], [120.81011, -6.83966], [120.80994, -6.84033], [120.80965, -6.84073], [120.80924, -6.84136], [120.80911, -6.84178], [120.80904, -6.8419], [120.80886, -6.84221], [120.80864, -6.84246], [120.80848, -6.84259], [120.808, -6.84382], [120.80778, -6.84415], [120.80752, -6.8445], [120.80742, -6.84456], [120.80689, -6.84464], [120.8065, -6.84468], [120.80612, -6.84499], [120.80581, -6.8453]]], [[[120.96955, -6.75913], [120.96923, -6.76046], [120.96915, -6.7611], [120.96905, -6.76123], [120.9689, -6.76156], [120.96805, -6.76391], [120.96805, -6.76411], [120.96792, -6.76419], [120.96764, -6.76468], [120.96764, -6.7648], [120.96746, -6.76483], [120.96728, -6.76452], [120.96702, -6.76338], [120.96687, -6.76261], [120.96673, -6.76165], [120.96651, -6.75828], [120.96659, -6.75815], [120.96658, -6.75772], [120.96656, -6.75719], [120.96635, -6.75658], [120.96634, -6.75627], [120.96632, -6.75556], [120.96635, -6.75503], [120.96642, -6.7541], [120.96641, -6.75352], [120.96651, -6.75318], [120.96664, -6.75288], [120.96681, -6.75247], [120.96717, -6.75196], [120.96758, -6.75155], [120.96793, -6.75124], [120.96831, -6.75101], [120.96873, -6.75081], [120.9688, -6.75078], [120.96943, -6.75057], [120.97012, -6.75041], [120.97013, -6.7504], [120.9704, -6.75044], [120.97083, -6.75041], [120.97134, -6.75051], [120.97178, -6.75071], [120.97191, -6.75107], [120.97204, -6.75137], [120.97176, -6.75252], [120.97124, -6.75466], [120.9708, -6.75558], [120.97051, -6.75617], [120.97042, -6.75663], [120.97041, -6.75668], [120.97031, -6.7574], [120.96983, -6.75849], [120.96955, -6.75913]]], [[[120.9541, -6.50908], [120.95417, -6.50938], [120.95402, -6.51087], [120.95375, -6.51214], [120.95343, -6.51338], [120.95326, -6.5139], [120.95307, -6.51461], [120.95278, -6.5158], [120.95254, -6.51675], [120.9523, -6.51769], [120.95206, -6.51862], [120.95183, -6.51944], [120.95158, -6.52025], [120.95142, -6.52087], [120.95128, -6.52129], [120.95117, -6.52165], [120.95092, -6.52201], [120.95066, -6.52225], [120.9505, -6.5223], [120.95044, -6.52225], [120.95044, -6.52225], [120.95044, -6.52225], [120.95037, -6.52209], [120.95032, -6.52189], [120.95043, -6.52137], [120.9505, -6.52098], [120.95062, -6.5205], [120.95073, -6.51983], [120.95095, -6.51881], [120.95116, -6.51768], [120.95134, -6.51671], [120.95156, -6.51577], [120.95172, -6.5151], [120.95173, -6.51499], [120.95184, -6.51456], [120.9521, -6.51349], [120.95223, -6.51281], [120.95235, -6.51234], [120.95242, -6.51199], [120.95254, -6.51144], [120.95268, -6.51106], [120.9529, -6.51053], [120.95312, -6.51012], [120.95322, -6.50994], [120.9533, -6.50976], [120.95339, -6.50959], [120.95346, -6.5093], [120.95355, -6.50902], [120.95365, -6.50893], [120.95367, -6.50893], [120.9538, -6.50879], [120.95381, -6.50876], [120.95389, -6.50878], [120.95406, -6.50894], [120.95411, -6.50904], [120.9541, -6.50908]]], [[[121.09982, -7.06333], [121.09981, -7.06342], [121.09978, -7.06342], [121.09976, -7.06346], [121.09968, -7.06351], [121.09963, -7.06361], [121.09956, -7.06375], [121.09947, -7.06393], [121.09947, -7.06398], [121.09941, -7.06407], [121.09938, -7.06422], [121.0992, -7.06445], [121.09904, -7.06466], [121.09892, -7.06483], [121.09879, -7.065], [121.09874, -7.06511], [121.09871, -7.06516], [121.09866, -7.06524], [121.09862, -7.06532], [121.09851, -7.06544], [121.0984, -7.06556], [121.09837, -7.06564], [121.09823, -7.0658], [121.0981, -7.06592], [121.09798, -7.06603], [121.09776, -7.06619], [121.09761, -7.0663], [121.09747, -7.06642], [121.09737, -7.06653], [121.09724, -7.06666], [121.09717, -7.06672], [121.09692, -7.06689], [121.09667, -7.06691], [121.0964, -7.06693], [121.0964, -7.06693], [121.0964, -7.06694], [121.0962, -7.06697], [121.09597, -7.06705], [121.09587, -7.06712], [121.09581, -7.06721], [121.09571, -7.06727], [121.0956, -7.06729], [121.09553, -7.06729], [121.09544, -7.06723], [121.09539, -7.06712], [121.09535, -7.06702], [121.09527, -7.06646], [121.09528, -7.066], [121.09539, -7.06541], [121.09549, -7.065], [121.09555, -7.06471], [121.09571, -7.06396], [121.09595, -7.06313], [121.09629, -7.06222], [121.09648, -7.06169], [121.09659, -7.06138], [121.09683, -7.06076], [121.09687, -7.06064], [121.09711, -7.06003], [121.09716, -7.0599], [121.09724, -7.05975], [121.09752, -7.05924], [121.0978, -7.05892], [121.09814, -7.0586], [121.09834, -7.05862], [121.0985, -7.05862], [121.09874, -7.05862], [121.09892, -7.05863], [121.09911, -7.05867], [121.09925, -7.05875], [121.0993, -7.05888], [121.09937, -7.05902], [121.09951, -7.05921], [121.09971, -7.05946], [121.09971, -7.05948], [121.09977, -7.05963], [121.09977, -7.05964], [121.09978, -7.0597], [121.09979, -7.0599], [121.0998, -7.06006], [121.09983, -7.06023], [121.09986, -7.06036], [121.09987, -7.06048], [121.09987, -7.06056], [121.09987, -7.06061], [121.09988, -7.06068], [121.09992, -7.06082], [121.09995, -7.06094], [121.09999, -7.06113], [121.10003, -7.06144], [121.10003, -7.0619], [121.10003, -7.0619], [121.10003, -7.0619], [121.10001, -7.06233], [121.10001, -7.06238], [121.10001, -7.0624], [121.09997, -7.06268], [121.09997, -7.0627], [121.09993, -7.06295], [121.09992, -7.06297], [121.09983, -7.06329], [121.09982, -7.06333]]], [[[121.06248, -7.04592], [121.06226, -7.04493], [121.06225, -7.04418], [121.06225, -7.04334], [121.06229, -7.043], [121.06242, -7.04189], [121.06259, -7.04138], [121.06289, -7.04064], [121.06344, -7.03985], [121.06358, -7.03958], [121.06378, -7.03933], [121.06383, -7.03932], [121.06393, -7.03929], [121.06404, -7.03963], [121.06435, -7.04012], [121.06448, -7.04077], [121.06442, -7.04103], [121.06442, -7.04185], [121.06434, -7.04253], [121.06432, -7.04324], [121.06421, -7.0435], [121.06406, -7.044], [121.06393, -7.04452], [121.06391, -7.04499], [121.06382, -7.04526], [121.06381, -7.04533], [121.06358, -7.04542], [121.06339, -7.04556], [121.06327, -7.04572], [121.06324, -7.04576], [121.0632, -7.04604], [121.0632, -7.0465], [121.0631, -7.04669], [121.06298, -7.04696], [121.06284, -7.04682], [121.06248, -7.04592]]], [[[121.07143, -6.76146], [121.07162, -6.76139], [121.07174, -6.76117], [121.07157, -6.76097], [121.07123, -6.76083], [121.07095, -6.76074], [121.07077, -6.76074], [121.07053, -6.76089], [121.07025, -6.76091], [121.06989, -6.76074], [121.06998, -6.76058], [121.07073, -6.76026], [121.07097, -6.76023], [121.0712, -6.76009], [121.07143, -6.76003], [121.07154, -6.75975], [121.07157, -6.75931], [121.07158, -6.7589], [121.07165, -6.75859], [121.07175, -6.75837], [121.07184, -6.75806], [121.07192, -6.75787], [121.07206, -6.75765], [121.07216, -6.75752], [121.07235, -6.75731], [121.07244, -6.75714], [121.07235, -6.75702], [121.07201, -6.75709], [121.07204, -6.75728], [121.07206, -6.75743], [121.07187, -6.75753], [121.0717, -6.7576], [121.07168, -6.75779], [121.07165, -6.75799], [121.07149, -6.75803], [121.07127, -6.75797], [121.07107, -6.75785], [121.07071, -6.75778], [121.07033, -6.75771], [121.07008, -6.75763], [121.06992, -6.75749], [121.06991, -6.75713], [121.07001, -6.75684], [121.07011, -6.75672], [121.07042, -6.75681], [121.07064, -6.757], [121.07092, -6.75708], [121.07126, -6.75709], [121.07143, -6.757], [121.07186, -6.75663], [121.07189, -6.7564], [121.0719, -6.75606], [121.0719, -6.75562], [121.07185, -6.7554], [121.07169, -6.75523], [121.07151, -6.75512], [121.0713, -6.75502], [121.07134, -6.75485], [121.07163, -6.75466], [121.07183, -6.75459], [121.07209, -6.75449], [121.07226, -6.75442], [121.0724, -6.75437], [121.07265, -6.75458], [121.07277, -6.75473], [121.07291, -6.75489], [121.07315, -6.75518], [121.0733, -6.75542], [121.07338, -6.75574], [121.0735, -6.7559], [121.07354, -6.75612], [121.07347, -6.75641], [121.07341, -6.75679], [121.07345, -6.7575], [121.07353, -6.75786], [121.07349, -6.75821], [121.07346, -6.75851], [121.07347, -6.75885], [121.07349, -6.75921], [121.07344, -6.75954], [121.07321, -6.7607], [121.07329, -6.76104], [121.07341, -6.7613], [121.07355, -6.76154], [121.07374, -6.7619], [121.07382, -6.76221], [121.07387, -6.76246], [121.0739, -6.7628], [121.074, -6.7634], [121.07402, -6.76361], [121.074, -6.76386], [121.074, -6.76422], [121.07398, -6.76431], [121.07386, -6.76429], [121.07376, -6.76419], [121.07363, -6.7639], [121.07342, -6.76359], [121.07323, -6.76333], [121.07274, -6.76297], [121.07245, -6.76288], [121.07219, -6.76271], [121.07187, -6.76252], [121.07146, -6.76235], [121.07126, -6.76216], [121.07114, -6.76182], [121.07124, -6.76156], [121.07143, -6.76146]]], [[[121.10033, -6.74395], [121.10048, -6.744], [121.10064, -6.74406], [121.10074, -6.74411], [121.10084, -6.74421], [121.10084, -6.74436], [121.10079, -6.74445], [121.1007, -6.74451], [121.10055, -6.74455], [121.10045, -6.74452], [121.10031, -6.74444], [121.10016, -6.74435], [121.10007, -6.74426], [121.10004, -6.74415], [121.10008, -6.74402], [121.10017, -6.74393], [121.10033, -6.74395]]], [[[121.10075, -6.74338], [121.10067, -6.7432], [121.10065, -6.74274], [121.10069, -6.7425], [121.10069, -6.74225], [121.10066, -6.7421], [121.10068, -6.74186], [121.10077, -6.74169], [121.10088, -6.74154], [121.10096, -6.74129], [121.10091, -6.74099], [121.10085, -6.7408], [121.10079, -6.74059], [121.10083, -6.74031], [121.101, -6.74009], [121.10115, -6.7399], [121.10133, -6.73964], [121.10144, -6.73943], [121.10163, -6.73935], [121.10168, -6.73947], [121.10168, -6.73971], [121.10163, -6.73996], [121.10155, -6.74026], [121.10145, -6.74054], [121.10142, -6.74088], [121.10143, -6.74126], [121.10147, -6.74175], [121.10149, -6.74216], [121.10143, -6.74248], [121.10139, -6.74282], [121.10122, -6.74329], [121.10114, -6.7435], [121.10075, -6.74338]]], [[[121.08651, -6.725], [121.08644, -6.72485], [121.08637, -6.72477], [121.08625, -6.7247], [121.08609, -6.72468], [121.08594, -6.72473], [121.0858, -6.72473], [121.08568, -6.7248], [121.08551, -6.72492], [121.08539, -6.72494], [121.08517, -6.72483], [121.08492, -6.72466], [121.08474, -6.72454], [121.08463, -6.72443], [121.08469, -6.72435], [121.08482, -6.72438], [121.08519, -6.7246], [121.08533, -6.72467], [121.0854, -6.72461], [121.08537, -6.72447], [121.08533, -6.72428], [121.08525, -6.72411], [121.0851, -6.72396], [121.0849, -6.72393], [121.0847, -6.72401], [121.08449, -6.72396], [121.08424, -6.72396], [121.08399, -6.724], [121.08387, -6.72405], [121.08365, -6.72406], [121.08349, -6.72405], [121.08334, -6.72397], [121.08307, -6.72395], [121.08292, -6.72399], [121.08279, -6.72415], [121.08257, -6.72432], [121.0824, -6.72449], [121.08215, -6.72457], [121.08192, -6.72457], [121.08181, -6.72451], [121.0817, -6.72444], [121.0817, -6.7243], [121.08176, -6.72419], [121.08177, -6.72406], [121.08165, -6.72395], [121.08148, -6.72393], [121.08131, -6.72401], [121.08124, -6.72399], [121.08122, -6.7238], [121.08149, -6.72342], [121.08159, -6.72326], [121.08171, -6.72311], [121.08191, -6.72307], [121.08213, -6.72306], [121.08233, -6.72303], [121.08271, -6.72297], [121.08289, -6.72292], [121.08331, -6.72284], [121.08343, -6.72275], [121.08357, -6.72266], [121.08365, -6.72264], [121.08377, -6.72264], [121.08388, -6.72259], [121.08405, -6.7225], [121.08416, -6.7224], [121.08434, -6.72232], [121.0845, -6.72242], [121.08461, -6.72255], [121.08468, -6.72274], [121.08478, -6.72282], [121.08485, -6.72295], [121.08485, -6.72316], [121.08501, -6.72328], [121.08539, -6.72356], [121.08551, -6.72366], [121.0856, -6.72369], [121.08569, -6.7238], [121.08589, -6.72384], [121.08602, -6.72384], [121.08627, -6.72389], [121.08666, -6.7241], [121.08688, -6.72437], [121.08705, -6.72453], [121.08727, -6.72466], [121.0875, -6.72478], [121.08768, -6.72478], [121.08784, -6.72483], [121.08804, -6.72495], [121.08807, -6.72511], [121.08802, -6.72527], [121.08791, -6.72545], [121.08776, -6.72557], [121.08757, -6.72564], [121.08742, -6.72567], [121.08732, -6.72561], [121.08729, -6.72549], [121.08733, -6.72534], [121.08739, -6.7252], [121.08724, -6.72507], [121.08695, -6.72515], [121.08682, -6.72517], [121.08667, -6.72511], [121.08651, -6.725]]], [[[121.0801, -6.72104], [121.08017, -6.72105], [121.08034, -6.72108], [121.08044, -6.72111], [121.08053, -6.72115], [121.08068, -6.7212], [121.08077, -6.72121], [121.08095, -6.7213], [121.08098, -6.72154], [121.081, -6.7217], [121.08107, -6.72185], [121.08122, -6.72204], [121.08135, -6.72222], [121.0815, -6.72227], [121.08172, -6.72236], [121.0819, -6.72242], [121.08203, -6.72248], [121.08209, -6.72259], [121.08215, -6.72274], [121.08215, -6.72287], [121.08211, -6.72289], [121.08198, -6.72295], [121.08189, -6.72293], [121.08172, -6.72288], [121.08156, -6.7229], [121.0814, -6.72297], [121.08124, -6.72302], [121.08107, -6.72301], [121.08086, -6.72293], [121.08073, -6.72286], [121.08058, -6.7228], [121.08037, -6.72281], [121.08026, -6.72291], [121.08008, -6.7231], [121.07994, -6.72325], [121.07979, -6.72341], [121.07965, -6.72349], [121.0795, -6.72352], [121.07931, -6.72346], [121.0791, -6.72341], [121.07897, -6.72337], [121.07894, -6.72325], [121.07903, -6.72301], [121.07919, -6.7229], [121.07938, -6.72278], [121.07951, -6.72267], [121.07966, -6.72257], [121.07978, -6.72241], [121.07986, -6.72229], [121.07996, -6.7222], [121.0801, -6.72208], [121.08018, -6.72193], [121.08023, -6.72181], [121.08034, -6.72169], [121.08037, -6.72158], [121.08022, -6.72143], [121.08002, -6.7214], [121.07984, -6.72132], [121.07978, -6.72121], [121.07995, -6.72104], [121.0801, -6.72104]]], [[[121.09517, -6.71815], [121.09506, -6.71823], [121.09491, -6.71825], [121.09473, -6.71823], [121.09458, -6.7182], [121.0945, -6.71825], [121.09441, -6.71831], [121.09432, -6.71826], [121.09424, -6.71817], [121.09421, -6.71799], [121.09422, -6.71792], [121.09426, -6.71779], [121.09424, -6.71773], [121.09416, -6.71769], [121.09403, -6.71761], [121.09397, -6.71749], [121.094, -6.71731], [121.09407, -6.7172], [121.09415, -6.71709], [121.0943, -6.71699], [121.09445, -6.71693], [121.09458, -6.71692], [121.09463, -6.71699], [121.09464, -6.7171], [121.09465, -6.71722], [121.09463, -6.71731], [121.09457, -6.71739], [121.09455, -6.71747], [121.09459, -6.71753], [121.09467, -6.71762], [121.09468, -6.71777], [121.09473, -6.71787], [121.09481, -6.71792], [121.09497, -6.7179], [121.09514, -6.71791], [121.09521, -6.71802], [121.09517, -6.71815]]], [[[120.97816, -6.70418], [120.97796, -6.70425], [120.97769, -6.70439], [120.97735, -6.70454], [120.97699, -6.70469], [120.97663, -6.70482], [120.97626, -6.70497], [120.97599, -6.70507], [120.97573, -6.70519], [120.97545, -6.70535], [120.97508, -6.70542], [120.97488, -6.70538], [120.97495, -6.70517], [120.97501, -6.70492], [120.97515, -6.70488], [120.97523, -6.70474], [120.97533, -6.70465], [120.9754, -6.70452], [120.97557, -6.70437], [120.97611, -6.70398], [120.97629, -6.70383], [120.97705, -6.70348], [120.97744, -6.70334], [120.97755, -6.70336], [120.97778, -6.70319], [120.97808, -6.70319], [120.97833, -6.70323], [120.97866, -6.70339], [120.97883, -6.70363], [120.97881, -6.70398], [120.97861, -6.70405], [120.97839, -6.70416], [120.97816, -6.70418]]], [[[121.02575, -6.57192], [121.02576, -6.57345], [121.02574, -6.57492], [121.02569, -6.57584], [121.02553, -6.57609], [121.02542, -6.5767], [121.02536, -6.57725], [121.02517, -6.57739], [121.0249, -6.578], [121.02476, -6.57826], [121.02457, -6.57873], [121.02429, -6.57881], [121.02429, -6.57881], [121.02408, -6.57886], [121.02396, -6.57882], [121.02392, -6.57878], [121.02392, -6.57878], [121.02371, -6.57816], [121.02373, -6.57737], [121.02374, -6.5762], [121.02373, -6.57445], [121.02371, -6.57294], [121.0237, -6.57293], [121.02371, -6.57277], [121.02393, -6.57097], [121.02402, -6.56917], [121.02421, -6.56832], [121.02444, -6.56768], [121.02451, -6.56694], [121.02461, -6.56614], [121.02463, -6.56554], [121.02489, -6.56534], [121.0249, -6.56535], [121.0249, -6.56534], [121.02509, -6.56563], [121.02522, -6.56573], [121.02524, -6.5661], [121.02525, -6.56618], [121.02542, -6.56662], [121.02551, -6.56695], [121.02559, -6.56754], [121.02568, -6.56831], [121.02571, -6.56909], [121.02577, -6.57045], [121.02575, -6.57192]]], [[[121.0987, -6.56532], [121.09882, -6.56556], [121.09896, -6.56566], [121.09916, -6.56595], [121.09944, -6.56627], [121.09956, -6.56655], [121.0998, -6.56699], [121.09999, -6.56755], [121.10011, -6.56828], [121.10007, -6.56882], [121.10011, -6.56885], [121.10009, -6.5689], [121.10008, -6.56966], [121.1, -6.57024], [121.09984, -6.5709], [121.09967, -6.57155], [121.09937, -6.57247], [121.09904, -6.57315], [121.09862, -6.57383], [121.09832, -6.57411], [121.09819, -6.57413], [121.09785, -6.57363], [121.0979, -6.57248], [121.09777, -6.57162], [121.09777, -6.57081], [121.09772, -6.56943], [121.09787, -6.56809], [121.09793, -6.56791], [121.09803, -6.56726], [121.09828, -6.56624], [121.09842, -6.56576], [121.09852, -6.56546], [121.0987, -6.56532]]], [[[121.07988, -6.5653], [121.07987, -6.56559], [121.07995, -6.56584], [121.07997, -6.56604], [121.08001, -6.56621], [121.08002, -6.56644], [121.08006, -6.56668], [121.0799, -6.56701], [121.0798, -6.56735], [121.07959, -6.56773], [121.07917, -6.56827], [121.07876, -6.56879], [121.07846, -6.56917], [121.07832, -6.56927], [121.0782, -6.56941], [121.07785, -6.5698], [121.07799, -6.56908], [121.07818, -6.56852], [121.07825, -6.56774], [121.07837, -6.56698], [121.07848, -6.56636], [121.07889, -6.5656], [121.07905, -6.56524], [121.07918, -6.56481], [121.07944, -6.56429], [121.0803, -6.56477], [121.07996, -6.56503], [121.07988, -6.5653]]], [[[120.99949, -6.54447], [120.99941, -6.5455], [120.99937, -6.54603], [120.99937, -6.54603], [120.99936, -6.54612], [120.99927, -6.54631], [120.99916, -6.54633], [120.99895, -6.5462], [120.9988, -6.54611], [120.99873, -6.54595], [120.99858, -6.54584], [120.99843, -6.54574], [120.9982, -6.54557], [120.99792, -6.54502], [120.99772, -6.54452], [120.99757, -6.54398], [120.99743, -6.54332], [120.99732, -6.54276], [120.99724, -6.54239], [120.99724, -6.54238], [120.99717, -6.5421], [120.99702, -6.54133], [120.9969, -6.5406], [120.9968, -6.53997], [120.99676, -6.53976], [120.99679, -6.53965], [120.99666, -6.53875], [120.9967, -6.53748], [120.99671, -6.53687], [120.9968, -6.53612], [120.99689, -6.5354], [120.99732, -6.53384], [120.99745, -6.53354], [120.99764, -6.533], [120.99775, -6.53271], [120.99783, -6.53225], [120.99798, -6.5318], [120.99851, -6.5313], [120.99867, -6.53125], [120.99887, -6.5313], [120.99923, -6.53161], [120.99924, -6.53162], [120.99924, -6.53162], [120.99947, -6.53195], [120.99963, -6.53222], [120.99975, -6.5324], [120.99989, -6.53272], [120.99998, -6.53299], [121.00004, -6.53335], [121.00008, -6.53368], [121.00012, -6.53418], [121.00013, -6.53497], [121.0001, -6.53558], [121.00008, -6.53583], [120.99999, -6.53667], [120.99998, -6.53691], [120.99995, -6.53719], [120.99992, -6.53742], [120.9999, -6.53771], [120.99982, -6.53837], [120.99978, -6.53901], [120.99973, -6.53981], [120.9997, -6.54017], [120.99966, -6.54064], [120.99961, -6.54189], [120.99953, -6.54322], [120.99949, -6.54447]]], [[[120.99185, -6.50387], [120.99179, -6.5039], [120.99132, -6.50395], [120.99124, -6.50395], [120.99112, -6.50398], [120.99054, -6.504], [120.99035, -6.50403], [120.99011, -6.50405], [120.98988, -6.50406], [120.9894, -6.50407], [120.98902, -6.50413], [120.98901, -6.50413], [120.98858, -6.50418], [120.98844, -6.50416], [120.98796, -6.50423], [120.98764, -6.50427], [120.98742, -6.50442], [120.98719, -6.50427], [120.98688, -6.50421], [120.98658, -6.50425], [120.98589, -6.50426], [120.98533, -6.50431], [120.98479, -6.50442], [120.98416, -6.50451], [120.98361, -6.50467], [120.98348, -6.5047], [120.98337, -6.50471], [120.98304, -6.50478], [120.98276, -6.50481], [120.98245, -6.50491], [120.98197, -6.50506], [120.98143, -6.50518], [120.98143, -6.50518], [120.98142, -6.50518], [120.9813, -6.50518], [120.98083, -6.50525], [120.98043, -6.50517], [120.98026, -6.50506], [120.97988, -6.50493], [120.97988, -6.50492], [120.97987, -6.50492], [120.97983, -6.50465], [120.97983, -6.50464], [120.97983, -6.50463], [120.97988, -6.5045], [120.97998, -6.50465], [120.9802, -6.50483], [120.98062, -6.50471], [120.98128, -6.50427], [120.98195, -6.50372], [120.9822, -6.50348], [120.98291, -6.50304], [120.98335, -6.50276], [120.98376, -6.50248], [120.98422, -6.50207], [120.98498, -6.50156], [120.98542, -6.50133], [120.98622, -6.50105], [120.98703, -6.50063], [120.98845, -6.49999], [120.98892, -6.49986], [120.98917, -6.49973], [120.98973, -6.49954], [120.99032, -6.49924], [120.99091, -6.49901], [120.99119, -6.49892], [120.99139, -6.49886], [120.99185, -6.49862], [120.99211, -6.49853], [120.99281, -6.49827], [120.9935, -6.49783], [120.99371, -6.49768], [120.99394, -6.4975], [120.99432, -6.4973], [120.99461, -6.49714], [120.99497, -6.49687], [120.99527, -6.49669], [120.99554, -6.49654], [120.99581, -6.49643], [120.99606, -6.49629], [120.99637, -6.49618], [120.99663, -6.49601], [120.99687, -6.49586], [120.99725, -6.4957], [120.99779, -6.49541], [120.99786, -6.49532], [120.99805, -6.4952], [120.99839, -6.495], [120.9989, -6.49484], [120.99912, -6.49475], [120.9993, -6.4946], [120.99947, -6.49454], [120.99966, -6.49447], [120.99982, -6.49443], [121.00013, -6.49431], [121.00048, -6.49423], [121.0007, -6.49418], [121.00098, -6.49413], [121.00113, -6.49407], [121.00119, -6.49404], [121.0015, -6.49407], [121.0015, -6.49407], [121.0015, -6.49407], [121.00159, -6.49424], [121.00164, -6.49447], [121.00171, -6.49473], [121.00176, -6.49503], [121.00177, -6.49532], [121.0017, -6.4956], [121.00155, -6.49587], [121.00138, -6.49616], [121.00125, -6.49634], [121.00103, -6.49654], [121.00077, -6.4968], [121.00077, -6.4968], [121.00045, -6.49714], [121.00003, -6.49764], [120.99997, -6.49767], [120.99967, -6.49803], [120.99938, -6.49836], [120.99904, -6.49879], [120.99888, -6.49893], [120.99866, -6.49922], [120.99845, -6.49947], [120.99819, -6.49978], [120.99815, -6.49981], [120.99782, -6.5002], [120.99768, -6.50035], [120.99751, -6.50054], [120.9974, -6.5007], [120.9973, -6.50082], [120.99712, -6.50109], [120.99697, -6.50131], [120.99682, -6.5016], [120.99678, -6.50166], [120.9967, -6.50182], [120.99663, -6.50192], [120.99651, -6.50189], [120.9964, -6.50193], [120.99632, -6.50202], [120.99625, -6.50213], [120.99625, -6.50214], [120.99622, -6.5022], [120.99597, -6.50254], [120.99582, -6.50271], [120.99575, -6.50277], [120.99573, -6.50277], [120.99565, -6.50284], [120.9955, -6.50293], [120.99542, -6.50297], [120.9954, -6.50301], [120.99512, -6.50312], [120.99504, -6.50313], [120.99479, -6.50322], [120.99471, -6.50326], [120.9946, -6.50335], [120.99449, -6.50339], [120.99429, -6.50341], [120.99411, -6.50347], [120.99403, -6.50347], [120.99394, -6.50351], [120.99371, -6.50354], [120.99351, -6.50357], [120.99339, -6.5036], [120.99323, -6.50363], [120.99307, -6.50369], [120.99299, -6.50369], [120.99292, -6.50374], [120.9928, -6.50374], [120.99257, -6.50388], [120.99253, -6.50391], [120.99253, -6.50391], [120.99253, -6.50391], [120.99249, -6.50389], [120.9924, -6.50385], [120.99225, -6.50384], [120.99202, -6.50388], [120.99194, -6.50388], [120.99185, -6.50387]]], [[[121.09502, -6.41198], [121.09505, -6.41165], [121.09508, -6.41112], [121.09507, -6.41076], [121.09514, -6.41047], [121.09515, -6.41018], [121.0952, -6.40928], [121.09526, -6.40895], [121.09529, -6.40873], [121.09546, -6.40812], [121.09546, -6.40792], [121.09556, -6.4077], [121.09562, -6.40746], [121.09569, -6.40734], [121.09578, -6.4072], [121.09581, -6.40701], [121.0959, -6.4069], [121.096, -6.40677], [121.09612, -6.40662], [121.09635, -6.40652], [121.09657, -6.40634], [121.09678, -6.40652], [121.09703, -6.40711], [121.09727, -6.40784], [121.09755, -6.40855], [121.09768, -6.40899], [121.09776, -6.40929], [121.09779, -6.4096], [121.09777, -6.41006], [121.09776, -6.41027], [121.09765, -6.41089], [121.0976, -6.41119], [121.09753, -6.41141], [121.09734, -6.41174], [121.09698, -6.41206], [121.09663, -6.4124], [121.09618, -6.41275], [121.09578, -6.41282], [121.09538, -6.41279], [121.0952, -6.41262], [121.0951, -6.41244], [121.09502, -6.41219], [121.09502, -6.41198]]], [[[121.44345, -7.11909], [121.44339, -7.11924], [121.44329, -7.11938], [121.44319, -7.11949], [121.44302, -7.11966], [121.4429, -7.11979], [121.44278, -7.1199], [121.44267, -7.12003], [121.44256, -7.12009], [121.44248, -7.12012], [121.4424, -7.12025], [121.44234, -7.12036], [121.44223, -7.12047], [121.44206, -7.12054], [121.44185, -7.12046], [121.44178, -7.1203], [121.44182, -7.12013], [121.44193, -7.11997], [121.44198, -7.11982], [121.442, -7.11965], [121.44197, -7.11948], [121.44186, -7.11926], [121.44174, -7.11902], [121.4416, -7.11881], [121.44156, -7.11862], [121.44154, -7.11842], [121.44152, -7.11828], [121.44142, -7.11818], [121.44119, -7.1182], [121.44111, -7.1181], [121.44123, -7.11793], [121.44131, -7.11774], [121.4415, -7.11766], [121.4417, -7.11761], [121.44193, -7.11759], [121.44213, -7.11757], [121.44231, -7.11755], [121.44255, -7.11754], [121.44277, -7.11758], [121.44292, -7.11759], [121.44309, -7.11761], [121.4432, -7.11771], [121.44332, -7.11791], [121.44341, -7.11805], [121.44348, -7.11819], [121.44351, -7.11839], [121.44352, -7.11853], [121.44352, -7.11869], [121.44353, -7.11884], [121.44345, -7.11909]]], [[[121.12163, -7.0781], [121.12156, -7.07833], [121.12152, -7.07871], [121.1214, -7.07896], [121.12139, -7.07896], [121.12122, -7.07923], [121.12121, -7.07925], [121.12117, -7.07933], [121.12116, -7.07934], [121.12108, -7.07944], [121.12083, -7.07958], [121.12062, -7.07932], [121.12059, -7.07889], [121.12051, -7.07877], [121.12042, -7.07854], [121.12042, -7.07854], [121.12034, -7.07834], [121.1203, -7.07801], [121.12027, -7.07795], [121.12025, -7.07784], [121.12012, -7.07773], [121.1201, -7.07751], [121.12005, -7.07708], [121.12009, -7.0768], [121.12009, -7.0765], [121.12009, -7.07638], [121.12007, -7.07597], [121.1201, -7.07551], [121.12008, -7.07497], [121.12009, -7.07439], [121.1201, -7.07386], [121.12011, -7.07333], [121.12015, -7.07279], [121.12015, -7.07279], [121.12019, -7.07241], [121.12025, -7.07196], [121.1203, -7.07173], [121.12033, -7.07159], [121.12035, -7.07148], [121.12039, -7.07123], [121.12044, -7.07079], [121.12048, -7.07057], [121.12052, -7.07038], [121.12062, -7.07008], [121.12071, -7.06982], [121.12078, -7.06961], [121.12089, -7.06938], [121.12089, -7.06938], [121.12099, -7.06918], [121.12113, -7.06895], [121.1213, -7.06875], [121.12161, -7.06846], [121.12161, -7.06846], [121.12166, -7.0684], [121.12191, -7.06834], [121.12203, -7.06835], [121.12203, -7.06835], [121.12203, -7.06835], [121.12213, -7.06848], [121.12215, -7.06858], [121.12254, -7.0691], [121.12268, -7.06925], [121.1227, -7.06939], [121.12271, -7.06946], [121.12266, -7.06965], [121.12271, -7.07004], [121.12274, -7.07035], [121.12275, -7.07119], [121.12273, -7.07174], [121.12267, -7.07239], [121.12259, -7.07311], [121.12253, -7.07363], [121.12249, -7.07386], [121.12249, -7.07386], [121.12241, -7.07443], [121.12233, -7.07498], [121.12224, -7.07537], [121.12207, -7.07602], [121.12198, -7.07648], [121.12195, -7.07665], [121.12186, -7.07703], [121.12176, -7.07739], [121.12173, -7.07778], [121.12169, -7.07801], [121.12163, -7.0781]]], [[[121.21601, -7.00632], [121.21594, -7.00618], [121.21632, -7.00583], [121.21663, -7.00601], [121.21674, -7.0056], [121.21694, -7.00496], [121.21725, -7.0042], [121.2176, -7.0033], [121.21826, -7.00239], [121.21849, -7.00196], [121.21877, -7.00155], [121.21876, -7.00128], [121.21866, -7.00107], [121.21828, -7.00114], [121.2182, -7.00101], [121.21823, -7.0009], [121.21846, -7.00085], [121.21873, -7.00085], [121.21889, -7.00094], [121.21898, -7.00117], [121.21902, -7.00174], [121.21905, -7.0021], [121.2192, -7.00223], [121.219, -7.0029], [121.21858, -7.00384], [121.21687, -7.00715], [121.21659, -7.00693], [121.21634, -7.00678], [121.21629, -7.00662], [121.21619, -7.00652], [121.21601, -7.00632]]], [[[121.17849, -6.84985], [121.17833, -6.84969], [121.17809, -6.84958], [121.17792, -6.84952], [121.17765, -6.8495], [121.17744, -6.84944], [121.17733, -6.84935], [121.17727, -6.84919], [121.17723, -6.849], [121.17714, -6.84887], [121.17697, -6.84873], [121.17669, -6.84875], [121.17654, -6.84882], [121.17635, -6.84891], [121.17617, -6.84886], [121.17592, -6.84873], [121.17563, -6.84867], [121.17542, -6.84856], [121.17524, -6.84833], [121.17518, -6.84805], [121.17521, -6.84776], [121.17532, -6.84757], [121.17553, -6.84739], [121.17573, -6.84731], [121.17607, -6.84734], [121.1763, -6.84755], [121.1766, -6.84768], [121.17686, -6.84778], [121.17711, -6.84778], [121.17736, -6.84763], [121.17766, -6.84682], [121.17771, -6.84663], [121.1778, -6.84634], [121.17787, -6.84608], [121.17796, -6.8459], [121.17806, -6.84575], [121.17809, -6.84574], [121.17821, -6.84575], [121.17831, -6.84595], [121.17833, -6.84627], [121.17826, -6.84655], [121.17822, -6.84678], [121.17825, -6.8472], [121.17823, -6.84744], [121.1783, -6.84779], [121.17842, -6.84794], [121.17858, -6.84799], [121.1786, -6.84814], [121.17841, -6.84823], [121.1783, -6.8483], [121.17829, -6.84853], [121.17835, -6.84881], [121.17848, -6.84895], [121.17871, -6.84912], [121.17881, -6.84922], [121.17893, -6.84936], [121.17913, -6.84952], [121.17925, -6.84965], [121.17935, -6.84978], [121.17937, -6.84992], [121.17937, -6.85002], [121.17929, -6.85022], [121.17923, -6.85031], [121.17918, -6.85049], [121.17918, -6.85065], [121.1793, -6.85082], [121.17927, -6.85099], [121.17911, -6.85115], [121.17894, -6.85124], [121.17873, -6.85123], [121.1785, -6.85115], [121.17843, -6.85101], [121.17843, -6.85082], [121.17859, -6.8507], [121.17863, -6.85055], [121.1787, -6.85032], [121.17861, -6.85015], [121.17852, -6.85], [121.17849, -6.84985]]], [[[121.13585, -6.79747], [121.13591, -6.79688], [121.13589, -6.79493], [121.13589, -6.79442], [121.13601, -6.79392], [121.13625, -6.79333], [121.13634, -6.79271], [121.13644, -6.79214], [121.13656, -6.79143], [121.13654, -6.78924], [121.13648, -6.78862], [121.1366, -6.78794], [121.13678, -6.78749], [121.13714, -6.78708], [121.13711, -6.78687], [121.13681, -6.78664], [121.13652, -6.78655], [121.13634, -6.78631], [121.13631, -6.78595], [121.13637, -6.78509], [121.13635, -6.78423], [121.13641, -6.78367], [121.13665, -6.78299], [121.13695, -6.78276], [121.13727, -6.78273], [121.13781, -6.78261], [121.13807, -6.78255], [121.13855, -6.7825], [121.13881, -6.78261], [121.13884, -6.78276], [121.13878, -6.78327], [121.13872, -6.78374], [121.1389, -6.78427], [121.13895, -6.78484], [121.13889, -6.78552], [121.13883, -6.78614], [121.13883, -6.78652], [121.13883, -6.78685], [121.13874, -6.78727], [121.13865, -6.78756], [121.1385, -6.78771], [121.13844, -6.78789], [121.13847, -6.78812], [121.13864, -6.78815], [121.13891, -6.78812], [121.13891, -6.78836], [121.13894, -6.78887], [121.13888, -6.78931], [121.13888, -6.78981], [121.1389, -6.79029], [121.1389, -6.79064], [121.13893, -6.79106], [121.1389, -6.79162], [121.13878, -6.79198], [121.13848, -6.79263], [121.13836, -6.79313], [121.13821, -6.79375], [121.13806, -6.79428], [121.13731, -6.79529], [121.13713, -6.79576], [121.13704, -6.79644], [121.13701, -6.79712], [121.13698, -6.79769], [121.13695, -6.79801], [121.13683, -6.79837], [121.13668, -6.79863], [121.13635, -6.7989], [121.13602, -6.79904], [121.13585, -6.79922], [121.13543, -6.79934], [121.1351, -6.79925], [121.13499, -6.79898], [121.13499, -6.79863], [121.13529, -6.79839], [121.13561, -6.79827], [121.13579, -6.79801], [121.13585, -6.79747]]], [[[121.20232, -6.78297], [121.20223, -6.78311], [121.20201, -6.78289], [121.20198, -6.78252], [121.20205, -6.78216], [121.20214, -6.78183], [121.20224, -6.78143], [121.20219, -6.78042], [121.2023, -6.78017], [121.20252, -6.77977], [121.20275, -6.77845], [121.20287, -6.77818], [121.20298, -6.77794], [121.20307, -6.77767], [121.20311, -6.77738], [121.20311, -6.7771], [121.20311, -6.77683], [121.20313, -6.77666], [121.2032, -6.77662], [121.2034, -6.77677], [121.2035, -6.77699], [121.20361, -6.77719], [121.20365, -6.77749], [121.20365, -6.77763], [121.20351, -6.77791], [121.20331, -6.7782], [121.20323, -6.77856], [121.20316, -6.77892], [121.20308, -6.77926], [121.20289, -6.78052], [121.20289, -6.78095], [121.20284, -6.78151], [121.20273, -6.7819], [121.20254, -6.78239], [121.20232, -6.78297]]], [[[121.16806, -6.76568], [121.1679, -6.7659], [121.16771, -6.76622], [121.16767, -6.76644], [121.16749, -6.76688], [121.16741, -6.76703], [121.16735, -6.76733], [121.16723, -6.76753], [121.16712, -6.76785], [121.167, -6.76811], [121.16688, -6.76837], [121.16682, -6.76859], [121.16659, -6.76902], [121.16635, -6.76938], [121.16617, -6.7697], [121.16599, -6.77004], [121.16586, -6.77046], [121.16568, -6.77081], [121.16562, -6.77125], [121.1657, -6.77157], [121.1658, -6.77185], [121.16592, -6.77217], [121.16598, -6.77244], [121.16594, -6.77274], [121.16565, -6.77278], [121.16557, -6.77253], [121.16558, -6.77205], [121.16538, -6.77179], [121.16501, -6.77157], [121.16498, -6.77114], [121.16508, -6.77084], [121.16512, -6.77054], [121.16504, -6.7703], [121.16496, -6.76998], [121.16498, -6.76974], [121.16538, -6.76972], [121.16556, -6.76968], [121.16589, -6.76914], [121.16636, -6.76769], [121.1664, -6.76747], [121.1666, -6.76715], [121.16664, -6.76689], [121.16664, -6.76648], [121.16685, -6.7659], [121.16701, -6.76556], [121.16721, -6.76516], [121.16741, -6.76474], [121.16742, -6.76439], [121.16728, -6.76435], [121.16693, -6.76465], [121.16667, -6.76504], [121.16655, -6.76552], [121.16648, -6.76602], [121.16624, -6.76648], [121.16614, -6.76686], [121.16604, -6.76727], [121.16592, -6.76747], [121.16577, -6.76753], [121.16574, -6.7671], [121.16584, -6.76654], [121.16613, -6.76473], [121.16641, -6.76431], [121.16669, -6.76389], [121.16694, -6.76357], [121.16718, -6.76329], [121.16724, -6.76311], [121.16676, -6.76329], [121.16653, -6.76347], [121.16641, -6.76357], [121.16615, -6.76344], [121.16607, -6.7632], [121.16617, -6.76296], [121.16648, -6.76244], [121.16662, -6.7621], [121.16672, -6.76154], [121.16682, -6.76115], [121.16646, -6.76085], [121.16636, -6.76059], [121.16645, -6.76015], [121.16661, -6.75979], [121.16693, -6.7587], [121.16704, -6.75842], [121.16726, -6.75812], [121.16736, -6.75802], [121.16756, -6.75834], [121.16762, -6.75844], [121.16804, -6.75826], [121.16831, -6.75808], [121.16861, -6.7578], [121.16912, -6.75772], [121.16932, -6.75774], [121.16978, -6.75766], [121.16998, -6.75758], [121.17018, -6.7578], [121.1701, -6.75818], [121.17014, -6.75837], [121.17048, -6.75895], [121.17062, -6.75931], [121.17074, -6.75937], [121.17078, -6.75905], [121.17072, -6.75863], [121.17078, -6.75833], [121.17095, -6.75807], [121.17083, -6.75778], [121.17065, -6.75732], [121.17075, -6.75686], [121.17089, -6.75654], [121.17107, -6.7563], [121.17129, -6.7561], [121.17148, -6.75604], [121.17164, -6.75616], [121.17172, -6.75648], [121.17161, -6.75684], [121.17149, -6.75708], [121.17143, -6.75747], [121.17139, -6.75781], [121.17151, -6.75795], [121.17153, -6.75825], [121.17139, -6.75865], [121.17132, -6.75887], [121.17128, -6.75932], [121.17124, -6.75966], [121.17106, -6.75998], [121.17084, -6.76032], [121.17065, -6.76056], [121.17053, -6.76074], [121.17043, -6.761], [121.17039, -6.76116], [121.17041, -6.76124], [121.17057, -6.76116], [121.17075, -6.761], [121.17104, -6.76082], [121.1713, -6.76064], [121.17132, -6.76036], [121.17142, -6.76008], [121.17158, -6.75996], [121.17178, -6.76014], [121.17174, -6.76054], [121.17152, -6.76083], [121.17113, -6.76147], [121.17089, -6.76187], [121.17077, -6.76203], [121.17057, -6.76211], [121.17033, -6.76239], [121.16998, -6.76267], [121.16976, -6.76287], [121.16946, -6.76289], [121.16932, -6.76275], [121.16906, -6.76287], [121.16889, -6.76307], [121.16877, -6.76333], [121.16836, -6.76462], [121.1682, -6.7649], [121.16816, -6.76528], [121.16806, -6.76568]]], [[[121.13871, -6.76354], [121.13852, -6.76302], [121.13838, -6.76242], [121.1383, -6.76186], [121.13831, -6.76131], [121.13838, -6.76101], [121.13861, -6.76075], [121.13846, -6.75915], [121.13847, -6.75856], [121.13843, -6.75785], [121.13843, -6.75729], [121.13843, -6.75677], [121.13855, -6.75614], [121.13893, -6.75443], [121.139, -6.75395], [121.13912, -6.75332], [121.13923, -6.75276], [121.13931, -6.75213], [121.13938, -6.75168], [121.13946, -6.75113], [121.1401, -6.74986], [121.14014, -6.74938], [121.14021, -6.74894], [121.1404, -6.74868], [121.14047, -6.7486], [121.14022, -6.74812], [121.14022, -6.74775], [121.14044, -6.74715], [121.14082, -6.74686], [121.14108, -6.74697], [121.14111, -6.74715], [121.14111, -6.74768], [121.14137, -6.74805], [121.14163, -6.74823], [121.14196, -6.74842], [121.14219, -6.74868], [121.14211, -6.74894], [121.14177, -6.74916], [121.14133, -6.74927], [121.14092, -6.7495], [121.1408, -6.74976], [121.14084, -6.75005], [121.14102, -6.75057], [121.14099, -6.75106], [121.14076, -6.75121], [121.14031, -6.75146], [121.14028, -6.75169], [121.14027, -6.75232], [121.14027, -6.75258], [121.14016, -6.75295], [121.14008, -6.75325], [121.14001, -6.75362], [121.14023, -6.75384], [121.14045, -6.75407], [121.14082, -6.75437], [121.14078, -6.75533], [121.14063, -6.7557], [121.14059, -6.75633], [121.14055, -6.75693], [121.14044, -6.75726], [121.14037, -6.75763], [121.1404, -6.75808], [121.14036, -6.75897], [121.14032, -6.7596], [121.14021, -6.76035], [121.14035, -6.76105], [121.14042, -6.7618], [121.14039, -6.76217], [121.14012, -6.76221], [121.13983, -6.76217], [121.13972, -6.76239], [121.13971, -6.76272], [121.13986, -6.76321], [121.14001, -6.7638], [121.14019, -6.76436], [121.14048, -6.76548], [121.14066, -6.76704], [121.14066, -6.76797], [121.14047, -6.76849], [121.14032, -6.76879], [121.13999, -6.76916], [121.1398, -6.76949], [121.13976, -6.76979], [121.13976, -6.77005], [121.13961, -6.77053], [121.13935, -6.77083], [121.13909, -6.77105], [121.13894, -6.77109], [121.13879, -6.77079], [121.1389, -6.77034], [121.13898, -6.77004], [121.13906, -6.76949], [121.13913, -6.76908], [121.13913, -6.76871], [121.13906, -6.76819], [121.13917, -6.76778], [121.13921, -6.76748], [121.13925, -6.76711], [121.13925, -6.76655], [121.13922, -6.76573], [121.13871, -6.76354]]], [[[121.10441, -6.73299], [121.1041, -6.73327], [121.10384, -6.73347], [121.10342, -6.73364], [121.1028, -6.73368], [121.10227, -6.73354], [121.10193, -6.73347], [121.10192, -6.73311], [121.10211, -6.73285], [121.10237, -6.73268], [121.1025, -6.73247], [121.10258, -6.73215], [121.10256, -6.73189], [121.10253, -6.73151], [121.10234, -6.73111], [121.10213, -6.73094], [121.10198, -6.73073], [121.10206, -6.73051], [121.10229, -6.73038], [121.10259, -6.73025], [121.10293, -6.73013], [121.10312, -6.73012], [121.10332, -6.73012], [121.10361, -6.73012], [121.10389, -6.73019], [121.10412, -6.73035], [121.10443, -6.73057], [121.10466, -6.73088], [121.1049, -6.7312], [121.10509, -6.73133], [121.10526, -6.73143], [121.10528, -6.73152], [121.10522, -6.73171], [121.10503, -6.73205], [121.1049, -6.73216], [121.10473, -6.73237], [121.10462, -6.73265], [121.10441, -6.73299]]], [[[121.15112, -6.72832], [121.15046, -6.72951], [121.15026, -6.72983], [121.15019, -6.73026], [121.15016, -6.73058], [121.15012, -6.73094], [121.14996, -6.7312], [121.14966, -6.73156], [121.14937, -6.73192], [121.14917, -6.73221], [121.14907, -6.73251], [121.14917, -6.73274], [121.1492, -6.73313], [121.14887, -6.73342], [121.14864, -6.73362], [121.14815, -6.73469], [121.14815, -6.73512], [121.14785, -6.73551], [121.14775, -6.73571], [121.14739, -6.7359], [121.1471, -6.736], [121.1469, -6.73606], [121.14651, -6.73613], [121.14618, -6.73622], [121.14589, -6.73655], [121.14553, -6.73684], [121.14523, -6.73687], [121.14517, -6.73674], [121.14527, -6.73638], [121.14536, -6.73632], [121.1454, -6.73619], [121.14523, -6.73606], [121.14494, -6.73618], [121.14478, -6.73645], [121.14484, -6.73707], [121.1449, -6.73739], [121.14477, -6.73769], [121.14454, -6.73788], [121.14434, -6.73821], [121.14421, -6.73853], [121.14405, -6.7388], [121.14401, -6.73909], [121.14395, -6.73932], [121.14391, -6.73958], [121.14381, -6.73991], [121.14381, -6.74017], [121.14378, -6.74049], [121.14371, -6.74075], [121.14381, -6.74105], [121.14361, -6.74115], [121.14348, -6.74115], [121.14315, -6.74098], [121.14302, -6.74075], [121.14286, -6.74039], [121.1428, -6.74007], [121.14283, -6.73977], [121.14293, -6.73951], [121.14303, -6.73922], [121.14309, -6.73879], [121.143, -6.73843], [121.1428, -6.73833], [121.14244, -6.7385], [121.14241, -6.73899], [121.14244, -6.73944], [121.14244, -6.7398], [121.14244, -6.74016], [121.14214, -6.74052], [121.14198, -6.74068], [121.14184, -6.74104], [121.14181, -6.74147], [121.14168, -6.74192], [121.14145, -6.74238], [121.14121, -6.74336], [121.14115, -6.74398], [121.14118, -6.74447], [121.1415, -6.74522], [121.14166, -6.74542], [121.14153, -6.74562], [121.14121, -6.74555], [121.14075, -6.74499], [121.14042, -6.74466], [121.1402, -6.7444], [121.1402, -6.74391], [121.14066, -6.74257], [121.14086, -6.74208], [121.14093, -6.74146], [121.14113, -6.74088], [121.14133, -6.73905], [121.14146, -6.73839], [121.14173, -6.73764], [121.14202, -6.73706], [121.14294, -6.73601], [121.14314, -6.73585], [121.1437, -6.73559], [121.14419, -6.73537], [121.14501, -6.73478], [121.14593, -6.73259], [121.14626, -6.73201], [121.14652, -6.73142], [121.14675, -6.73103], [121.14718, -6.73064], [121.14751, -6.73031], [121.14774, -6.73002], [121.14797, -6.72973], [121.14823, -6.72934], [121.14833, -6.72894], [121.14836, -6.72849], [121.1484, -6.72819], [121.14853, -6.72783], [121.15008, -6.72554], [121.15035, -6.72505], [121.15081, -6.72398], [121.15084, -6.72339], [121.15085, -6.72113], [121.15108, -6.72055], [121.15138, -6.72006], [121.15157, -6.71976], [121.1523, -6.71901], [121.15259, -6.71866], [121.15276, -6.71813], [121.15289, -6.71774], [121.15283, -6.71725], [121.15289, -6.71689], [121.15306, -6.71699], [121.15335, -6.71742], [121.15345, -6.71765], [121.15361, -6.71774], [121.15384, -6.71768], [121.15394, -6.71752], [121.15377, -6.71709], [121.15358, -6.7167], [121.15352, -6.71631], [121.15378, -6.71611], [121.15407, -6.71641], [121.15437, -6.71644], [121.1543, -6.71605], [121.15414, -6.71572], [121.15414, -6.71533], [121.1543, -6.7153], [121.1546, -6.7154], [121.15499, -6.71586], [121.15535, -6.71635], [121.15571, -6.71671], [121.15606, -6.71707], [121.15629, -6.71736], [121.15662, -6.71785], [121.15645, -6.71831], [121.15612, -6.71864], [121.1556, -6.71899], [121.15511, -6.71938], [121.15455, -6.71981], [121.15438, -6.72013], [121.15438, -6.72036], [121.15451, -6.72066], [121.15441, -6.72111], [121.15412, -6.72118], [121.15412, -6.72065], [121.15402, -6.7203], [121.1537, -6.72039], [121.15363, -6.72088], [121.15337, -6.72157], [121.15297, -6.72179], [121.15261, -6.72212], [121.15248, -6.72248], [121.15264, -6.72241], [121.15284, -6.72225], [121.15297, -6.72238], [121.15297, -6.72307], [121.1527, -6.72356], [121.15277, -6.72382], [121.1527, -6.72431], [121.15231, -6.72463], [121.15211, -6.72496], [121.15201, -6.72522], [121.15208, -6.72532], [121.15217, -6.72548], [121.15217, -6.72594], [121.15171, -6.72633], [121.15155, -6.72669], [121.15148, -6.72728], [121.15135, -6.7277], [121.15118, -6.728], [121.15112, -6.72832]]], [[[121.21111, -6.72286], [121.21104, -6.72293], [121.21076, -6.72294], [121.21058, -6.72289], [121.2105, -6.72284], [121.2105, -6.72269], [121.21051, -6.72258], [121.21056, -6.72249], [121.21075, -6.72241], [121.21085, -6.72236], [121.2111, -6.72235], [121.21116, -6.72238], [121.21123, -6.72255], [121.21119, -6.72278], [121.21111, -6.72286]]], [[[121.21251, -6.72184], [121.21243, -6.72202], [121.21223, -6.7222], [121.21209, -6.72223], [121.21196, -6.72212], [121.21191, -6.72193], [121.21193, -6.72175], [121.21206, -6.72152], [121.21216, -6.72139], [121.21228, -6.72119], [121.21233, -6.72102], [121.2124, -6.72092], [121.21253, -6.72085], [121.21275, -6.72096], [121.2128, -6.7211], [121.21276, -6.7213], [121.21266, -6.72155], [121.2126, -6.7217], [121.21251, -6.72184]]], [[[121.21059, -6.72047], [121.21084, -6.72057], [121.21107, -6.72075], [121.21103, -6.721], [121.21107, -6.72121], [121.21088, -6.72133], [121.21072, -6.72133], [121.21042, -6.72116], [121.21025, -6.72105], [121.21, -6.72085], [121.20979, -6.7207], [121.20974, -6.72045], [121.20986, -6.72031], [121.21004, -6.7203], [121.21022, -6.72043], [121.21047, -6.7205], [121.21059, -6.72047]]], [[[121.2066, -6.71927], [121.20673, -6.7192], [121.20693, -6.71921], [121.20718, -6.71937], [121.2073, -6.71951], [121.20733, -6.71971], [121.20723, -6.71977], [121.20703, -6.72007], [121.20693, -6.72029], [121.20678, -6.72037], [121.20647, -6.72017], [121.20645, -6.71987], [121.20645, -6.7196], [121.20653, -6.71935], [121.2066, -6.71927]]], [[[121.21442, -6.71895], [121.21427, -6.71877], [121.21424, -6.71847], [121.21429, -6.7183], [121.21439, -6.71817], [121.21447, -6.7181], [121.21467, -6.7181], [121.2148, -6.7181], [121.2148, -6.71834], [121.21482, -6.71852], [121.21477, -6.71872], [121.21473, -6.71888], [121.21458, -6.71898], [121.21442, -6.71895]]], [[[121.21097, -6.71664], [121.21097, -6.71638], [121.21112, -6.71623], [121.21147, -6.71636], [121.21178, -6.7165], [121.21202, -6.71661], [121.2123, -6.71663], [121.2126, -6.71668], [121.21283, -6.71678], [121.21313, -6.71705], [121.21328, -6.71718], [121.21328, -6.71733], [121.21318, -6.71753], [121.21311, -6.71773], [121.21264, -6.71791], [121.21246, -6.71798], [121.21221, -6.71819], [121.21204, -6.71841], [121.21181, -6.71877], [121.21161, -6.71914], [121.21144, -6.71954], [121.21121, -6.71975], [121.21089, -6.71978], [121.21062, -6.71963], [121.21061, -6.71924], [121.21058, -6.71887], [121.21055, -6.71842], [121.21055, -6.71794], [121.21073, -6.71766], [121.21097, -6.71734], [121.21102, -6.71699], [121.21097, -6.71664]]], [[[121.17154, -6.55443], [121.17148, -6.55467], [121.17158, -6.55591], [121.17157, -6.5562], [121.17151, -6.55664], [121.17148, -6.55673], [121.17143, -6.55687], [121.17132, -6.55693], [121.17122, -6.55707], [121.17123, -6.55679], [121.17112, -6.5561], [121.17099, -6.55557], [121.171, -6.55532], [121.17092, -6.55492], [121.17092, -6.55452], [121.17092, -6.55434], [121.17087, -6.55393], [121.17079, -6.55321], [121.17076, -6.55267], [121.17077, -6.55242], [121.17083, -6.55235], [121.17088, -6.55231], [121.17094, -6.55238], [121.17099, -6.55242], [121.17111, -6.55248], [121.17121, -6.55258], [121.17124, -6.55272], [121.17127, -6.55273], [121.17127, -6.55278], [121.1714, -6.553], [121.17138, -6.55299], [121.17143, -6.55329], [121.17144, -6.55352], [121.17148, -6.55422], [121.17154, -6.55443]]], [[[121.13564, -6.49502], [121.13574, -6.49531], [121.13583, -6.49554], [121.13584, -6.49576], [121.13575, -6.49601], [121.13553, -6.4965], [121.13533, -6.49672], [121.13533, -6.49672], [121.13523, -6.49683], [121.13484, -6.49706], [121.13447, -6.4971], [121.13386, -6.49659], [121.13324, -6.49603], [121.1328, -6.49571], [121.13263, -6.49555], [121.13248, -6.49527], [121.13229, -6.49506], [121.13222, -6.49451], [121.13211, -6.49374], [121.13208, -6.49335], [121.13207, -6.49314], [121.13206, -6.49298], [121.13208, -6.49269], [121.13207, -6.4924], [121.13195, -6.49188], [121.13186, -6.49147], [121.13176, -6.49117], [121.13171, -6.49085], [121.13166, -6.49081], [121.13167, -6.49068], [121.1317, -6.49057], [121.13173, -6.49039], [121.13195, -6.49036], [121.13204, -6.49042], [121.13238, -6.49067], [121.13262, -6.491], [121.13288, -6.49131], [121.13318, -6.49159], [121.13346, -6.49179], [121.1339, -6.49211], [121.13418, -6.49235], [121.13437, -6.49256], [121.13459, -6.49274], [121.13467, -6.49285], [121.1347, -6.49288], [121.1351, -6.49333], [121.13543, -6.49397], [121.13553, -6.49445], [121.13564, -6.49502]]], [[[121.13066, -6.46058], [121.13057, -6.4603], [121.1304, -6.46001], [121.13027, -6.45991], [121.13021, -6.45968], [121.13006, -6.45957], [121.12904, -6.45791], [121.12857, -6.45713], [121.12845, -6.45684], [121.12818, -6.45673], [121.12807, -6.45649], [121.12783, -6.45614], [121.12768, -6.45583], [121.12749, -6.4556], [121.12725, -6.45514], [121.12691, -6.45475], [121.12669, -6.4543], [121.12664, -6.45406], [121.12675, -6.4538], [121.12702, -6.45385], [121.12723, -6.45395], [121.12744, -6.45418], [121.12758, -6.45436], [121.12771, -6.45459], [121.12804, -6.45501], [121.12836, -6.45557], [121.12851, -6.45581], [121.12865, -6.456], [121.12882, -6.45631], [121.12913, -6.45657], [121.12932, -6.45686], [121.12955, -6.45722], [121.12966, -6.45758], [121.12988, -6.45793], [121.13054, -6.45897], [121.13081, -6.4594], [121.13092, -6.45969], [121.13117, -6.46011], [121.13125, -6.46032], [121.1314, -6.46069], [121.13159, -6.46111], [121.13189, -6.46196], [121.13182, -6.4624], [121.13159, -6.4623], [121.13138, -6.46204], [121.1312, -6.46174], [121.13114, -6.46153], [121.13088, -6.46112], [121.13066, -6.46058]]]]}}, {"type": "Feature", "properties": {"id": "030", "nmkec": "Bontosikuyu", "kdkec": "030"}, "geometry": {"type": "MultiPolygon", "coordinates": [[[[120.43645, -6.68534], [120.43633, -6.68579], [120.43632, -6.68589], [120.43635, -6.68601], [120.43623, -6.68633], [120.43619, -6.68666], [120.43608, -6.6873], [120.43563, -6.68839], [120.43525, -6.68942], [120.43497, -6.69007], [120.43474, -6.6913], [120.4347, -6.69157], [120.4344, -6.69266], [120.4343, -6.69288], [120.43407, -6.69367], [120.43381, -6.69433], [120.43365, -6.69495], [120.43358, -6.69546], [120.43322, -6.69653], [120.43294, -6.69793], [120.43272, -6.69969], [120.43251, -6.70229], [120.43236, -6.70442], [120.43198, -6.70708], [120.43156, -6.7099], [120.43098, -6.71198], [120.43075, -6.71268], [120.43075, -6.7132], [120.43033, -6.71376], [120.4301, -6.71409], [120.43003, -6.71433], [120.43005, -6.71485], [120.42957, -6.71569], [120.42947, -6.71592], [120.42917, -6.71639], [120.42887, -6.71654], [120.42859, -6.71686], [120.42849, -6.71704], [120.42827, -6.71743], [120.42814, -6.71732], [120.4282, -6.71715], [120.42827, -6.71707], [120.42827, -6.71695], [120.42829, -6.71691], [120.42826, -6.71682], [120.42822, -6.71665], [120.42824, -6.71646], [120.42821, -6.71615], [120.42818, -6.71594], [120.42834, -6.71566], [120.42838, -6.71538], [120.42834, -6.71524], [120.42827, -6.7151], [120.42828, -6.71499], [120.42839, -6.71481], [120.42841, -6.71468], [120.42844, -6.71453], [120.42845, -6.71439], [120.42841, -6.71433], [120.42852, -6.71415], [120.42856, -6.71408], [120.42857, -6.71397], [120.42855, -6.71383], [120.42861, -6.71372], [120.42859, -6.7136], [120.42859, -6.71341], [120.42863, -6.7132], [120.42874, -6.71313], [120.42879, -6.71301], [120.4287, -6.7128], [120.42863, -6.71275], [120.42869, -6.71269], [120.42867, -6.71259], [120.42868, -6.71246], [120.42867, -6.71221], [120.42873, -6.71202], [120.42879, -6.71187], [120.42873, -6.7118], [120.4288, -6.71159], [120.42877, -6.71135], [120.42883, -6.71102], [120.42894, -6.71064], [120.42894, -6.71036], [120.42894, -6.71011], [120.42897, -6.7098], [120.42909, -6.70954], [120.42915, -6.70931], [120.42923, -6.70911], [120.42937, -6.70889], [120.42941, -6.70878], [120.42947, -6.70872], [120.42961, -6.70827], [120.42975, -6.7081], [120.42979, -6.70795], [120.42984, -6.70785], [120.42975, -6.70765], [120.42974, -6.7074], [120.42988, -6.70724], [120.42988, -6.70723], [120.42995, -6.70708], [120.42988, -6.70697], [120.42987, -6.70676], [120.4298, -6.70656], [120.42983, -6.70645], [120.42998, -6.70648], [120.43003, -6.70638], [120.43006, -6.70626], [120.43004, -6.70614], [120.43003, -6.70598], [120.43007, -6.70594], [120.43002, -6.70588], [120.42995, -6.70584], [120.42998, -6.70571], [120.43007, -6.70564], [120.43007, -6.7056], [120.42999, -6.70548], [120.42993, -6.70541], [120.42998, -6.70533], [120.42998, -6.70523], [120.43006, -6.70517], [120.4301, -6.7051], [120.43009, -6.70497], [120.43009, -6.70485], [120.43012, -6.70475], [120.43014, -6.70454], [120.43019, -6.70443], [120.43021, -6.70429], [120.43026, -6.70415], [120.43034, -6.70387], [120.43041, -6.70378], [120.43047, -6.70368], [120.43046, -6.70355], [120.43049, -6.70327], [120.43047, -6.70301], [120.43049, -6.7028], [120.43057, -6.7027], [120.43066, -6.70265], [120.43064, -6.70259], [120.43059, -6.70242], [120.43052, -6.7023], [120.4304, -6.702], [120.43034, -6.70186], [120.43032, -6.70171], [120.43024, -6.70161], [120.4303, -6.70148], [120.43032, -6.70139], [120.43039, -6.70141], [120.43046, -6.70136], [120.43046, -6.70129], [120.43039, -6.70131], [120.43041, -6.70119], [120.43051, -6.70105], [120.43058, -6.70091], [120.43064, -6.70081], [120.43071, -6.70063], [120.43069, -6.70052], [120.43075, -6.70044], [120.43077, -6.7002], [120.43073, -6.69993], [120.4307, -6.69982], [120.43075, -6.69969], [120.43076, -6.69944], [120.43081, -6.69929], [120.43082, -6.69909], [120.43084, -6.69884], [120.43083, -6.69843], [120.43072, -6.6981], [120.43053, -6.69776], [120.43032, -6.69745], [120.43012, -6.69717], [120.42998, -6.69697], [120.42979, -6.6967], [120.42965, -6.6965], [120.42958, -6.69639], [120.42921, -6.69619], [120.42907, -6.6964], [120.42899, -6.6965], [120.42863, -6.69649], [120.42861, -6.69647], [120.42847, -6.69644], [120.42838, -6.69651], [120.42823, -6.69653], [120.42821, -6.69646], [120.42816, -6.69642], [120.42812, -6.69628], [120.42802, -6.69627], [120.42793, -6.69622], [120.42789, -6.69611], [120.42787, -6.69599], [120.42783, -6.69587], [120.42781, -6.69583], [120.42776, -6.69586], [120.4277, -6.69591], [120.42754, -6.6959], [120.42745, -6.69577], [120.42744, -6.69565], [120.42727, -6.69544], [120.42719, -6.69547], [120.42708, -6.69538], [120.42715, -6.69534], [120.42711, -6.69525], [120.427, -6.69513], [120.42702, -6.695], [120.42711, -6.6949], [120.42718, -6.69483], [120.42721, -6.69469], [120.42726, -6.69455], [120.42736, -6.69441], [120.42747, -6.69428], [120.42755, -6.6942], [120.42772, -6.6941], [120.42782, -6.69399], [120.42787, -6.69404], [120.42798, -6.69401], [120.42807, -6.69384], [120.42821, -6.69374], [120.42825, -6.69356], [120.42819, -6.69341], [120.42804, -6.6934], [120.42794, -6.69328], [120.42782, -6.69321], [120.42774, -6.69307], [120.42774, -6.69287], [120.42774, -6.69262], [120.4277, -6.69252], [120.42769, -6.69242], [120.42774, -6.69228], [120.42781, -6.6919], [120.42796, -6.69182], [120.42811, -6.69157], [120.4283, -6.69139], [120.42861, -6.69156], [120.4291, -6.69153], [120.42954, -6.69105], [120.42977, -6.69047], [120.42983, -6.69031], [120.43016, -6.68955], [120.43026, -6.68918], [120.43026, -6.68899], [120.43012, -6.68872], [120.43009, -6.68856], [120.43003, -6.68818], [120.42998, -6.68806], [120.42991, -6.6878], [120.42991, -6.68748], [120.43005, -6.68711], [120.43015, -6.68685], [120.43016, -6.68683], [120.42985, -6.68226], [120.42974, -6.67799], [120.42964, -6.67638], [120.42963, -6.67601], [120.42954, -6.67483], [120.42937, -6.67248], [120.42933, -6.67228], [120.42955, -6.67051], [120.42951, -6.66973], [120.42972, -6.66781], [120.42986, -6.66434], [120.42993, -6.66339], [120.42988, -6.66261], [120.42976, -6.66235], [120.42991, -6.6622], [120.42988, -6.66196], [120.42991, -6.66142], [120.42996, -6.66116], [120.43003, -6.6608], [120.43006, -6.66027], [120.43005, -6.6598], [120.43013, -6.65939], [120.43102, -6.6598], [120.432, -6.65932], [120.43231, -6.6593], [120.4331, -6.65907], [120.43408, -6.65905], [120.43487, -6.65917], [120.43517, -6.65904], [120.4357, -6.6596], [120.4358, -6.66008], [120.43617, -6.66072], [120.43673, -6.66131], [120.43718, -6.66178], [120.43759, -6.66249], [120.43797, -6.66306], [120.43832, -6.66392], [120.4385, -6.66413], [120.43885, -6.66476], [120.43901, -6.66634], [120.4391, -6.66682], [120.43937, -6.66751], [120.43947, -6.66792], [120.43937, -6.66838], [120.43919, -6.6685], [120.43919, -6.66914], [120.43922, -6.67015], [120.43913, -6.67069], [120.43925, -6.67128], [120.43907, -6.67186], [120.43894, -6.67215], [120.43892, -6.67301], [120.4389, -6.67401], [120.43878, -6.67533], [120.43859, -6.67625], [120.43843, -6.67737], [120.43826, -6.67826], [120.43813, -6.67909], [120.438, -6.67979], [120.43788, -6.68009], [120.43785, -6.68016], [120.4378, -6.68033], [120.43761, -6.68127], [120.43753, -6.68153], [120.43749, -6.68176], [120.4374, -6.68208], [120.43719, -6.68296], [120.43706, -6.68336], [120.43697, -6.68355], [120.43685, -6.68396], [120.43664, -6.68466], [120.43643, -6.68519], [120.43645, -6.68534]]], [[[120.27821, -6.68631], [120.27876, -6.68763], [120.2789, -6.68806], [120.27896, -6.68808], [120.27923, -6.68833], [120.27947, -6.68928], [120.27964, -6.6906], [120.27961, -6.69361], [120.27959, -6.69408], [120.27881, -6.69378], [120.27677, -6.69295], [120.27575, -6.69235], [120.27574, -6.69231], [120.27561, -6.68866], [120.27594, -6.68616], [120.27701, -6.68409], [120.27778, -6.68524], [120.27821, -6.68631]]], [[[120.42665, -6.65672], [120.42656, -6.65662], [120.42646, -6.65651], [120.42638, -6.65641], [120.42637, -6.65632], [120.42642, -6.65626], [120.42652, -6.65624], [120.42675, -6.65626], [120.42679, -6.65626], [120.42688, -6.65629], [120.42697, -6.65633], [120.42712, -6.6564], [120.42716, -6.65642], [120.42724, -6.65646], [120.4273, -6.65654], [120.42734, -6.65662], [120.42737, -6.65669], [120.42739, -6.65679], [120.42735, -6.65697], [120.42733, -6.65711], [120.42726, -6.65719], [120.42719, -6.65723], [120.4271, -6.65723], [120.42694, -6.65715], [120.42688, -6.65707], [120.42683, -6.65696], [120.42672, -6.65682], [120.42665, -6.65672]]], [[[120.42749, -6.64807], [120.42747, -6.64824], [120.42743, -6.64832], [120.42725, -6.64838], [120.42709, -6.64836], [120.42701, -6.64837], [120.42697, -6.64844], [120.42696, -6.64855], [120.42698, -6.64865], [120.42697, -6.64875], [120.42704, -6.64884], [120.42716, -6.64889], [120.42726, -6.64889], [120.42743, -6.64889], [120.42758, -6.64888], [120.4279, -6.64896], [120.42797, -6.64904], [120.42805, -6.64909], [120.42815, -6.64914], [120.42825, -6.64915], [120.4284, -6.64916], [120.42852, -6.64915], [120.42867, -6.64911], [120.42877, -6.64905], [120.42885, -6.64903], [120.42892, -6.64907], [120.42889, -6.64913], [120.42885, -6.6492], [120.4288, -6.64925], [120.42873, -6.64929], [120.42865, -6.64933], [120.4286, -6.64942], [120.42851, -6.64948], [120.42834, -6.64967], [120.42827, -6.64971], [120.42818, -6.64973], [120.42808, -6.64969], [120.428, -6.64962], [120.42796, -6.64955], [120.4279, -6.64949], [120.42781, -6.64945], [120.42769, -6.64941], [120.42763, -6.64939], [120.42746, -6.64941], [120.42738, -6.64945], [120.42731, -6.6495], [120.42721, -6.64958], [120.42713, -6.6497], [120.42707, -6.64983], [120.42702, -6.64997], [120.42704, -6.65007], [120.42708, -6.65018], [120.42705, -6.65034], [120.42701, -6.6504], [120.42692, -6.65049], [120.42684, -6.65049], [120.42676, -6.65049], [120.42663, -6.65046], [120.42655, -6.6504], [120.42643, -6.65038], [120.42634, -6.65034], [120.42622, -6.65028], [120.426, -6.64994], [120.42592, -6.64983], [120.42586, -6.64968], [120.42582, -6.6495], [120.42586, -6.6494], [120.42601, -6.64936], [120.42612, -6.64933], [120.42616, -6.64925], [120.4262, -6.64904], [120.42617, -6.64895], [120.42612, -6.64881], [120.42606, -6.64879], [120.42597, -6.6487], [120.42577, -6.64858], [120.42573, -6.64838], [120.42576, -6.64829], [120.42591, -6.64807], [120.426, -6.64784], [120.42607, -6.64765], [120.42616, -6.64749], [120.42623, -6.64741], [120.42637, -6.6473], [120.42651, -6.64727], [120.42669, -6.64728], [120.42681, -6.6473], [120.42691, -6.64737], [120.42694, -6.64748], [120.42692, -6.64759], [120.42698, -6.64771], [120.42719, -6.64777], [120.42733, -6.64776], [120.42742, -6.64778], [120.42753, -6.6479], [120.42752, -6.648], [120.42749, -6.64807]]], [[[120.43512, -6.64461], [120.43518, -6.64461], [120.43528, -6.64464], [120.43533, -6.64468], [120.43537, -6.6447], [120.43544, -6.64471], [120.43548, -6.64475], [120.43551, -6.64479], [120.43553, -6.64486], [120.43552, -6.64491], [120.43549, -6.64495], [120.43544, -6.64498], [120.43534, -6.645], [120.43516, -6.645], [120.43499, -6.645], [120.43484, -6.645], [120.43466, -6.64499], [120.43454, -6.64499], [120.43438, -6.64497], [120.43427, -6.64493], [120.43416, -6.64488], [120.43403, -6.64485], [120.43388, -6.64484], [120.43376, -6.6448], [120.43362, -6.64468], [120.43359, -6.64458], [120.43359, -6.64447], [120.43362, -6.64442], [120.43367, -6.6444], [120.43378, -6.64441], [120.43387, -6.64444], [120.43396, -6.64443], [120.43403, -6.64441], [120.43425, -6.64437], [120.4343, -6.64432], [120.43433, -6.64424], [120.43434, -6.64414], [120.43432, -6.64406], [120.43431, -6.64398], [120.43433, -6.64388], [120.43437, -6.64382], [120.4344, -6.64379], [120.43447, -6.64378], [120.43454, -6.6438], [120.43458, -6.64382], [120.43461, -6.64387], [120.43462, -6.64395], [120.43462, -6.64405], [120.43462, -6.64415], [120.43465, -6.6443], [120.43468, -6.64434], [120.43474, -6.6444], [120.43478, -6.64444], [120.43484, -6.64448], [120.43489, -6.64452], [120.43498, -6.64456], [120.43507, -6.64458], [120.43512, -6.64461]]], [[[120.44065, -6.64384], [120.44044, -6.64385], [120.44027, -6.64396], [120.44009, -6.64403], [120.44001, -6.64415], [120.43992, -6.6443], [120.43989, -6.64432], [120.43975, -6.64428], [120.43964, -6.64417], [120.43962, -6.64406], [120.43952, -6.64393], [120.43944, -6.64384], [120.43936, -6.64366], [120.43936, -6.64355], [120.43938, -6.64336], [120.43943, -6.64316], [120.43949, -6.64314], [120.43949, -6.64313], [120.43955, -6.64307], [120.43964, -6.64304], [120.43972, -6.64304], [120.43976, -6.64305], [120.43984, -6.64302], [120.43995, -6.64315], [120.44, -6.6432], [120.44011, -6.64325], [120.44036, -6.6434], [120.44053, -6.64355], [120.44067, -6.64369], [120.44065, -6.64384]]], [[[120.43728, -6.63201], [120.43748, -6.63212], [120.43788, -6.63212], [120.43819, -6.63239], [120.43818, -6.63286], [120.43845, -6.63321], [120.43875, -6.63377], [120.43902, -6.63391], [120.43943, -6.63398], [120.43985, -6.63401], [120.44011, -6.63401], [120.4403, -6.63395], [120.44058, -6.63422], [120.44075, -6.63449], [120.44069, -6.63468], [120.44092, -6.63836], [120.44094, -6.63953], [120.44102, -6.63983], [120.4411, -6.64017], [120.44112, -6.64044], [120.44095, -6.64077], [120.44081, -6.64111], [120.4408, -6.64124], [120.44066, -6.64158], [120.44017, -6.64177], [120.4397, -6.64171], [120.43945, -6.64189], [120.43892, -6.64209], [120.43847, -6.642], [120.43808, -6.64196], [120.4377, -6.64172], [120.43709, -6.64138], [120.43673, -6.64104], [120.43637, -6.64066], [120.43606, -6.64009], [120.4358, -6.63939], [120.43483, -6.63883], [120.43425, -6.63845], [120.43313, -6.63749], [120.4324, -6.63709], [120.43135, -6.63677], [120.43062, -6.63684], [120.4295, -6.63734], [120.42926, -6.63804], [120.42998, -6.63818], [120.43028, -6.63797], [120.43045, -6.63796], [120.43049, -6.63772], [120.43069, -6.6378], [120.43085, -6.638], [120.4305, -6.63859], [120.42965, -6.63836], [120.42901, -6.63837], [120.42852, -6.63849], [120.42837, -6.63885], [120.42818, -6.63904], [120.42767, -6.63987], [120.42741, -6.64026], [120.42718, -6.64062], [120.42696, -6.64104], [120.42657, -6.64114], [120.42634, -6.64103], [120.42607, -6.64056], [120.42583, -6.63928], [120.42581, -6.63912], [120.42584, -6.63845], [120.42594, -6.63709], [120.42608, -6.63612], [120.42619, -6.63493], [120.42632, -6.63374], [120.42632, -6.63232], [120.42633, -6.63122], [120.42628, -6.63106], [120.4262, -6.63047], [120.42615, -6.62875], [120.42621, -6.62816], [120.4262, -6.62765], [120.42625, -6.62733], [120.42638, -6.62694], [120.42647, -6.62635], [120.42648, -6.62623], [120.4265, -6.62536], [120.42652, -6.62524], [120.4267, -6.62473], [120.42673, -6.624], [120.42685, -6.623], [120.42692, -6.62154], [120.42688, -6.62074], [120.42686, -6.61887], [120.42694, -6.61778], [120.4271, -6.61682], [120.42713, -6.6167], [120.42739, -6.61557], [120.42739, -6.61501], [120.42748, -6.61379], [120.42755, -6.61328], [120.42764, -6.61289], [120.42773, -6.61241], [120.42786, -6.61174], [120.42804, -6.60994], [120.42808, -6.60883], [120.42798, -6.60816], [120.42796, -6.60757], [120.42791, -6.60668], [120.42767, -6.60545], [120.42756, -6.60521], [120.42745, -6.60491], [120.42719, -6.60351], [120.42709, -6.60321], [120.42706, -6.60293], [120.42694, -6.60266], [120.42671, -6.6023], [120.42652, -6.60212], [120.42617, -6.60187], [120.42572, -6.60189], [120.42535, -6.60176], [120.42505, -6.60131], [120.42468, -6.60131], [120.42445, -6.60155], [120.42403, -6.60158], [120.4237, -6.60169], [120.42321, -6.60162], [120.42233, -6.60099], [120.42206, -6.60073], [120.42197, -6.60061], [120.42168, -6.6002], [120.42157, -6.59956], [120.42094, -6.59925], [120.4206, -6.59883], [120.42051, -6.59855], [120.42049, -6.59816], [120.42052, -6.59779], [120.4206, -6.59736], [120.42075, -6.59718], [120.42116, -6.5972], [120.42146, -6.59741], [120.42176, -6.59772], [120.4223, -6.59793], [120.42268, -6.59786], [120.42321, -6.59783], [120.42381, -6.59766], [120.42423, -6.59745], [120.42463, -6.59685], [120.42481, -6.59657], [120.42514, -6.59581], [120.42557, -6.59455], [120.42571, -6.59417], [120.42594, -6.59363], [120.42611, -6.59301], [120.42615, -6.59231], [120.42617, -6.59213], [120.42623, -6.5919], [120.4265, -6.59073], [120.42676, -6.58955], [120.4268, -6.58852], [120.42715, -6.58769], [120.4273, -6.58722], [120.42751, -6.58676], [120.42763, -6.58633], [120.4278, -6.58599], [120.42878, -6.58528], [120.42882, -6.58526], [120.42904, -6.58482], [120.4292, -6.58458], [120.42982, -6.58416], [120.43016, -6.58371], [120.43048, -6.58336], [120.43071, -6.58321], [120.43126, -6.58294], [120.43177, -6.58291], [120.43225, -6.58316], [120.43295, -6.58271], [120.43336, -6.58226], [120.43561, -6.58064], [120.43572, -6.58057], [120.43592, -6.58049], [120.43615, -6.58104], [120.43637, -6.58148], [120.43641, -6.582], [120.43652, -6.58234], [120.4367, -6.58282], [120.43683, -6.58323], [120.43684, -6.58382], [120.4372, -6.58453], [120.43722, -6.58509], [120.43736, -6.58576], [120.4374, -6.58612], [120.43749, -6.58721], [120.43803, -6.58996], [120.43815, -6.59286], [120.43846, -6.59421], [120.43885, -6.59672], [120.43934, -6.59966], [120.43965, -6.60088], [120.4404, -6.603], [120.44077, -6.60579], [120.44069, -6.60717], [120.44003, -6.60861], [120.43974, -6.60976], [120.43957, -6.61011], [120.43925, -6.61106], [120.43903, -6.61158], [120.43995, -6.61413], [120.44127, -6.61615], [120.44272, -6.61931], [120.4425, -6.62037], [120.44129, -6.6212], [120.44109, -6.62161], [120.44047, -6.62354], [120.43981, -6.62618], [120.43941, -6.62673], [120.43894, -6.62743], [120.43872, -6.62801], [120.43766, -6.6288], [120.43699, -6.62917], [120.43659, -6.62981], [120.4376, -6.63], [120.43749, -6.63034], [120.43726, -6.63058], [120.43709, -6.63067], [120.43712, -6.63081], [120.4374, -6.63096], [120.43757, -6.63129], [120.43754, -6.63141], [120.43735, -6.63169], [120.43728, -6.63201]]], [[[120.43219, -6.48421], [120.43199, -6.48422], [120.43177, -6.48402], [120.4314, -6.48434], [120.43106, -6.48493], [120.43045, -6.48606], [120.42971, -6.48748], [120.42961, -6.48762], [120.42944, -6.48768], [120.42921, -6.488], [120.42902, -6.48832], [120.42863, -6.48899], [120.42799, -6.4893], [120.42711, -6.48947], [120.42674, -6.48964], [120.42656, -6.48972], [120.42615, -6.48971], [120.42603, -6.4898], [120.42582, -6.48976], [120.4257, -6.4898], [120.42568, -6.4898], [120.42555, -6.48966], [120.42527, -6.48972], [120.42495, -6.48967], [120.42463, -6.4897], [120.42439, -6.48958], [120.42405, -6.48961], [120.42383, -6.48949], [120.42364, -6.48942], [120.42329, -6.4894], [120.42309, -6.48914], [120.42281, -6.48896], [120.42244, -6.48889], [120.42234, -6.48886], [120.42228, -6.48884], [120.42209, -6.48881], [120.42198, -6.48881], [120.42191, -6.48872], [120.42186, -6.48863], [120.42176, -6.48865], [120.42164, -6.48858], [120.42153, -6.48859], [120.42147, -6.48845], [120.42136, -6.48847], [120.42128, -6.48845], [120.42133, -6.48837], [120.42122, -6.48831], [120.42102, -6.48791], [120.42096, -6.48773], [120.42091, -6.4876], [120.42094, -6.48747], [120.42094, -6.48732], [120.421, -6.48724], [120.42098, -6.48714], [120.42108, -6.48696], [120.42105, -6.48668], [120.42119, -6.48668], [120.42118, -6.48643], [120.42114, -6.48629], [120.42129, -6.48577], [120.42138, -6.48542], [120.42134, -6.48522], [120.42142, -6.4851], [120.42149, -6.48503], [120.42149, -6.48477], [120.42163, -6.48457], [120.42171, -6.4845], [120.42155, -6.48456], [120.42151, -6.48453], [120.42152, -6.48437], [120.42156, -6.4843], [120.42166, -6.48428], [120.42177, -6.48419], [120.42173, -6.48398], [120.42169, -6.48386], [120.42162, -6.48369], [120.42163, -6.48349], [120.42171, -6.48335], [120.42182, -6.48314], [120.42195, -6.48302], [120.42197, -6.48281], [120.422, -6.48273], [120.42199, -6.48259], [120.42206, -6.48244], [120.4221, -6.48239], [120.42208, -6.48227], [120.42213, -6.48222], [120.42219, -6.4821], [120.42224, -6.48203], [120.42232, -6.48183], [120.42232, -6.48175], [120.42234, -6.48154], [120.42221, -6.48147], [120.4223, -6.48129], [120.42243, -6.48109], [120.42248, -6.48103], [120.42256, -6.48086], [120.42269, -6.48077], [120.42274, -6.48063], [120.42283, -6.48053], [120.42292, -6.48038], [120.42299, -6.48025], [120.42315, -6.48025], [120.42322, -6.48016], [120.42322, -6.48013], [120.42336, -6.48003], [120.42341, -6.47984], [120.42339, -6.47974], [120.42355, -6.47963], [120.42367, -6.47955], [120.42377, -6.47947], [120.42387, -6.47929], [120.42396, -6.47921], [120.42401, -6.47909], [120.42401, -6.47893], [120.42407, -6.47888], [120.42412, -6.47835], [120.42433, -6.47807], [120.42442, -6.47788], [120.42435, -6.47773], [120.4244, -6.47757], [120.42454, -6.47743], [120.42456, -6.47724], [120.42458, -6.47689], [120.4247, -6.47655], [120.42509, -6.47556], [120.4252, -6.47531], [120.42526, -6.47489], [120.4252, -6.47453], [120.42501, -6.47423], [120.42494, -6.47399], [120.42494, -6.47374], [120.42491, -6.47355], [120.42507, -6.47334], [120.42514, -6.47353], [120.42533, -6.47357], [120.4255, -6.47355], [120.42553, -6.47321], [120.42557, -6.47286], [120.42562, -6.47263], [120.42566, -6.47248], [120.42567, -6.47226], [120.42567, -6.47211], [120.42548, -6.47213], [120.42531, -6.47203], [120.42527, -6.47164], [120.4252, -6.47123], [120.4253, -6.47096], [120.42558, -6.47096], [120.42557, -6.47076], [120.42561, -6.47062], [120.42556, -6.4704], [120.4254, -6.47022], [120.42534, -6.47001], [120.425, -6.47014], [120.42487, -6.46995], [120.42478, -6.46985], [120.42454, -6.46966], [120.42477, -6.46951], [120.42497, -6.46948], [120.42507, -6.46942], [120.42527, -6.46929], [120.42555, -6.46917], [120.42599, -6.46906], [120.4263, -6.46894], [120.42663, -6.46886], [120.42675, -6.46885], [120.42697, -6.46888], [120.42718, -6.46888], [120.42732, -6.46892], [120.42746, -6.46896], [120.42757, -6.46894], [120.4277, -6.46889], [120.42797, -6.46883], [120.42813, -6.46893], [120.42829, -6.46887], [120.42842, -6.46884], [120.42867, -6.4689], [120.4289, -6.46897], [120.42937, -6.46904], [120.4296, -6.46922], [120.42978, -6.46929], [120.43018, -6.46952], [120.43022, -6.4696], [120.4304, -6.46962], [120.43099, -6.46912], [120.43139, -6.46898], [120.43181, -6.46882], [120.4317, -6.46923], [120.4311, -6.47005], [120.43081, -6.47036], [120.43146, -6.47107], [120.43164, -6.47148], [120.43181, -6.47204], [120.43142, -6.47401], [120.4314, -6.47609], [120.43141, -6.47762], [120.43139, -6.4792], [120.43143, -6.48004], [120.43147, -6.48066], [120.43153, -6.48138], [120.43175, -6.4818], [120.43227, -6.48205], [120.43244, -6.48231], [120.43265, -6.48305], [120.43249, -6.48315], [120.43237, -6.4834], [120.43231, -6.48354], [120.43221, -6.48398], [120.43219, -6.48421]]], [[[120.43368, -6.4535], [120.43359, -6.45344], [120.43356, -6.45341], [120.43352, -6.45336], [120.43346, -6.45336], [120.43341, -6.45338], [120.43334, -6.45345], [120.43325, -6.45345], [120.43317, -6.45338], [120.4331, -6.45331], [120.43306, -6.45332], [120.43301, -6.45331], [120.43297, -6.45333], [120.43292, -6.45338], [120.43285, -6.45339], [120.43278, -6.45338], [120.43271, -6.45336], [120.43261, -6.45334], [120.43253, -6.45338], [120.43246, -6.4534], [120.43232, -6.45339], [120.43224, -6.45339], [120.43215, -6.45342], [120.43206, -6.45333], [120.43202, -6.45323], [120.432, -6.45316], [120.43205, -6.4531], [120.43212, -6.4531], [120.43221, -6.45311], [120.43224, -6.45316], [120.43235, -6.45318], [120.43243, -6.45319], [120.43248, -6.45319], [120.43255, -6.45319], [120.43263, -6.45319], [120.43269, -6.45319], [120.43277, -6.4532], [120.43284, -6.45319], [120.43292, -6.45319], [120.433, -6.45315], [120.43308, -6.45306], [120.43312, -6.45306], [120.43322, -6.45306], [120.43324, -6.4531], [120.43331, -6.45315], [120.43336, -6.45317], [120.43343, -6.45324], [120.43348, -6.45324], [120.43353, -6.45317], [120.43361, -6.45319], [120.43368, -6.45326], [120.43371, -6.45328], [120.43373, -6.45332], [120.43378, -6.45337], [120.43383, -6.45342], [120.43383, -6.45353], [120.43384, -6.45361], [120.43383, -6.45368], [120.43376, -6.45369], [120.4337, -6.45368], [120.43367, -6.45363], [120.43366, -6.45359], [120.4337, -6.45354], [120.43368, -6.4535]]], [[[120.43117, -6.45286], [120.43113, -6.45281], [120.43107, -6.45285], [120.43103, -6.4529], [120.43095, -6.45295], [120.43091, -6.45299], [120.43087, -6.45302], [120.43081, -6.45295], [120.43073, -6.45293], [120.43067, -6.45296], [120.43058, -6.45301], [120.43055, -6.45311], [120.43048, -6.45313], [120.43042, -6.45314], [120.43036, -6.4531], [120.43033, -6.45309], [120.43026, -6.45307], [120.43018, -6.45306], [120.43012, -6.45304], [120.43008, -6.45304], [120.43007, -6.45312], [120.43002, -6.45315], [120.42995, -6.45317], [120.42982, -6.45317], [120.4297, -6.45317], [120.42964, -6.45316], [120.42959, -6.45314], [120.42957, -6.45306], [120.42969, -6.45303], [120.42978, -6.45296], [120.42987, -6.45297], [120.42994, -6.45302], [120.43005, -6.45296], [120.43006, -6.45289], [120.43015, -6.45286], [120.43022, -6.45285], [120.43032, -6.45287], [120.43038, -6.45286], [120.43046, -6.45293], [120.43055, -6.45288], [120.43063, -6.45282], [120.43073, -6.45279], [120.43078, -6.45276], [120.43083, -6.45274], [120.43088, -6.45272], [120.43108, -6.45268], [120.43134, -6.45266], [120.43152, -6.45273], [120.43164, -6.45278], [120.43177, -6.45289], [120.43184, -6.45298], [120.43185, -6.45312], [120.43175, -6.45313], [120.43171, -6.45312], [120.43169, -6.45308], [120.43168, -6.45304], [120.43161, -6.45305], [120.43156, -6.45296], [120.4315, -6.45296], [120.43148, -6.45301], [120.43143, -6.45304], [120.4314, -6.45306], [120.43134, -6.45302], [120.43133, -6.45295], [120.43127, -6.45288], [120.43123, -6.45285], [120.43117, -6.45286]]], [[[120.44616, -6.24625], [120.44616, -6.24618], [120.44627, -6.24616], [120.44642, -6.24618], [120.44649, -6.24622], [120.4466, -6.24624], [120.44666, -6.24628], [120.44671, -6.24635], [120.44676, -6.2464], [120.44681, -6.24644], [120.44684, -6.24648], [120.44684, -6.24648], [120.44684, -6.24648], [120.44683, -6.24652], [120.4468, -6.24654], [120.44677, -6.24655], [120.44676, -6.24659], [120.44674, -6.24661], [120.4467, -6.24659], [120.44667, -6.24658], [120.44667, -6.24661], [120.44666, -6.24663], [120.44657, -6.24658], [120.44645, -6.24648], [120.44636, -6.24643], [120.44627, -6.24638], [120.44621, -6.2463], [120.44616, -6.24625]]], [[[120.44691, -6.24002], [120.44662, -6.23871], [120.44599, -6.23689], [120.44593, -6.23483], [120.44584, -6.2308], [120.44545, -6.22832], [120.4455, -6.22773], [120.44537, -6.22581], [120.44612, -6.22187], [120.447, -6.21885], [120.44743, -6.21609], [120.44716, -6.21537], [120.44685, -6.21458], [120.44699, -6.21369], [120.44639, -6.2132], [120.44689, -6.2126], [120.4463, -6.21217], [120.44652, -6.21152], [120.44666, -6.2105], [120.44573, -6.20911], [120.44541, -6.20832], [120.44596, -6.20753], [120.44595, -6.20565], [120.44553, -6.20438], [120.44507, -6.2036], [120.44471, -6.20231], [120.44447, -6.20061], [120.44452, -6.1989], [120.44701, -6.19893], [120.45305, -6.20028], [120.45821, -6.20142], [120.466, -6.18623], [120.48916, -6.19308], [120.50622, -6.20136], [120.52665, -6.19517], [120.53116, -6.20057], [120.53043, -6.20276], [120.52947, -6.20479], [120.52821, -6.20538], [120.52725, -6.20939], [120.52818, -6.21172], [120.52917, -6.21248], [120.52961, -6.2137], [120.52997, -6.21513], [120.52882, -6.21517], [120.52694, -6.21697], [120.52728, -6.2191], [120.52851, -6.21967], [120.52981, -6.21966], [120.53022, -6.22044], [120.52904, -6.22153], [120.52734, -6.22145], [120.52676, -6.221], [120.52469, -6.22175], [120.52482, -6.22422], [120.52569, -6.22518], [120.52638, -6.2262], [120.52686, -6.22857], [120.52769, -6.22916], [120.52827, -6.2293], [120.52928, -6.23025], [120.52828, -6.23098], [120.528, -6.23161], [120.52801, -6.23352], [120.52846, -6.2342], [120.52928, -6.23455], [120.53022, -6.23439], [120.53116, -6.23569], [120.53014, -6.23753], [120.53098, -6.24071], [120.52985, -6.243], [120.53113, -6.24584], [120.53389, -6.24571], [120.53591, -6.24555], [120.5381, -6.24656], [120.53867, -6.24878], [120.53861, -6.25154], [120.53862, -6.25327], [120.53753, -6.25473], [120.53619, -6.25705], [120.53534, -6.25934], [120.53445, -6.26585], [120.53513, -6.27013], [120.53707, -6.27086], [120.53753, -6.27218], [120.53648, -6.27274], [120.53787, -6.27534], [120.53863, -6.27803], [120.53934, -6.27931], [120.53929, -6.28032], [120.53887, -6.28168], [120.53798, -6.28244], [120.53804, -6.28487], [120.5385, -6.28539], [120.53842, -6.28627], [120.5377, -6.28864], [120.53894, -6.29048], [120.53924, -6.29159], [120.53946, -6.29232], [120.53886, -6.2928], [120.53831, -6.29352], [120.5381, -6.29735], [120.53684, -6.29748], [120.53608, -6.30013], [120.53684, -6.3016], [120.53695, -6.30512], [120.53774, -6.30624], [120.53826, -6.30776], [120.53688, -6.30859], [120.53676, -6.31017], [120.5376, -6.31132], [120.53819, -6.31196], [120.53789, -6.31227], [120.53769, -6.31526], [120.53775, -6.31667], [120.53798, -6.3192], [120.53804, -6.32003], [120.53809, -6.32105], [120.53784, -6.32157], [120.53721, -6.32448], [120.53815, -6.32646], [120.53848, -6.32778], [120.53726, -6.32857], [120.5357, -6.32935], [120.53131, -6.33037], [120.52835, -6.33303], [120.52794, -6.33446], [120.52599, -6.33551], [120.52433, -6.33471], [120.52205, -6.33588], [120.52201, -6.34036], [120.52338, -6.34134], [120.52404, -6.34133], [120.52409, -6.34181], [120.52455, -6.34214], [120.52481, -6.34261], [120.52487, -6.34389], [120.52523, -6.34431], [120.52631, -6.34475], [120.52701, -6.34532], [120.52725, -6.34608], [120.52674, -6.34751], [120.52605, -6.34777], [120.52483, -6.34773], [120.52396, -6.34759], [120.52269, -6.34788], [120.52203, -6.34776], [120.52156, -6.34752], [120.52086, -6.34739], [120.52038, -6.34753], [120.52003, -6.3476], [120.51974, -6.34746], [120.51948, -6.34784], [120.51908, -6.348], [120.51878, -6.34782], [120.51854, -6.34766], [120.5177, -6.34845], [120.51839, -6.35133], [120.51917, -6.35145], [120.52004, -6.35175], [120.52018, -6.35206], [120.52051, -6.35269], [120.52113, -6.35294], [120.52165, -6.35297], [120.52236, -6.35305], [120.52295, -6.35386], [120.52256, -6.35506], [120.52076, -6.35674], [120.52147, -6.35746], [120.52148, -6.35816], [120.52136, -6.359], [120.52119, -6.35977], [120.52074, -6.36089], [120.52089, -6.36162], [120.52098, -6.3625], [120.5211, -6.36458], [120.51791, -6.36477], [120.51706, -6.36377], [120.51647, -6.36335], [120.51478, -6.36274], [120.51409, -6.36274], [120.51178, -6.3644], [120.51033, -6.36656], [120.5112, -6.36708], [120.51179, -6.36712], [120.51358, -6.36817], [120.51281, -6.3707], [120.51267, -6.37339], [120.51084, -6.37467], [120.50986, -6.37838], [120.50559, -6.3812], [120.50654, -6.38535], [120.50789, -6.38762], [120.50688, -6.3891], [120.50645, -6.39097], [120.50508, -6.39334], [120.50383, -6.39371], [120.50207, -6.39447], [120.50048, -6.39434], [120.49887, -6.39437], [120.49782, -6.39311], [120.49762, -6.39221], [120.4969, -6.39127], [120.4955, -6.39176], [120.49556, -6.39294], [120.49688, -6.397], [120.49482, -6.39873], [120.49321, -6.40047], [120.49351, -6.40282], [120.49665, -6.40526], [120.4969, -6.40821], [120.49715, -6.41025], [120.49964, -6.41282], [120.5012, -6.41624], [120.49831, -6.42217], [120.49923, -6.42618], [120.50346, -6.43669], [120.50708, -6.43933], [120.50977, -6.44393], [120.50594, -6.44692], [120.50174, -6.4509], [120.50076, -6.45714], [120.49789, -6.46028], [120.49553, -6.46323], [120.49397, -6.46611], [120.49268, -6.46904], [120.49188, -6.47119], [120.49132, -6.47438], [120.49112, -6.4794], [120.48822, -6.48532], [120.48607, -6.49418], [120.48418, -6.49823], [120.48189, -6.49661], [120.48064, -6.49455], [120.48097, -6.48932], [120.47922, -6.48122], [120.4797, -6.4772], [120.47903, -6.47411], [120.47816, -6.47216], [120.47813, -6.46958], [120.47822, -6.46575], [120.47774, -6.463], [120.47679, -6.45966], [120.47568, -6.45523], [120.47549, -6.45053], [120.47482, -6.44634], [120.47412, -6.44411], [120.47364, -6.4374], [120.47241, -6.43627], [120.47148, -6.43307], [120.46982, -6.4321], [120.46857, -6.4295], [120.46757, -6.42651], [120.46634, -6.42498], [120.46563, -6.42295], [120.46472, -6.42189], [120.46423, -6.41956], [120.46331, -6.41812], [120.46256, -6.41601], [120.46166, -6.41353], [120.4612, -6.41192], [120.46092, -6.41058], [120.46059, -6.40985], [120.46031, -6.4086], [120.46031, -6.40678], [120.4602, -6.40569], [120.46007, -6.40486], [120.46044, -6.40423], [120.46061, -6.40323], [120.46212, -6.40322], [120.46308, -6.4033], [120.46428, -6.40362], [120.46544, -6.40295], [120.46887, -6.40406], [120.46986, -6.40091], [120.46943, -6.39959], [120.46771, -6.39855], [120.46474, -6.3979], [120.46281, -6.39863], [120.46074, -6.39818], [120.45945, -6.39381], [120.45809, -6.39308], [120.45775, -6.39158], [120.45694, -6.39065], [120.45795, -6.38857], [120.45745, -6.38751], [120.45654, -6.38701], [120.45624, -6.38597], [120.45533, -6.38538], [120.45549, -6.38411], [120.45535, -6.38352], [120.45445, -6.38211], [120.45505, -6.38155], [120.45831, -6.38314], [120.46103, -6.3847], [120.46283, -6.38769], [120.46421, -6.38906], [120.46496, -6.38888], [120.46732, -6.38747], [120.47073, -6.38429], [120.47162, -6.38175], [120.472, -6.37728], [120.4724, -6.37294], [120.4734, -6.37028], [120.47322, -6.3668], [120.47351, -6.36258], [120.47229, -6.35739], [120.472, -6.35358], [120.47114, -6.34531], [120.4714, -6.34001], [120.47246, -6.33219], [120.47244, -6.32769], [120.47494, -6.32206], [120.47637, -6.31742], [120.47631, -6.31439], [120.47678, -6.30993], [120.47665, -6.30757], [120.47607, -6.30643], [120.4756, -6.30457], [120.47347, -6.30375], [120.47295, -6.3024], [120.47288, -6.30172], [120.47249, -6.30112], [120.47179, -6.30026], [120.47142, -6.29916], [120.47243, -6.29961], [120.473, -6.29955], [120.47481, -6.29793], [120.47523, -6.29742], [120.47628, -6.29582], [120.47877, -6.29141], [120.48017, -6.28772], [120.48066, -6.28403], [120.4806, -6.28234], [120.4802, -6.28135], [120.47938, -6.27915], [120.47885, -6.27821], [120.4771, -6.27689], [120.47561, -6.27644], [120.47468, -6.27542], [120.47372, -6.27299], [120.4714, -6.27054], [120.46922, -6.26937], [120.46794, -6.26879], [120.46554, -6.2679], [120.46439, -6.26753], [120.46353, -6.2678], [120.46268, -6.26775], [120.46152, -6.2678], [120.46049, -6.26763], [120.45942, -6.26777], [120.45824, -6.26674], [120.45748, -6.2665], [120.45637, -6.26658], [120.45549, -6.2662], [120.4537, -6.26557], [120.45257, -6.26689], [120.45139, -6.26727], [120.4497, -6.26733], [120.44912, -6.26813], [120.44854, -6.26851], [120.44799, -6.26833], [120.44705, -6.26653], [120.44586, -6.26665], [120.44568, -6.26612], [120.44588, -6.26534], [120.44522, -6.26385], [120.44512, -6.26318], [120.44517, -6.26243], [120.4447, -6.26089], [120.44421, -6.26], [120.4437, -6.25953], [120.44362, -6.25876], [120.44325, -6.25763], [120.44294, -6.25695], [120.44242, -6.25634], [120.44312, -6.25589], [120.44371, -6.25501], [120.44388, -6.25382], [120.44467, -6.25238], [120.44477, -6.25027], [120.44439, -6.24979], [120.44511, -6.24992], [120.44634, -6.24839], [120.44726, -6.24647], [120.44728, -6.2431], [120.44711, -6.24177], [120.44672, -6.24078], [120.44688, -6.24006], [120.44691, -6.24002]]], [[[120.45213, -6.34205], [120.45222, -6.34216], [120.45233, -6.34226], [120.45243, -6.34228], [120.45264, -6.34227], [120.45282, -6.34229], [120.45291, -6.34234], [120.45299, -6.34242], [120.45306, -6.3427], [120.45311, -6.34278], [120.45324, -6.34292], [120.45334, -6.34303], [120.45341, -6.3431], [120.45351, -6.34319], [120.45383, -6.34334], [120.45407, -6.34335], [120.45426, -6.34334], [120.45438, -6.34333], [120.45456, -6.34333], [120.45486, -6.34354], [120.45499, -6.34366], [120.45513, -6.34383], [120.45526, -6.34398], [120.4554, -6.34413], [120.4559, -6.34484], [120.45601, -6.34497], [120.45609, -6.34506], [120.45618, -6.34516], [120.45632, -6.34532], [120.45647, -6.34551], [120.45651, -6.34562], [120.45655, -6.34574], [120.45654, -6.34585], [120.45647, -6.34593], [120.45636, -6.34604], [120.45623, -6.34611], [120.45603, -6.34614], [120.45583, -6.34613], [120.45566, -6.34608], [120.45544, -6.34603], [120.45529, -6.34596], [120.45511, -6.34589], [120.45502, -6.34579], [120.45493, -6.34564], [120.45488, -6.34545], [120.45481, -6.34529], [120.45474, -6.34518], [120.45455, -6.34506], [120.45447, -6.34508], [120.45437, -6.34512], [120.45427, -6.34521], [120.45418, -6.34531], [120.45415, -6.34541], [120.45413, -6.34558], [120.45406, -6.34568], [120.45394, -6.34575], [120.45377, -6.34584], [120.45363, -6.34588], [120.45349, -6.34597], [120.4534, -6.34601], [120.45334, -6.34608], [120.4533, -6.34624], [120.45332, -6.34641], [120.45334, -6.34662], [120.45325, -6.34694], [120.45327, -6.34701], [120.45328, -6.34706], [120.45328, -6.34711], [120.45322, -6.34723], [120.45307, -6.34736], [120.45299, -6.34748], [120.45288, -6.34767], [120.45275, -6.34775], [120.4527, -6.34793], [120.45258, -6.34813], [120.45247, -6.34836], [120.45237, -6.34847], [120.45223, -6.34861], [120.45213, -6.34868], [120.45194, -6.34868], [120.45172, -6.34864], [120.45147, -6.34862], [120.45125, -6.34859], [120.45107, -6.3486], [120.45101, -6.34863], [120.45095, -6.34874], [120.45089, -6.34882], [120.45088, -6.34894], [120.45088, -6.34903], [120.45084, -6.34906], [120.45075, -6.34904], [120.45065, -6.34896], [120.45059, -6.34892], [120.45043, -6.34892], [120.45028, -6.34892], [120.45013, -6.34892], [120.45, -6.34888], [120.44988, -6.34883], [120.44968, -6.3488], [120.44951, -6.34878], [120.4492, -6.3488], [120.44905, -6.34883], [120.44888, -6.34879], [120.44883, -6.34873], [120.44873, -6.34867], [120.44858, -6.34864], [120.44844, -6.34857], [120.44835, -6.34853], [120.44826, -6.34847], [120.44821, -6.34831], [120.44812, -6.34819], [120.44797, -6.34804], [120.44785, -6.34801], [120.44731, -6.34786], [120.44718, -6.34785], [120.44703, -6.34784], [120.4469, -6.34784], [120.44686, -6.34788], [120.44683, -6.34798], [120.44677, -6.34805], [120.44669, -6.3481], [120.44655, -6.3481], [120.4465, -6.34807], [120.44649, -6.34799], [120.4465, -6.34788], [120.44648, -6.34772], [120.44642, -6.34765], [120.44637, -6.34761], [120.44634, -6.34748], [120.44631, -6.34739], [120.4463, -6.3473], [120.4463, -6.34721], [120.44633, -6.34709], [120.44638, -6.34701], [120.44643, -6.34697], [120.44658, -6.34693], [120.44669, -6.34694], [120.44695, -6.34692], [120.44701, -6.34691], [120.4471, -6.34686], [120.44715, -6.34677], [120.44722, -6.34671], [120.44743, -6.34668], [120.44763, -6.34668], [120.44772, -6.34666], [120.4478, -6.34659], [120.44786, -6.3465], [120.44795, -6.34642], [120.44804, -6.34637], [120.44812, -6.34634], [120.4482, -6.34633], [120.44834, -6.34633], [120.44847, -6.34637], [120.44857, -6.3464], [120.44867, -6.34645], [120.44875, -6.3465], [120.44887, -6.34655], [120.44898, -6.34662], [120.44919, -6.3468], [120.4493, -6.34687], [120.44934, -6.3469], [120.44947, -6.34694], [120.44964, -6.3469], [120.44976, -6.34679], [120.4498, -6.34671], [120.44979, -6.3466], [120.44974, -6.34653], [120.44967, -6.34647], [120.44962, -6.34641], [120.44957, -6.34624], [120.44957, -6.3461], [120.44955, -6.34591], [120.44953, -6.34577], [120.44948, -6.3456], [120.44943, -6.34556], [120.4494, -6.34552], [120.44935, -6.34542], [120.44933, -6.34531], [120.44928, -6.34521], [120.4492, -6.3452], [120.44916, -6.3453], [120.44908, -6.34539], [120.44898, -6.34541], [120.44882, -6.34542], [120.44864, -6.34533], [120.44866, -6.34525], [120.44868, -6.3451], [120.44869, -6.34501], [120.44876, -6.34495], [120.44887, -6.34499], [120.44895, -6.345], [120.44901, -6.34495], [120.449, -6.34488], [120.4489, -6.34484], [120.44881, -6.34481], [120.44869, -6.34475], [120.44862, -6.34467], [120.44855, -6.34428], [120.44863, -6.34411], [120.44871, -6.34399], [120.44883, -6.34391], [120.44895, -6.34382], [120.44921, -6.34374], [120.44934, -6.34374], [120.44947, -6.34375], [120.44964, -6.34377], [120.44977, -6.3438], [120.44996, -6.3438], [120.45002, -6.34377], [120.45017, -6.34358], [120.45021, -6.34348], [120.45021, -6.34337], [120.45018, -6.3433], [120.4501, -6.34322], [120.45002, -6.34315], [120.44976, -6.34298], [120.44971, -6.34291], [120.4497, -6.3428], [120.44975, -6.34267], [120.44981, -6.34256], [120.44988, -6.34249], [120.44996, -6.34241], [120.45022, -6.34234], [120.45029, -6.34227], [120.45033, -6.34222], [120.4504, -6.34199], [120.45032, -6.34189], [120.45021, -6.3418], [120.45013, -6.34161], [120.44993, -6.34135], [120.44989, -6.34126], [120.4499, -6.34113], [120.44997, -6.34102], [120.45008, -6.34094], [120.45016, -6.34089], [120.45025, -6.34082], [120.45059, -6.34085], [120.45071, -6.34092], [120.4508, -6.34098], [120.45094, -6.34105], [120.45107, -6.34111], [120.45119, -6.34115], [120.45131, -6.34121], [120.45139, -6.34127], [120.45142, -6.34131], [120.45146, -6.34142], [120.45149, -6.34147], [120.45158, -6.3415], [120.45168, -6.3415], [120.4518, -6.34152], [120.45192, -6.34163], [120.45206, -6.34194], [120.45213, -6.34205]]], [[[120.45188, -6.32384], [120.45207, -6.32417], [120.45202, -6.32435], [120.45193, -6.32439], [120.45148, -6.32465], [120.4512, -6.32478], [120.4509, -6.32492], [120.45067, -6.32498], [120.45037, -6.32491], [120.4502, -6.32477], [120.45002, -6.32461], [120.44983, -6.32458], [120.44964, -6.32448], [120.4495, -6.32437], [120.44944, -6.32423], [120.44947, -6.3241], [120.44955, -6.32403], [120.44964, -6.32392], [120.44976, -6.32362], [120.44971, -6.32351], [120.44973, -6.32338], [120.44983, -6.32313], [120.45003, -6.32307], [120.45036, -6.32305], [120.45029, -6.32292], [120.45036, -6.32282], [120.45057, -6.32284], [120.45091, -6.3229], [120.45105, -6.32299], [120.4513, -6.3232], [120.45148, -6.32343], [120.4517, -6.32357], [120.45188, -6.32384]]], [[[120.46153, -6.30767], [120.46168, -6.30775], [120.46183, -6.30785], [120.46202, -6.30796], [120.46218, -6.30806], [120.46251, -6.30836], [120.46268, -6.30844], [120.46286, -6.30848], [120.46307, -6.30845], [120.46329, -6.30843], [120.46355, -6.30846], [120.46387, -6.30836], [120.46412, -6.30778], [120.46419, -6.30878], [120.46434, -6.30919], [120.4643, -6.30981], [120.46395, -6.3105], [120.46337, -6.31103], [120.46326, -6.311], [120.4629, -6.31111], [120.46262, -6.3113], [120.46234, -6.31145], [120.4621, -6.31156], [120.46166, -6.31172], [120.46105, -6.31185], [120.46022, -6.31199], [120.45942, -6.31196], [120.45888, -6.31208], [120.45859, -6.31196], [120.45835, -6.31176], [120.45808, -6.31156], [120.45784, -6.3114], [120.4575, -6.31129], [120.45729, -6.3113], [120.457, -6.31118], [120.45678, -6.31098], [120.45671, -6.31077], [120.45655, -6.31058], [120.45624, -6.31045], [120.45576, -6.31025], [120.45557, -6.31024], [120.45521, -6.31015], [120.45493, -6.31013], [120.45452, -6.31009], [120.45413, -6.31002], [120.45381, -6.30996], [120.45363, -6.30988], [120.45359, -6.30956], [120.45376, -6.3094], [120.45393, -6.30932], [120.45422, -6.30913], [120.4546, -6.30822], [120.45472, -6.30796], [120.45491, -6.30781], [120.45562, -6.3075], [120.45601, -6.30738], [120.45616, -6.30744], [120.45642, -6.30761], [120.45687, -6.30785], [120.45718, -6.30802], [120.45744, -6.30817], [120.45768, -6.30821], [120.45802, -6.30817], [120.45814, -6.30802], [120.45829, -6.30769], [120.45847, -6.3075], [120.45863, -6.30738], [120.45888, -6.30732], [120.45911, -6.30731], [120.45981, -6.3074], [120.46012, -6.30741], [120.46044, -6.30741], [120.46074, -6.30739], [120.46107, -6.30739], [120.46122, -6.30748], [120.46133, -6.3076], [120.46153, -6.30767]]], [[[120.45533, -6.28814], [120.4557, -6.28858], [120.45617, -6.28901], [120.45652, -6.28934], [120.4566, -6.28972], [120.45666, -6.29014], [120.45688, -6.29091], [120.45715, -6.29131], [120.45736, -6.29163], [120.45763, -6.29177], [120.45812, -6.29166], [120.45883, -6.2936], [120.45928, -6.29374], [120.45925, -6.29351], [120.45962, -6.29318], [120.45997, -6.29315], [120.46026, -6.29312], [120.46062, -6.29324], [120.46109, -6.29311], [120.46142, -6.29278], [120.4608, -6.29185], [120.46066, -6.2915], [120.4606, -6.29106], [120.46082, -6.29062], [120.46116, -6.29028], [120.46156, -6.29015], [120.46231, -6.29088], [120.46286, -6.29108], [120.46341, -6.29117], [120.46402, -6.29171], [120.46426, -6.29222], [120.4647, -6.29258], [120.46496, -6.29301], [120.46472, -6.29345], [120.4649, -6.29409], [120.46505, -6.29446], [120.46521, -6.29493], [120.46526, -6.29519], [120.46546, -6.29539], [120.46554, -6.29539], [120.46561, -6.29523], [120.46581, -6.29519], [120.46605, -6.29538], [120.46632, -6.2958], [120.46655, -6.29629], [120.4667, -6.29668], [120.46682, -6.29708], [120.46785, -6.29891], [120.46796, -6.29937], [120.46801, -6.29975], [120.46801, -6.30008], [120.46797, -6.30041], [120.46786, -6.3007], [120.46781, -6.30095], [120.46757, -6.30123], [120.46736, -6.30092], [120.46709, -6.30075], [120.4668, -6.30056], [120.4665, -6.30053], [120.46626, -6.30058], [120.46605, -6.30066], [120.46583, -6.3008], [120.46564, -6.30094], [120.46539, -6.30113], [120.46557, -6.30141], [120.46543, -6.30161], [120.46537, -6.30168], [120.46517, -6.30203], [120.46499, -6.30226], [120.46489, -6.30245], [120.46477, -6.30267], [120.46443, -6.30303], [120.46425, -6.30311], [120.46413, -6.30336], [120.46368, -6.30371], [120.46351, -6.30376], [120.46326, -6.30386], [120.46304, -6.30401], [120.4628, -6.30404], [120.46257, -6.30412], [120.46224, -6.30425], [120.4621, -6.30433], [120.46132, -6.30451], [120.46093, -6.30453], [120.46073, -6.30455], [120.46049, -6.30451], [120.46018, -6.30456], [120.45992, -6.30445], [120.45962, -6.30451], [120.45924, -6.30451], [120.45855, -6.30447], [120.45794, -6.30439], [120.45723, -6.30441], [120.45688, -6.30434], [120.45648, -6.30389], [120.45621, -6.30383], [120.4557, -6.30348], [120.4552, -6.30331], [120.45475, -6.30308], [120.45464, -6.30261], [120.45442, -6.30231], [120.45403, -6.30084], [120.45325, -6.29948], [120.45335, -6.2987], [120.45307, -6.29713], [120.45296, -6.29656], [120.45264, -6.29583], [120.45236, -6.29512], [120.4519, -6.29527], [120.45145, -6.295], [120.45109, -6.29454], [120.451, -6.2941], [120.45111, -6.2937], [120.4515, -6.29351], [120.45187, -6.29345], [120.45243, -6.2938], [120.45278, -6.29408], [120.45298, -6.29397], [120.45249, -6.29341], [120.45231, -6.29316], [120.45204, -6.29281], [120.45184, -6.29231], [120.45173, -6.29139], [120.45185, -6.29114], [120.45211, -6.29105], [120.45235, -6.29115], [120.45258, -6.2915], [120.45276, -6.29161], [120.45309, -6.29143], [120.45331, -6.29146], [120.45352, -6.29122], [120.45341, -6.29095], [120.45322, -6.29046], [120.45313, -6.29005], [120.45314, -6.28971], [120.45325, -6.28936], [120.45273, -6.28846], [120.45286, -6.28809], [120.45273, -6.28743], [120.45304, -6.28656], [120.45346, -6.28686], [120.45345, -6.28711], [120.45369, -6.28708], [120.45398, -6.28714], [120.45437, -6.28734], [120.45484, -6.28767], [120.45533, -6.28814]]]]}}, {"type": "Feature", "properties": {"id": "041", "nmkec": "Benteng", "kdkec": "041"}, "geometry": {"type": "Polygon", "coordinates": [[[120.45981, -6.12966], [120.45913, -6.12966], [120.45874, -6.12928], [120.45831, -6.12884], [120.45763, -6.12845], [120.45702, -6.12842], [120.45633, -6.12849], [120.45593, -6.12857], [120.45486, -6.12848], [120.45468, -6.12852], [120.45458, -6.12838], [120.45406, -6.12788], [120.45414, -6.12781], [120.45425, -6.12753], [120.45446, -6.12699], [120.45455, -6.12676], [120.45472, -6.12634], [120.45484, -6.12603], [120.45493, -6.12581], [120.45502, -6.12559], [120.45511, -6.12537], [120.45518, -6.12509], [120.45531, -6.12478], [120.45533, -6.12472], [120.45536, -6.12473], [120.45548, -6.12445], [120.45557, -6.12419], [120.45572, -6.12384], [120.45577, -6.1236], [120.45578, -6.12357], [120.45581, -6.12344], [120.4559, -6.12321], [120.45594, -6.1231], [120.45598, -6.12307], [120.45611, -6.12277], [120.45618, -6.1226], [120.45613, -6.12238], [120.45619, -6.1222], [120.45648, -6.12185], [120.45661, -6.12137], [120.45657, -6.12121], [120.45664, -6.12085], [120.45667, -6.1207], [120.45649, -6.12055], [120.45647, -6.12024], [120.45649, -6.11997], [120.45543, -6.1196], [120.45581, -6.11911], [120.45593, -6.11878], [120.45595, -6.11848], [120.45583, -6.11844], [120.45595, -6.11835], [120.45609, -6.11815], [120.45622, -6.11803], [120.45643, -6.1179], [120.4566, -6.1177], [120.45681, -6.11742], [120.45695, -6.11728], [120.45705, -6.11697], [120.45718, -6.11657], [120.45716, -6.11651], [120.45704, -6.11638], [120.457, -6.11627], [120.45719, -6.1161], [120.45749, -6.11572], [120.45762, -6.11557], [120.45795, -6.11507], [120.45836, -6.1146], [120.45854, -6.11445], [120.45903, -6.11414], [120.45935, -6.11387], [120.45983, -6.11342], [120.46, -6.11324], [120.4603, -6.11285], [120.46067, -6.11235], [120.46081, -6.11217], [120.46106, -6.11185], [120.46126, -6.11158], [120.46169, -6.11101], [120.46186, -6.11077], [120.46211, -6.11042], [120.46234, -6.11007], [120.46246, -6.10988], [120.46264, -6.10957], [120.46273, -6.10924], [120.46288, -6.10899], [120.46309, -6.10897], [120.46318, -6.10881], [120.46313, -6.10865], [120.46311, -6.10838], [120.46336, -6.10805], [120.46345, -6.1074], [120.46347, -6.10713], [120.46346, -6.10676], [120.46347, -6.10661], [120.46353, -6.10643], [120.46358, -6.10631], [120.46368, -6.10608], [120.46383, -6.10574], [120.46385, -6.10563], [120.46385, -6.10554], [120.46393, -6.1054], [120.46402, -6.10529], [120.4642, -6.10477], [120.46436, -6.10423], [120.46444, -6.1037], [120.46452, -6.10317], [120.4646, -6.1027], [120.46464, -6.10238], [120.46468, -6.10201], [120.46475, -6.10159], [120.4648, -6.10139], [120.46483, -6.10113], [120.46484, -6.10101], [120.46486, -6.10087], [120.46488, -6.10061], [120.4649, -6.10038], [120.4649, -6.10016], [120.46491, -6.09995], [120.46492, -6.09967], [120.46493, -6.0993], [120.46493, -6.09913], [120.46493, -6.0989], [120.46495, -6.09862], [120.46497, -6.09832], [120.465, -6.09794], [120.46501, -6.09773], [120.46502, -6.09765], [120.46503, -6.09745], [120.46505, -6.09725], [120.46507, -6.09705], [120.4651, -6.09686], [120.46515, -6.09682], [120.46514, -6.0967], [120.4652, -6.09664], [120.46517, -6.09657], [120.46521, -6.09651], [120.46526, -6.09636], [120.46525, -6.09626], [120.46534, -6.09602], [120.46537, -6.09588], [120.46539, -6.09578], [120.46544, -6.09561], [120.46548, -6.09544], [120.46555, -6.09524], [120.46557, -6.09518], [120.46568, -6.09505], [120.46576, -6.09487], [120.46575, -6.09482], [120.4658, -6.09458], [120.46581, -6.09446], [120.46588, -6.09427], [120.46591, -6.0941], [120.46586, -6.09401], [120.46594, -6.09393], [120.46596, -6.09364], [120.46601, -6.09322], [120.46613, -6.09296], [120.4661, -6.0928], [120.46614, -6.09242], [120.46619, -6.09207], [120.46696, -6.0919], [120.46797, -6.09199], [120.4686, -6.09198], [120.46936, -6.09164], [120.46936, -6.0917], [120.46939, -6.09626], [120.4694, -6.09936], [120.4694, -6.10065], [120.46943, -6.1051], [120.46943, -6.10575], [120.46944, -6.10755], [120.46945, -6.10962], [120.46985, -6.1101], [120.46956, -6.11046], [120.46937, -6.1107], [120.46922, -6.1113], [120.46921, -6.1113], [120.46946, -6.11139], [120.47012, -6.11167], [120.47077, -6.11181], [120.47138, -6.11201], [120.47188, -6.1123], [120.47199, -6.11239], [120.47207, -6.11236], [120.4723, -6.11262], [120.47247, -6.11281], [120.47269, -6.11307], [120.4729, -6.11333], [120.47305, -6.11316], [120.47341, -6.11273], [120.47403, -6.11292], [120.4744, -6.11323], [120.47464, -6.11324], [120.4747, -6.11329], [120.47491, -6.11354], [120.47512, -6.11356], [120.4753, -6.11354], [120.4753, -6.11616], [120.4753, -6.11933], [120.4753, -6.12181], [120.4753, -6.12667], [120.47247, -6.12564], [120.47249, -6.12804], [120.46965, -6.13118], [120.46935, -6.13067], [120.46922, -6.13051], [120.46897, -6.13044], [120.46787, -6.1304], [120.46729, -6.13026], [120.46694, -6.12989], [120.4665, -6.12979], [120.46623, -6.12923], [120.46589, -6.12952], [120.46538, -6.12978], [120.46506, -6.12952], [120.46415, -6.12935], [120.464, -6.12935], [120.46393, -6.12939], [120.46358, -6.12965], [120.46335, -6.12987], [120.46313, -6.12983], [120.46299, -6.12942], [120.46293, -6.12914], [120.46286, -6.12909], [120.46253, -6.12901], [120.46222, -6.12915], [120.46171, -6.12949], [120.46169, -6.12977], [120.46162, -6.13003], [120.46137, -6.13039], [120.46121, -6.13057], [120.46108, -6.13064], [120.46076, -6.13063], [120.46048, -6.13047], [120.46015, -6.12972], [120.45988, -6.12966], [120.45981, -6.12966]]]}}, {"type": "Feature", "properties": {"id": "050", "nmkec": "Bontomatene", "kdkec": "050"}, "geometry": {"type": "MultiPolygon", "coordinates": [[[[120.45588, -5.95722], [120.44818, -5.95657], [120.44548, -5.95589], [120.44563, -5.95465], [120.4457, -5.95277], [120.44588, -5.95087], [120.44597, -5.94948], [120.44618, -5.94623], [120.44624, -5.94487], [120.44622, -5.94415], [120.44647, -5.94284], [120.44665, -5.94141], [120.44668, -5.94009], [120.44671, -5.93864], [120.44669, -5.93802], [120.44674, -5.93738], [120.447, -5.93547], [120.44696, -5.93376], [120.44684, -5.93268], [120.44669, -5.93173], [120.44668, -5.92997], [120.44669, -5.92814], [120.44679, -5.92565], [120.44701, -5.92198], [120.44718, -5.9208], [120.44728, -5.91934], [120.4475, -5.91741], [120.44794, -5.91482], [120.44879, -5.91258], [120.44985, -5.90853], [120.45027, -5.9068], [120.45035, -5.90625], [120.45062, -5.90519], [120.45085, -5.90384], [120.45103, -5.90246], [120.45109, -5.90084], [120.45127, -5.89885], [120.45138, -5.89782], [120.45154, -5.89734], [120.45162, -5.89632], [120.4516, -5.89403], [120.45201, -5.89319], [120.45242, -5.89201], [120.4526, -5.89003], [120.45253, -5.88761], [120.4524, -5.88564], [120.45234, -5.8835], [120.45235, -5.88096], [120.45255, -5.87953], [120.45257, -5.87712], [120.45251, -5.87494], [120.45237, -5.87193], [120.45243, -5.86927], [120.45253, -5.86513], [120.45254, -5.86263], [120.45251, -5.86113], [120.4526, -5.85937], [120.45268, -5.85781], [120.45277, -5.85676], [120.45273, -5.85429], [120.45282, -5.85241], [120.45278, -5.85142], [120.45287, -5.85083], [120.45293, -5.85004], [120.45298, -5.84918], [120.45308, -5.84709], [120.45323, -5.846], [120.45413, -5.84505], [120.45537, -5.84393], [120.45565, -5.84315], [120.4559, -5.84156], [120.45581, -5.83982], [120.4558, -5.83815], [120.45588, -5.8368], [120.45609, -5.83322], [120.45673, -5.82815], [120.45771, -5.82352], [120.45799, -5.82149], [120.45841, -5.82067], [120.45919, -5.81939], [120.45942, -5.81762], [120.45957, -5.81552], [120.45933, -5.81271], [120.45979, -5.80887], [120.46015, -5.80338], [120.46035, -5.79997], [120.46084, -5.79741], [120.46106, -5.79438], [120.46201, -5.79116], [120.46411, -5.78833], [120.46521, -5.78836], [120.46798, -5.78433], [120.46986, -5.781], [120.47036, -5.78044], [120.47078, -5.78008], [120.47192, -5.77913], [120.47294, -5.77796], [120.47366, -5.77662], [120.47462, -5.77429], [120.47483, -5.77395], [120.47547, -5.77364], [120.47589, -5.77341], [120.47613, -5.77301], [120.47707, -5.77245], [120.47815, -5.77204], [120.47904, -5.77166], [120.48015, -5.77076], [120.48065, -5.77037], [120.48124, -5.76984], [120.48201, -5.76885], [120.483, -5.76843], [120.48334, -5.76827], [120.48383, -5.76818], [120.48446, -5.76806], [120.48533, -5.76798], [120.48609, -5.768], [120.48782, -5.76773], [120.48826, -5.76781], [120.48961, -5.76769], [120.49038, -5.7677], [120.49122, -5.76767], [120.49242, -5.76753], [120.49323, -5.76754], [120.49387, -5.76768], [120.49471, -5.76784], [120.49563, -5.7682], [120.49645, -5.76867], [120.49704, -5.76895], [120.49725, -5.76955], [120.49749, -5.77043], [120.4978, -5.77133], [120.49796, -5.77303], [120.49859, -5.77597], [120.49905, -5.77758], [120.50061, -5.77808], [120.50143, -5.7787], [120.50253, -5.77956], [120.5036, -5.78063], [120.50461, -5.78143], [120.50557, -5.78255], [120.50626, -5.78457], [120.50687, -5.78716], [120.50689, -5.78945], [120.50696, -5.79111], [120.50763, -5.79123], [120.50839, -5.79186], [120.50783, -5.79188], [120.50727, -5.79189], [120.50658, -5.79213], [120.50586, -5.79322], [120.50548, -5.79383], [120.50517, -5.79417], [120.50481, -5.79479], [120.50394, -5.79591], [120.50325, -5.79696], [120.50292, -5.79743], [120.50261, -5.79805], [120.50215, -5.79905], [120.5018, -5.80002], [120.50136, -5.80263], [120.50136, -5.80426], [120.50143, -5.80494], [120.50191, -5.80555], [120.50177, -5.80623], [120.502, -5.80677], [120.50167, -5.80742], [120.50155, -5.80811], [120.50133, -5.80897], [120.50127, -5.8101], [120.50174, -5.81073], [120.50246, -5.81233], [120.50248, -5.81295], [120.50333, -5.81404], [120.50375, -5.81445], [120.50371, -5.8153], [120.50483, -5.81704], [120.50603, -5.81773], [120.50643, -5.81779], [120.50626, -5.81833], [120.5065, -5.81889], [120.50678, -5.81954], [120.50726, -5.82038], [120.5073, -5.82117], [120.50746, -5.82189], [120.50768, -5.82273], [120.5084, -5.82388], [120.50889, -5.82431], [120.50941, -5.82465], [120.50992, -5.82504], [120.51022, -5.82546], [120.51075, -5.82598], [120.51077, -5.82704], [120.51135, -5.8276], [120.51162, -5.82832], [120.51189, -5.82872], [120.51202, -5.82951], [120.51281, -5.83151], [120.51545, -5.83543], [120.51586, -5.83619], [120.5173, -5.83645], [120.51725, -5.83484], [120.51787, -5.8347], [120.51806, -5.83492], [120.51773, -5.83512], [120.51755, -5.83614], [120.51803, -5.83727], [120.51966, -5.83676], [120.52066, -5.83571], [120.51983, -5.83473], [120.5203, -5.83484], [120.52016, -5.83663], [120.5211, -5.83658], [120.52233, -5.83591], [120.52372, -5.83509], [120.52432, -5.83487], [120.52472, -5.83478], [120.52491, -5.83516], [120.52554, -5.83581], [120.52572, -5.83703], [120.52612, -5.83848], [120.52663, -5.83986], [120.52751, -5.84101], [120.52853, -5.84169], [120.52896, -5.84251], [120.52956, -5.84357], [120.52993, -5.84439], [120.53028, -5.84464], [120.52926, -5.84527], [120.52802, -5.84589], [120.52727, -5.84654], [120.52743, -5.84737], [120.52706, -5.84786], [120.52688, -5.84837], [120.52645, -5.84895], [120.52618, -5.84965], [120.52608, -5.85037], [120.5261, -5.85102], [120.52622, -5.85232], [120.52625, -5.85332], [120.52665, -5.85434], [120.52695, -5.85597], [120.52706, -5.85682], [120.52723, -5.85759], [120.5273, -5.85868], [120.52755, -5.85982], [120.52771, -5.85954], [120.52805, -5.86013], [120.52816, -5.86117], [120.52845, -5.86181], [120.5288, -5.86272], [120.52941, -5.86327], [120.52986, -5.86381], [120.53007, -5.86431], [120.53, -5.86482], [120.53026, -5.86537], [120.53083, -5.86583], [120.53101, -5.86682], [120.53128, -5.86761], [120.53139, -5.86808], [120.53159, -5.86858], [120.53172, -5.86911], [120.53198, -5.86946], [120.53229, -5.86985], [120.53288, -5.87056], [120.53253, -5.87129], [120.53273, -5.87232], [120.5326, -5.87298], [120.53304, -5.87372], [120.53312, -5.87455], [120.53368, -5.87499], [120.5337, -5.87578], [120.53347, -5.87689], [120.53366, -5.87765], [120.53351, -5.87941], [120.53369, -5.88003], [120.53382, -5.88052], [120.53361, -5.88132], [120.53388, -5.88182], [120.53389, -5.88272], [120.53369, -5.88322], [120.53424, -5.88368], [120.53462, -5.88482], [120.53462, -5.88571], [120.53458, -5.88732], [120.5348, -5.88827], [120.53445, -5.88884], [120.53351, -5.88864], [120.53289, -5.88893], [120.53247, -5.89002], [120.5327, -5.89135], [120.53312, -5.8922], [120.53314, -5.89259], [120.53284, -5.89354], [120.5334, -5.89422], [120.53333, -5.89487], [120.5331, -5.89536], [120.53305, -5.8962], [120.53306, -5.89672], [120.53297, -5.89726], [120.53275, -5.89779], [120.53253, -5.89894], [120.53221, -5.90073], [120.53289, -5.90198], [120.53268, -5.90288], [120.5325, -5.9039], [120.53268, -5.9052], [120.53337, -5.905], [120.53363, -5.90569], [120.53349, -5.9065], [120.5334, -5.907], [120.53417, -5.90749], [120.5343, -5.90833], [120.53415, -5.90884], [120.53392, -5.90913], [120.53427, -5.9096], [120.53427, -5.91017], [120.53394, -5.91009], [120.53327, -5.91033], [120.53304, -5.91136], [120.53344, -5.91199], [120.53421, -5.91223], [120.53443, -5.91264], [120.53417, -5.91289], [120.53456, -5.91306], [120.53492, -5.91354], [120.53501, -5.91423], [120.53512, -5.915], [120.53508, -5.91578], [120.53526, -5.91661], [120.5353, -5.91727], [120.53508, -5.91785], [120.53503, -5.91872], [120.53487, -5.91956], [120.53524, -5.92034], [120.53508, -5.92076], [120.53481, -5.9211], [120.53536, -5.92131], [120.53589, -5.92214], [120.53577, -5.92341], [120.53637, -5.92367], [120.53676, -5.92542], [120.53697, -5.92614], [120.53766, -5.92689], [120.53749, -5.92759], [120.52989, -5.93902], [120.52697, -5.94643], [120.5215, -5.95262], [120.51398, -5.95903], [120.50623, -5.96312], [120.49525, -5.96365], [120.49319, -5.95835], [120.48658, -5.95712], [120.48514, -5.95779], [120.4742, -5.95848], [120.46138, -5.95771], [120.45588, -5.95722]]], [[[120.48427, -5.7549], [120.48408, -5.75484], [120.48388, -5.75477], [120.48346, -5.75459], [120.48337, -5.75451], [120.48316, -5.75429], [120.48274, -5.75409], [120.48254, -5.7538], [120.48231, -5.75344], [120.48209, -5.75311], [120.48184, -5.75279], [120.48133, -5.75272], [120.48092, -5.75275], [120.48014, -5.75272], [120.47919, -5.75262], [120.47845, -5.75232], [120.47802, -5.75226], [120.47755, -5.75232], [120.4771, -5.75216], [120.47661, -5.7519], [120.47561, -5.75147], [120.47502, -5.75102], [120.4745, -5.75047], [120.47388, -5.74962], [120.47363, -5.74918], [120.47359, -5.74861], [120.47369, -5.7484], [120.47352, -5.74812], [120.47357, -5.74771], [120.47367, -5.74688], [120.47377, -5.74657], [120.47386, -5.74649], [120.47382, -5.74622], [120.47354, -5.74597], [120.4737, -5.74537], [120.47406, -5.74468], [120.47434, -5.74406], [120.47471, -5.7437], [120.47492, -5.74316], [120.47516, -5.74273], [120.47555, -5.74262], [120.4772, -5.74057], [120.47904, -5.73891], [120.47923, -5.73884], [120.47946, -5.73891], [120.47965, -5.73882], [120.47979, -5.73864], [120.47996, -5.73883], [120.48015, -5.73899], [120.48039, -5.73909], [120.4806, -5.73909], [120.48078, -5.73922], [120.48108, -5.73926], [120.48144, -5.73942], [120.48175, -5.73955], [120.48202, -5.7397], [120.48237, -5.73974], [120.48271, -5.73985], [120.48298, -5.73971], [120.48327, -5.73982], [120.48375, -5.73977], [120.48437, -5.73966], [120.48462, -5.7396], [120.48463, -5.7396], [120.48513, -5.73958], [120.48557, -5.7395], [120.48596, -5.73945], [120.48634, -5.73927], [120.48676, -5.7392], [120.48722, -5.739], [120.48779, -5.73879], [120.48837, -5.73848], [120.48888, -5.73834], [120.48907, -5.73817], [120.4894, -5.73846], [120.48965, -5.73893], [120.4894, -5.73915], [120.48962, -5.73931], [120.48984, -5.73926], [120.48995, -5.73983], [120.48976, -5.74013], [120.48977, -5.74045], [120.48974, -5.74072], [120.48972, -5.74107], [120.4897, -5.74116], [120.4897, -5.74129], [120.48955, -5.7413], [120.48955, -5.74138], [120.48945, -5.74152], [120.48924, -5.74174], [120.48906, -5.74224], [120.4893, -5.74334], [120.48945, -5.74323], [120.48951, -5.74334], [120.48938, -5.74369], [120.48919, -5.7435], [120.48917, -5.74364], [120.48928, -5.74381], [120.48926, -5.74391], [120.48934, -5.74392], [120.48943, -5.74403], [120.48949, -5.74402], [120.48948, -5.74432], [120.48945, -5.74451], [120.48953, -5.7447], [120.48965, -5.74465], [120.4899, -5.74488], [120.48999, -5.74515], [120.48993, -5.7453], [120.49017, -5.74548], [120.49036, -5.74555], [120.49038, -5.74554], [120.49034, -5.74588], [120.49013, -5.74587], [120.4901, -5.74611], [120.49033, -5.74638], [120.49034, -5.74638], [120.49034, -5.7464], [120.49049, -5.74651], [120.49075, -5.74702], [120.49073, -5.74756], [120.49112, -5.74763], [120.49126, -5.74796], [120.49128, -5.74826], [120.49155, -5.74841], [120.49168, -5.74875], [120.49185, -5.74905], [120.49176, -5.74937], [120.49172, -5.74964], [120.49194, -5.74985], [120.49209, -5.75018], [120.49229, -5.75049], [120.49238, -5.7508], [120.49253, -5.75113], [120.4928, -5.7514], [120.49272, -5.75188], [120.49243, -5.75239], [120.49144, -5.75308], [120.49089, -5.7532], [120.4904, -5.75328], [120.49009, -5.75308], [120.4897, -5.75305], [120.48935, -5.75335], [120.48868, -5.75349], [120.48828, -5.7534], [120.48787, -5.75359], [120.48756, -5.75369], [120.48731, -5.7539], [120.48736, -5.7542], [120.48685, -5.75459], [120.4865, -5.75457], [120.48624, -5.75474], [120.48628, -5.75505], [120.48602, -5.75521], [120.48531, -5.75529], [120.48481, -5.7551], [120.48479, -5.75508], [120.48458, -5.755], [120.48428, -5.7549], [120.48427, -5.7549]]]]}}, {"type": "Feature", "properties": {"id": "020", "nmkec": "Pasimassunggu", "kdkec": "020"}, "geometry": {"type": "MultiPolygon", "coordinates": [[[[120.58944, -7.10412], [120.58963, -7.10406], [120.59002, -7.10409], [120.5905, -7.10398], [120.59084, -7.10388], [120.5913, -7.1039], [120.59148, -7.10402], [120.5915, -7.10426], [120.59135, -7.10461], [120.59114, -7.10483], [120.59083, -7.10499], [120.59055, -7.10522], [120.59039, -7.10538], [120.59024, -7.1055], [120.58997, -7.10553], [120.58966, -7.10559], [120.58948, -7.10556], [120.58944, -7.10542], [120.58945, -7.10526], [120.58967, -7.10514], [120.5898, -7.10496], [120.5898, -7.10478], [120.58962, -7.10463], [120.58939, -7.10445], [120.58933, -7.10427], [120.58944, -7.10412]]], [[[120.61261, -7.08429], [120.61276, -7.08497], [120.61203, -7.08579], [120.61201, -7.08729], [120.61168, -7.08817], [120.61155, -7.08884], [120.61139, -7.0894], [120.61156, -7.0896], [120.61148, -7.09014], [120.61087, -7.09039], [120.61025, -7.09071], [120.60946, -7.09122], [120.60934, -7.09137], [120.60881, -7.09163], [120.60846, -7.09197], [120.60812, -7.0923], [120.6077, -7.09276], [120.60737, -7.09294], [120.60689, -7.09342], [120.60641, -7.09358], [120.60608, -7.09365], [120.60562, -7.09392], [120.60552, -7.0943], [120.60512, -7.09438], [120.60467, -7.09456], [120.60384, -7.09495], [120.60305, -7.09539], [120.60299, -7.09562], [120.60288, -7.09593], [120.6029, -7.0961], [120.60287, -7.09633], [120.60274, -7.09647], [120.60247, -7.09657], [120.6025, -7.09685], [120.60238, -7.0972], [120.60234, -7.09755], [120.60256, -7.09816], [120.60229, -7.09927], [120.60154, -7.09941], [120.6012, -7.09939], [120.60089, -7.0992], [120.60086, -7.09899], [120.60046, -7.0989], [120.59888, -7.09871], [120.59697, -7.09882], [120.59633, -7.09914], [120.5958, -7.09974], [120.59502, -7.09989], [120.59396, -7.0992], [120.59338, -7.09859], [120.59267, -7.09828], [120.59235, -7.09811], [120.59211, -7.0977], [120.59132, -7.09726], [120.59091, -7.09733], [120.59056, -7.09696], [120.59027, -7.09657], [120.58998, -7.09617], [120.59005, -7.09587], [120.59001, -7.09552], [120.59025, -7.09539], [120.59029, -7.09517], [120.59035, -7.09479], [120.59038, -7.09451], [120.59037, -7.09425], [120.59054, -7.09353], [120.5909, -7.09304], [120.5909, -7.0924], [120.59064, -7.09159], [120.59, -7.09093], [120.58946, -7.09073], [120.58863, -7.09018], [120.58787, -7.09005], [120.58754, -7.09008], [120.58678, -7.08975], [120.5861, -7.08964], [120.58567, -7.08978], [120.58532, -7.08999], [120.58474, -7.09018], [120.58433, -7.09055], [120.58364, -7.09089], [120.58327, -7.09101], [120.58297, -7.09099], [120.58267, -7.09085], [120.58263, -7.09051], [120.58247, -7.09024], [120.58204, -7.08957], [120.58158, -7.08929], [120.581, -7.08891], [120.58009, -7.08862], [120.57964, -7.08896], [120.5793, -7.08923], [120.57912, -7.08933], [120.579, -7.08921], [120.57904, -7.08896], [120.57905, -7.08875], [120.57874, -7.08842], [120.57853, -7.08842], [120.57844, -7.08826], [120.57826, -7.08819], [120.57738, -7.08775], [120.57606, -7.08703], [120.57506, -7.08686], [120.5747, -7.0868], [120.57447, -7.08673], [120.57362, -7.0867], [120.57176, -7.08727], [120.5707, -7.08787], [120.57001, -7.08817], [120.56895, -7.08875], [120.56852, -7.08897], [120.56805, -7.08953], [120.5684, -7.09007], [120.56865, -7.09058], [120.56839, -7.09103], [120.56824, -7.0913], [120.56791, -7.09164], [120.56754, -7.09271], [120.56729, -7.09315], [120.56706, -7.09338], [120.56699, -7.09329], [120.56662, -7.09295], [120.56639, -7.09284], [120.56642, -7.09265], [120.56553, -7.09197], [120.56431, -7.09179], [120.56376, -7.09232], [120.56358, -7.09249], [120.5634, -7.0924], [120.56308, -7.09254], [120.56293, -7.0923], [120.56299, -7.09195], [120.56281, -7.09175], [120.56288, -7.0913], [120.56195, -7.09], [120.56122, -7.08901], [120.56022, -7.08869], [120.55969, -7.08884], [120.55938, -7.08877], [120.55929, -7.08881], [120.55882, -7.08838], [120.55894, -7.08795], [120.55871, -7.08733], [120.55865, -7.0864], [120.55797, -7.08439], [120.55749, -7.08267], [120.55641, -7.08021], [120.55599, -7.0799], [120.55503, -7.08012], [120.55465, -7.08007], [120.55482, -7.07929], [120.55525, -7.07887], [120.55579, -7.07804], [120.55673, -7.07744], [120.55697, -7.07566], [120.55736, -7.0753], [120.55787, -7.07554], [120.55826, -7.07546], [120.55854, -7.07458], [120.559, -7.0739], [120.55921, -7.07334], [120.56009, -7.07299], [120.56067, -7.07316], [120.56116, -7.07326], [120.56196, -7.07305], [120.56288, -7.07316], [120.56343, -7.07354], [120.56376, -7.07364], [120.56388, -7.07411], [120.56389, -7.0743], [120.56373, -7.0746], [120.56357, -7.07499], [120.56338, -7.07534], [120.56327, -7.07585], [120.56323, -7.0762], [120.56322, -7.07655], [120.56335, -7.0771], [120.56352, -7.07738], [120.5639, -7.07772], [120.56417, -7.07771], [120.56487, -7.07778], [120.56522, -7.07775], [120.56551, -7.07765], [120.56582, -7.07734], [120.56605, -7.07737], [120.56639, -7.07724], [120.56677, -7.07734], [120.56697, -7.07754], [120.56728, -7.0773], [120.56802, -7.07752], [120.56818, -7.0777], [120.56814, -7.07785], [120.56826, -7.07788], [120.56844, -7.07785], [120.56867, -7.07805], [120.56894, -7.07799], [120.56924, -7.07772], [120.56937, -7.07755], [120.56953, -7.07757], [120.56955, -7.07731], [120.56981, -7.0773], [120.56968, -7.07707], [120.56967, -7.07686], [120.56971, -7.07654], [120.56984, -7.07609], [120.57034, -7.07563], [120.57092, -7.07555], [120.57123, -7.07563], [120.57153, -7.07547], [120.57188, -7.0758], [120.57197, -7.07622], [120.57219, -7.07635], [120.5726, -7.07641], [120.57319, -7.07638], [120.57425, -7.0763], [120.5746, -7.07653], [120.5747, -7.07676], [120.57496, -7.07701], [120.57493, -7.07719], [120.5752, -7.07725], [120.57572, -7.07728], [120.57611, -7.07734], [120.57671, -7.07737], [120.57764, -7.07737], [120.57823, -7.07738], [120.57958, -7.07716], [120.5796, -7.07745], [120.57969, -7.07774], [120.58056, -7.07802], [120.58091, -7.0785], [120.5811, -7.07886], [120.58167, -7.07786], [120.58173, -7.07739], [120.58184, -7.07697], [120.5824, -7.07685], [120.58266, -7.077], [120.58274, -7.07745], [120.58306, -7.07792], [120.58334, -7.07793], [120.58369, -7.078], [120.58427, -7.07824], [120.58473, -7.07828], [120.58486, -7.07853], [120.58492, -7.07869], [120.58514, -7.07885], [120.58527, -7.07918], [120.58542, -7.07954], [120.58544, -7.0805], [120.58564, -7.0811], [120.58606, -7.08145], [120.5869, -7.08161], [120.58716, -7.08185], [120.5876, -7.08193], [120.58838, -7.0823], [120.58903, -7.08261], [120.58923, -7.08254], [120.58949, -7.08256], [120.58971, -7.08251], [120.59014, -7.08249], [120.59054, -7.08246], [120.59081, -7.08235], [120.59113, -7.08225], [120.5913, -7.08216], [120.59156, -7.08196], [120.592, -7.08184], [120.59258, -7.08174], [120.59272, -7.08159], [120.59295, -7.0815], [120.59313, -7.08156], [120.59372, -7.0815], [120.59445, -7.08105], [120.59489, -7.08073], [120.59524, -7.08076], [120.59571, -7.08079], [120.59602, -7.08119], [120.59648, -7.0814], [120.59701, -7.08153], [120.59722, -7.0817], [120.59739, -7.08148], [120.59881, -7.08136], [120.59991, -7.08128], [120.60066, -7.0815], [120.6016, -7.08146], [120.60249, -7.08087], [120.60344, -7.08097], [120.6039, -7.08105], [120.60438, -7.08093], [120.60479, -7.08068], [120.60609, -7.08055], [120.60794, -7.07998], [120.61025, -7.08033], [120.61126, -7.08076], [120.61276, -7.08144], [120.61274, -7.08165], [120.61275, -7.08216], [120.61264, -7.08257], [120.61258, -7.08313], [120.61253, -7.0835], [120.61249, -7.08401], [120.61261, -7.08429]]], [[[120.61611, -7.07953], [120.61557, -7.07915], [120.6152, -7.07895], [120.61481, -7.07876], [120.61442, -7.07815], [120.61294, -7.07829], [120.61255, -7.0785], [120.61214, -7.07859], [120.61175, -7.07871], [120.61155, -7.07861], [120.61128, -7.07868], [120.61072, -7.07867], [120.61037, -7.07852], [120.60964, -7.07821], [120.60936, -7.07811], [120.6091, -7.078], [120.60802, -7.07751], [120.6069, -7.07679], [120.60654, -7.07644], [120.60606, -7.07598], [120.60574, -7.07557], [120.60549, -7.07524], [120.60519, -7.07532], [120.60496, -7.07532], [120.60485, -7.07527], [120.60451, -7.07512], [120.60419, -7.07488], [120.60406, -7.07457], [120.60414, -7.07355], [120.6042, -7.07258], [120.60415, -7.07209], [120.60399, -7.07184], [120.6044, -7.07133], [120.60503, -7.07125], [120.60535, -7.07135], [120.60584, -7.07142], [120.6066, -7.07171], [120.60701, -7.07219], [120.6074, -7.07275], [120.60818, -7.07268], [120.60929, -7.07198], [120.60962, -7.07111], [120.60987, -7.07069], [120.61, -7.06982], [120.60984, -7.06945], [120.60977, -7.06873], [120.60969, -7.06868], [120.60951, -7.06846], [120.60921, -7.06838], [120.60915, -7.06821], [120.60877, -7.0681], [120.60846, -7.06803], [120.60775, -7.06778], [120.60728, -7.06733], [120.60708, -7.06649], [120.60697, -7.066], [120.60732, -7.06528], [120.60752, -7.06466], [120.60795, -7.06428], [120.60824, -7.06427], [120.60853, -7.06418], [120.60886, -7.06419], [120.60937, -7.06438], [120.6103, -7.06448], [120.61137, -7.06525], [120.61221, -7.06621], [120.61288, -7.06604], [120.61386, -7.06545], [120.61418, -7.06463], [120.61451, -7.06407], [120.61547, -7.06289], [120.61506, -7.06121], [120.61669, -7.0613], [120.61781, -7.05947], [120.61871, -7.05744], [120.61918, -7.05552], [120.62007, -7.05482], [120.62079, -7.05443], [120.6216, -7.05348], [120.62211, -7.05206], [120.6225, -7.05214], [120.62319, -7.05211], [120.62424, -7.05193], [120.62573, -7.05213], [120.62704, -7.05252], [120.62725, -7.05137], [120.62737, -7.0498], [120.62754, -7.04945], [120.62759, -7.04921], [120.62777, -7.04769], [120.62785, -7.0464], [120.62773, -7.04562], [120.6265, -7.04372], [120.62588, -7.04202], [120.625, -7.04064], [120.6246, -7.03766], [120.6237, -7.03547], [120.6238, -7.03263], [120.62383, -7.02959], [120.62369, -7.02796], [120.62409, -7.02663], [120.62373, -7.02564], [120.6226, -7.02504], [120.62136, -7.02278], [120.62068, -7.01895], [120.62061, -7.01518], [120.62017, -7.01305], [120.61976, -7.01078], [120.62003, -7.00726], [120.61951, -7.00609], [120.61984, -7.00481], [120.62085, -7.00321], [120.62091, -7.00194], [120.62294, -7.00175], [120.62555, -7.00094], [120.62874, -7.00089], [120.62983, -7.00053], [120.63109, -7.00022], [120.63197, -7.0007], [120.63244, -7.00126], [120.63377, -7.00257], [120.63479, -7.00344], [120.63662, -7.0039], [120.63747, -7.0045], [120.63908, -7.00615], [120.6399, -7.00743], [120.64025, -7.00949], [120.64188, -7.01042], [120.64282, -7.01097], [120.64345, -7.01053], [120.64406, -7.01013], [120.64533, -7.01041], [120.64573, -7.01072], [120.64614, -7.01093], [120.64659, -7.01095], [120.64705, -7.01146], [120.64752, -7.01132], [120.64812, -7.01141], [120.64854, -7.01177], [120.65165, -7.01424], [120.65312, -7.01518], [120.65544, -7.01754], [120.65774, -7.02016], [120.66043, -7.02494], [120.66571, -7.03312], [120.66774, -7.03609], [120.66948, -7.03803], [120.67092, -7.03973], [120.67381, -7.04321], [120.67573, -7.04389], [120.67706, -7.04394], [120.67944, -7.04527], [120.68193, -7.04789], [120.68383, -7.04902], [120.68646, -7.049], [120.68849, -7.05031], [120.67281, -7.06971], [120.67671, -7.07655], [120.68338, -7.08165], [120.68774, -7.08645], [120.70334, -7.09327], [120.71371, -7.09762], [120.72288, -7.0991], [120.72253, -7.1138], [120.71816, -7.12927], [120.71521, -7.12977], [120.71215, -7.13091], [120.71125, -7.13216], [120.7099, -7.13405], [120.70767, -7.13365], [120.7066, -7.13356], [120.70424, -7.13366], [120.70238, -7.13362], [120.70029, -7.13305], [120.69914, -7.13369], [120.69825, -7.13267], [120.6973, -7.1315], [120.69738, -7.12989], [120.69574, -7.12844], [120.69404, -7.12805], [120.69198, -7.1273], [120.68855, -7.12619], [120.68705, -7.12533], [120.6856, -7.12472], [120.68427, -7.12396], [120.68339, -7.12361], [120.68327, -7.1238], [120.68071, -7.12264], [120.67827, -7.1223], [120.67653, -7.12242], [120.67416, -7.12368], [120.67242, -7.12304], [120.67078, -7.12191], [120.66918, -7.12116], [120.66797, -7.12139], [120.66635, -7.12144], [120.66457, -7.12157], [120.66325, -7.12103], [120.6619, -7.12104], [120.66065, -7.12154], [120.65927, -7.12225], [120.6567, -7.12337], [120.65472, -7.12486], [120.65347, -7.12648], [120.65363, -7.12753], [120.65403, -7.12804], [120.65543, -7.12865], [120.65717, -7.12917], [120.65894, -7.12938], [120.66117, -7.12941], [120.66265, -7.12992], [120.66495, -7.12968], [120.66704, -7.12927], [120.66931, -7.12918], [120.67072, -7.13005], [120.67154, -7.13147], [120.67271, -7.13327], [120.67428, -7.13384], [120.67492, -7.13458], [120.67614, -7.13484], [120.67611, -7.13634], [120.67539, -7.13655], [120.67661, -7.13738], [120.67771, -7.13927], [120.67892, -7.14076], [120.6803, -7.1428], [120.67935, -7.14268], [120.67754, -7.14231], [120.67722, -7.14417], [120.67602, -7.14544], [120.67387, -7.14596], [120.67269, -7.14588], [120.67137, -7.14621], [120.67059, -7.14693], [120.67032, -7.14635], [120.66987, -7.14701], [120.6705, -7.14724], [120.67016, -7.14801], [120.67006, -7.14977], [120.66954, -7.15044], [120.66861, -7.14907], [120.66872, -7.14791], [120.66919, -7.14725], [120.66861, -7.14689], [120.66796, -7.14731], [120.66656, -7.14563], [120.66458, -7.14332], [120.66269, -7.14288], [120.66052, -7.14285], [120.6594, -7.14439], [120.65821, -7.14412], [120.6573, -7.14354], [120.65606, -7.1404], [120.6543, -7.13726], [120.65219, -7.13465], [120.65128, -7.13441], [120.65036, -7.13493], [120.64978, -7.13502], [120.64916, -7.13381], [120.64811, -7.13271], [120.64644, -7.13223], [120.64458, -7.13205], [120.64336, -7.13143], [120.64266, -7.1309], [120.64084, -7.13042], [120.64033, -7.12907], [120.63908, -7.12843], [120.63693, -7.1283], [120.63544, -7.12893], [120.63444, -7.13], [120.63484, -7.13082], [120.63419, -7.133], [120.63265, -7.13312], [120.63137, -7.13185], [120.6317, -7.12974], [120.63311, -7.12743], [120.63338, -7.1248], [120.63327, -7.12407], [120.63278, -7.12389], [120.63246, -7.12382], [120.63187, -7.12328], [120.63198, -7.12205], [120.6313, -7.12086], [120.63003, -7.12055], [120.62911, -7.1211], [120.62869, -7.12097], [120.62795, -7.11971], [120.62698, -7.11864], [120.62621, -7.1186], [120.62534, -7.11801], [120.62534, -7.11691], [120.62555, -7.11555], [120.62479, -7.11434], [120.62408, -7.11404], [120.62349, -7.11388], [120.62332, -7.11337], [120.624, -7.11332], [120.62529, -7.11232], [120.62651, -7.11214], [120.62677, -7.11256], [120.62782, -7.11189], [120.62803, -7.11012], [120.62763, -7.10988], [120.62731, -7.10922], [120.62733, -7.10784], [120.62699, -7.10616], [120.62644, -7.1059], [120.6257, -7.10574], [120.62575, -7.10531], [120.62687, -7.10473], [120.62823, -7.10441], [120.62885, -7.10395], [120.63017, -7.10387], [120.63143, -7.10407], [120.63205, -7.10511], [120.63331, -7.10478], [120.63484, -7.10371], [120.63505, -7.10295], [120.63398, -7.10231], [120.63444, -7.10143], [120.63456, -7.10052], [120.6345, -7.09879], [120.6341, -7.09804], [120.63294, -7.09656], [120.63234, -7.09581], [120.63126, -7.09355], [120.63094, -7.09344], [120.6304, -7.0931], [120.62945, -7.09298], [120.62935, -7.09332], [120.62915, -7.09359], [120.62849, -7.09329], [120.62824, -7.09289], [120.62758, -7.09255], [120.62715, -7.09211], [120.62678, -7.09227], [120.62621, -7.0921], [120.6258, -7.09162], [120.62559, -7.09187], [120.62545, -7.09223], [120.62512, -7.09261], [120.6252, -7.09312], [120.62516, -7.09386], [120.62422, -7.09471], [120.62331, -7.09618], [120.62231, -7.09649], [120.62117, -7.09619], [120.62063, -7.09721], [120.62025, -7.09768], [120.61972, -7.09796], [120.61934, -7.09726], [120.61923, -7.09587], [120.61901, -7.09407], [120.6192, -7.09253], [120.62029, -7.09191], [120.61997, -7.09033], [120.61983, -7.08899], [120.6201, -7.08732], [120.61968, -7.08631], [120.6194, -7.08608], [120.61843, -7.08545], [120.61808, -7.08428], [120.61763, -7.08342], [120.61832, -7.08176], [120.61804, -7.08123], [120.61767, -7.08092], [120.61733, -7.08036], [120.61691, -7.07976], [120.61623, -7.07953], [120.61611, -7.07953]]], [[[120.55741, -7.06804], [120.55741, -7.06803], [120.55731, -7.06792], [120.5574, -7.0678], [120.55739, -7.06747], [120.55737, -7.06743], [120.55727, -7.06699], [120.5572, -7.06686], [120.55722, -7.06676], [120.55723, -7.06668], [120.55717, -7.0666], [120.55714, -7.0665], [120.55703, -7.06644], [120.55703, -7.06627], [120.55707, -7.06619], [120.5572, -7.066], [120.55729, -7.06587], [120.55744, -7.06587], [120.5577, -7.06558], [120.55785, -7.06492], [120.55798, -7.06484], [120.55814, -7.06468], [120.55826, -7.06455], [120.55838, -7.06436], [120.55843, -7.0642], [120.55856, -7.06406], [120.55868, -7.06392], [120.55872, -7.06374], [120.55883, -7.06359], [120.55892, -7.06348], [120.55893, -7.06335], [120.55913, -7.06333], [120.55935, -7.06335], [120.55942, -7.0634], [120.55956, -7.06342], [120.55974, -7.06352], [120.55985, -7.06366], [120.55984, -7.06376], [120.55978, -7.06397], [120.5597, -7.06414], [120.5595, -7.06425], [120.55931, -7.06446], [120.55922, -7.06464], [120.55912, -7.06476], [120.55915, -7.06507], [120.55925, -7.06526], [120.55928, -7.06527], [120.55927, -7.06529], [120.55962, -7.0655], [120.55976, -7.06578], [120.55984, -7.06613], [120.55983, -7.06613], [120.55985, -7.06622], [120.55977, -7.06645], [120.55955, -7.06657], [120.55946, -7.06663], [120.55956, -7.06681], [120.55964, -7.06697], [120.55956, -7.06704], [120.55941, -7.06706], [120.55934, -7.067], [120.55928, -7.0669], [120.55922, -7.06679], [120.55917, -7.06675], [120.55914, -7.0669], [120.55931, -7.06722], [120.55972, -7.06751], [120.56017, -7.06771], [120.56096, -7.06792], [120.56157, -7.06793], [120.56178, -7.06784], [120.56194, -7.06762], [120.56208, -7.06739], [120.56213, -7.06725], [120.56223, -7.06717], [120.56235, -7.06706], [120.56243, -7.06694], [120.56245, -7.0669], [120.5625, -7.06685], [120.56258, -7.06676], [120.56266, -7.06668], [120.56275, -7.06654], [120.56277, -7.06641], [120.56295, -7.06636], [120.56312, -7.06627], [120.56324, -7.06623], [120.56328, -7.06612], [120.5633, -7.06594], [120.56336, -7.06592], [120.56338, -7.06584], [120.56345, -7.06582], [120.56345, -7.06573], [120.56351, -7.06562], [120.56349, -7.06551], [120.56358, -7.06537], [120.56365, -7.06526], [120.5637, -7.06513], [120.56373, -7.06502], [120.56374, -7.06487], [120.56374, -7.06481], [120.56382, -7.0648], [120.56394, -7.06455], [120.56419, -7.06429], [120.56436, -7.06417], [120.56462, -7.0641], [120.56486, -7.06404], [120.56507, -7.064], [120.5651, -7.06399], [120.56529, -7.06394], [120.5655, -7.06393], [120.56577, -7.06406], [120.56602, -7.06405], [120.56611, -7.06397], [120.56619, -7.06395], [120.56635, -7.06401], [120.56649, -7.06398], [120.56669, -7.06416], [120.56665, -7.06443], [120.56629, -7.06466], [120.5661, -7.06488], [120.56609, -7.06514], [120.56601, -7.0656], [120.5658, -7.06608], [120.56562, -7.0664], [120.56545, -7.06661], [120.56525, -7.06712], [120.56501, -7.06731], [120.5649, -7.06735], [120.5646, -7.06748], [120.56435, -7.06777], [120.56409, -7.06797], [120.56385, -7.0681], [120.56366, -7.06842], [120.56361, -7.06854], [120.56349, -7.06869], [120.56343, -7.06899], [120.56326, -7.06948], [120.56314, -7.06979], [120.56292, -7.06994], [120.56256, -7.07032], [120.56248, -7.07043], [120.56237, -7.07045], [120.56218, -7.07055], [120.56205, -7.07085], [120.56195, -7.07093], [120.56197, -7.07126], [120.56183, -7.07158], [120.56121, -7.07169], [120.56099, -7.07182], [120.56066, -7.07183], [120.56023, -7.07185], [120.56021, -7.07184], [120.56012, -7.07169], [120.55989, -7.0716], [120.55964, -7.07143], [120.55945, -7.07127], [120.55931, -7.07119], [120.55924, -7.07124], [120.559, -7.07136], [120.55877, -7.07147], [120.55854, -7.07154], [120.55834, -7.07154], [120.55816, -7.07149], [120.55793, -7.07148], [120.5577, -7.07145], [120.55749, -7.07139], [120.55741, -7.07132], [120.55733, -7.07125], [120.55721, -7.07118], [120.55713, -7.07106], [120.55709, -7.07082], [120.55709, -7.07063], [120.55707, -7.07041], [120.55707, -7.07034], [120.55703, -7.07022], [120.55699, -7.07007], [120.55701, -7.06991], [120.55713, -7.06969], [120.55724, -7.06953], [120.55748, -7.06937], [120.55748, -7.06937], [120.55757, -7.06924], [120.55756, -7.06889], [120.55751, -7.0687], [120.55742, -7.06804], [120.55741, -7.06804]]], [[[120.59742, -7.06677], [120.59723, -7.0667], [120.59706, -7.06669], [120.59706, -7.06669], [120.59692, -7.06671], [120.59684, -7.06671], [120.59664, -7.06659], [120.59654, -7.06655], [120.59635, -7.06656], [120.59617, -7.0665], [120.59602, -7.06635], [120.59602, -7.06631], [120.596, -7.06622], [120.59599, -7.06615], [120.596, -7.06609], [120.59603, -7.06586], [120.59603, -7.06585], [120.59613, -7.06562], [120.59616, -7.06556], [120.5963, -7.06535], [120.59641, -7.06523], [120.5965, -7.06511], [120.59661, -7.06499], [120.59662, -7.06498], [120.59662, -7.06498], [120.59681, -7.065], [120.59695, -7.06502], [120.59696, -7.06502], [120.59703, -7.06506], [120.59711, -7.0651], [120.59713, -7.06513], [120.59722, -7.06531], [120.5973, -7.06554], [120.59733, -7.06563], [120.59736, -7.06567], [120.59739, -7.06571], [120.59742, -7.06584], [120.59742, -7.06584], [120.59757, -7.06597], [120.59758, -7.06602], [120.59761, -7.06615], [120.59765, -7.06633], [120.59766, -7.06641], [120.5977, -7.06654], [120.59771, -7.06656], [120.59782, -7.06656], [120.59782, -7.06656], [120.59786, -7.06656], [120.59784, -7.06654], [120.59779, -7.0665], [120.5978, -7.0664], [120.59784, -7.06638], [120.59787, -7.06637], [120.59794, -7.06636], [120.59797, -7.06636], [120.59798, -7.06636], [120.59802, -7.06638], [120.59807, -7.0664], [120.59807, -7.06645], [120.59807, -7.0665], [120.5981, -7.06653], [120.5981, -7.06653], [120.59814, -7.06653], [120.59821, -7.06654], [120.59835, -7.06661], [120.59839, -7.06663], [120.59837, -7.06671], [120.59838, -7.06672], [120.5985, -7.06685], [120.59852, -7.06686], [120.59822, -7.0668], [120.59806, -7.06677], [120.59805, -7.06676], [120.59801, -7.06676], [120.59787, -7.06674], [120.59777, -7.06677], [120.59768, -7.06679], [120.59757, -7.06679], [120.59746, -7.06677], [120.59742, -7.06677]]], [[[120.56725, -7.06433], [120.56733, -7.06428], [120.56745, -7.06432], [120.56764, -7.06438], [120.56775, -7.06447], [120.56783, -7.06452], [120.56783, -7.06452], [120.5679, -7.06455], [120.56794, -7.06463], [120.56796, -7.06469], [120.56798, -7.06478], [120.56797, -7.06489], [120.56793, -7.06499], [120.56789, -7.06508], [120.56786, -7.0651], [120.56776, -7.06514], [120.56767, -7.06515], [120.56762, -7.06512], [120.5676, -7.06511], [120.56759, -7.06511], [120.56758, -7.06509], [120.56752, -7.06511], [120.56745, -7.06511], [120.56744, -7.06508], [120.56744, -7.06503], [120.56746, -7.065], [120.56747, -7.06496], [120.56747, -7.06494], [120.56747, -7.06494], [120.56744, -7.0649], [120.56739, -7.06489], [120.56736, -7.06486], [120.56732, -7.06486], [120.56728, -7.06482], [120.56727, -7.06473], [120.56723, -7.06462], [120.56721, -7.06455], [120.56721, -7.06448], [120.56723, -7.06442], [120.56725, -7.06433]]], [[[120.55093, -7.06336], [120.55095, -7.06339], [120.55092, -7.06401], [120.55066, -7.06456], [120.55049, -7.06495], [120.55062, -7.06523], [120.55072, -7.06559], [120.55096, -7.06645], [120.55101, -7.06699], [120.55086, -7.06715], [120.55037, -7.0673], [120.55025, -7.06744], [120.5499, -7.06771], [120.54955, -7.06777], [120.54928, -7.06795], [120.54868, -7.06815], [120.54845, -7.0683], [120.54845, -7.0683], [120.54815, -7.0683], [120.54777, -7.06829], [120.54736, -7.06835], [120.54711, -7.06841], [120.54673, -7.06845], [120.54641, -7.06832], [120.54585, -7.06803], [120.54552, -7.06791], [120.54522, -7.06792], [120.54454, -7.06774], [120.54394, -7.0678], [120.54351, -7.06811], [120.54313, -7.06846], [120.54298, -7.06843], [120.54273, -7.06826], [120.54245, -7.06806], [120.54226, -7.06784], [120.54212, -7.0678], [120.54186, -7.06784], [120.54155, -7.06798], [120.5414, -7.06806], [120.54116, -7.06806], [120.54073, -7.06788], [120.5397, -7.06736], [120.53947, -7.06728], [120.53936, -7.0673], [120.5393, -7.06735], [120.53927, -7.06731], [120.53921, -7.06733], [120.5391, -7.06728], [120.53912, -7.0672], [120.53901, -7.06712], [120.53887, -7.06699], [120.53885, -7.06695], [120.53872, -7.06691], [120.53865, -7.06689], [120.53857, -7.06665], [120.53835, -7.0664], [120.53815, -7.06623], [120.53807, -7.06606], [120.53796, -7.06586], [120.53788, -7.06561], [120.53777, -7.06549], [120.53765, -7.06528], [120.5375, -7.06507], [120.53733, -7.06484], [120.53729, -7.06468], [120.53725, -7.06458], [120.53713, -7.06448], [120.53703, -7.06427], [120.53689, -7.0639], [120.53689, -7.06377], [120.53693, -7.06344], [120.53689, -7.06327], [120.53684, -7.0631], [120.53687, -7.06294], [120.5371, -7.06255], [120.53723, -7.06224], [120.53727, -7.06213], [120.53727, -7.06198], [120.53718, -7.0619], [120.5372, -7.06183], [120.53728, -7.06149], [120.53755, -7.06124], [120.53772, -7.06126], [120.53782, -7.06105], [120.53794, -7.0609], [120.53794, -7.06082], [120.53796, -7.06069], [120.53796, -7.06065], [120.53829, -7.06015], [120.53857, -7.05985], [120.53886, -7.05954], [120.5389, -7.05952], [120.53911, -7.05941], [120.53935, -7.05937], [120.53955, -7.05925], [120.53985, -7.05917], [120.54002, -7.05916], [120.54042, -7.05916], [120.54056, -7.05912], [120.54066, -7.05906], [120.54076, -7.059], [120.54094, -7.059], [120.54102, -7.059], [120.54121, -7.05886], [120.54135, -7.05867], [120.54141, -7.0584], [120.54161, -7.05811], [120.54218, -7.05771], [120.5424, -7.05758], [120.5424, -7.05758], [120.54299, -7.05745], [120.54406, -7.05727], [120.5447, -7.05715], [120.5453, -7.05707], [120.54582, -7.05694], [120.54638, -7.05685], [120.54676, -7.05676], [120.54696, -7.05682], [120.54779, -7.05681], [120.5479, -7.0567], [120.54793, -7.05667], [120.54812, -7.05659], [120.54837, -7.05641], [120.54868, -7.05619], [120.54879, -7.05612], [120.54883, -7.05613], [120.54907, -7.05606], [120.54934, -7.05599], [120.54986, -7.05611], [120.55016, -7.0563], [120.55036, -7.0563], [120.5506, -7.05632], [120.55093, -7.05638], [120.55112, -7.05633], [120.55146, -7.05634], [120.55193, -7.0563], [120.55199, -7.05627], [120.55223, -7.05629], [120.55238, -7.05641], [120.5526, -7.05687], [120.55255, -7.05713], [120.55229, -7.05738], [120.55192, -7.05749], [120.55156, -7.0575], [120.55119, -7.05756], [120.5509, -7.05799], [120.55056, -7.05835], [120.55034, -7.05899], [120.55028, -7.05927], [120.55029, -7.05999], [120.55036, -7.06002], [120.55038, -7.06129], [120.55036, -7.06131], [120.55041, -7.06168], [120.55046, -7.06188], [120.54998, -7.06195], [120.55047, -7.06188], [120.55049, -7.062], [120.55068, -7.06271], [120.55078, -7.06278], [120.55093, -7.06336]]], [[[120.60391, -7.05993], [120.60391, -7.05993], [120.60391, -7.05994], [120.60394, -7.05995], [120.60395, -7.05995], [120.60396, -7.06], [120.60393, -7.06005], [120.60394, -7.06007], [120.60393, -7.06009], [120.60393, -7.06014], [120.60393, -7.06014], [120.60381, -7.06028], [120.60366, -7.06043], [120.60347, -7.06053], [120.60347, -7.06055], [120.60347, -7.06059], [120.60346, -7.06065], [120.60347, -7.06068], [120.60347, -7.06069], [120.60345, -7.0607], [120.60345, -7.0607], [120.60343, -7.06071], [120.60343, -7.06072], [120.60343, -7.06077], [120.60343, -7.06079], [120.60343, -7.06084], [120.60344, -7.06085], [120.6035, -7.06092], [120.60343, -7.06098], [120.60334, -7.06107], [120.60332, -7.06109], [120.60332, -7.0611], [120.60329, -7.06116], [120.60327, -7.06121], [120.60328, -7.06122], [120.60331, -7.06124], [120.60332, -7.06126], [120.60333, -7.06127], [120.60334, -7.06129], [120.60332, -7.06133], [120.60332, -7.06133], [120.60331, -7.06135], [120.60331, -7.06136], [120.60326, -7.06142], [120.60326, -7.06142], [120.60331, -7.06147], [120.60331, -7.06147], [120.60332, -7.06154], [120.60333, -7.06161], [120.60333, -7.06162], [120.60334, -7.06167], [120.60335, -7.0618], [120.60337, -7.06186], [120.60338, -7.06186], [120.60337, -7.06197], [120.60337, -7.06197], [120.60332, -7.06207], [120.6033, -7.06211], [120.60331, -7.06214], [120.60335, -7.06225], [120.60336, -7.06227], [120.60341, -7.06232], [120.60342, -7.06235], [120.60341, -7.06243], [120.60344, -7.06246], [120.60345, -7.06247], [120.60346, -7.06256], [120.60347, -7.06261], [120.60347, -7.06265], [120.60347, -7.06266], [120.60346, -7.06267], [120.60343, -7.06273], [120.60346, -7.06284], [120.60347, -7.06286], [120.60346, -7.06291], [120.60346, -7.06293], [120.6034, -7.06304], [120.60342, -7.06316], [120.60344, -7.06323], [120.60347, -7.06336], [120.60347, -7.06337], [120.60347, -7.06338], [120.60352, -7.06345], [120.60354, -7.06348], [120.6036, -7.06353], [120.6036, -7.06358], [120.6036, -7.06361], [120.60367, -7.06371], [120.60378, -7.0639], [120.60382, -7.06402], [120.60378, -7.06409], [120.60378, -7.06409], [120.6037, -7.06415], [120.60368, -7.06415], [120.60359, -7.06417], [120.60349, -7.06424], [120.60342, -7.06426], [120.60341, -7.06435], [120.60341, -7.06436], [120.60341, -7.06437], [120.60335, -7.0644], [120.60332, -7.06441], [120.6033, -7.06442], [120.60326, -7.06443], [120.60323, -7.0644], [120.60322, -7.06438], [120.60319, -7.06434], [120.60319, -7.06428], [120.60315, -7.06423], [120.60315, -7.06423], [120.60314, -7.06422], [120.60308, -7.06418], [120.60307, -7.06417], [120.60305, -7.06417], [120.60302, -7.06417], [120.60302, -7.06417], [120.60301, -7.06418], [120.60295, -7.06427], [120.60288, -7.06432], [120.60282, -7.06429], [120.60282, -7.06429], [120.60277, -7.06433], [120.60273, -7.06434], [120.60272, -7.06434], [120.6027, -7.06431], [120.60269, -7.0643], [120.60269, -7.06428], [120.60267, -7.06428], [120.60264, -7.06429], [120.6026, -7.06427], [120.6026, -7.06426], [120.6026, -7.06424], [120.60259, -7.06422], [120.60255, -7.06422], [120.6025, -7.06425], [120.60246, -7.06428], [120.60246, -7.06432], [120.60246, -7.06433], [120.60244, -7.0644], [120.60241, -7.06442], [120.60238, -7.0644], [120.60238, -7.0644], [120.60238, -7.0644], [120.60237, -7.06442], [120.60236, -7.06443], [120.60236, -7.06447], [120.60236, -7.0645], [120.60236, -7.06455], [120.6023, -7.06459], [120.60227, -7.06461], [120.60227, -7.06462], [120.60224, -7.06467], [120.60219, -7.06469], [120.60213, -7.06471], [120.60211, -7.06476], [120.60208, -7.06479], [120.60202, -7.06483], [120.602, -7.06489], [120.60197, -7.06495], [120.60192, -7.06497], [120.60182, -7.06501], [120.60177, -7.06498], [120.60172, -7.06493], [120.60163, -7.06492], [120.60161, -7.06492], [120.60156, -7.06492], [120.60151, -7.06486], [120.60151, -7.06482], [120.60152, -7.06471], [120.60151, -7.06468], [120.6015, -7.06466], [120.60148, -7.06461], [120.60145, -7.06454], [120.60138, -7.06443], [120.60135, -7.06432], [120.60132, -7.06426], [120.60129, -7.06416], [120.60129, -7.06414], [120.60125, -7.06399], [120.60125, -7.06398], [120.60125, -7.0639], [120.60125, -7.06387], [120.60125, -7.06384], [120.60128, -7.06378], [120.6013, -7.06371], [120.60132, -7.06354], [120.60132, -7.06352], [120.60133, -7.06344], [120.60135, -7.0634], [120.60138, -7.06335], [120.6014, -7.06333], [120.60157, -7.06293], [120.60172, -7.06253], [120.60177, -7.06237], [120.60178, -7.06235], [120.60176, -7.06215], [120.60173, -7.06206], [120.60167, -7.062], [120.60165, -7.06192], [120.60163, -7.06185], [120.60161, -7.06183], [120.6016, -7.06182], [120.6016, -7.0618], [120.60162, -7.06171], [120.60163, -7.06169], [120.60163, -7.06159], [120.60163, -7.06156], [120.60162, -7.06149], [120.60159, -7.06142], [120.60151, -7.06132], [120.60148, -7.06131], [120.60147, -7.0613], [120.60147, -7.0613], [120.60145, -7.06127], [120.60145, -7.06127], [120.60144, -7.06122], [120.60144, -7.06121], [120.60146, -7.06116], [120.60143, -7.0611], [120.60141, -7.06105], [120.60136, -7.06093], [120.60135, -7.06091], [120.60137, -7.06059], [120.60122, -7.06033], [120.60121, -7.0603], [120.60116, -7.06009], [120.60115, -7.06007], [120.60115, -7.06007], [120.60109, -7.05993], [120.60109, -7.05992], [120.60105, -7.05988], [120.60104, -7.05979], [120.60098, -7.05975], [120.60098, -7.05975], [120.60097, -7.05974], [120.60094, -7.05967], [120.60085, -7.05949], [120.60085, -7.05948], [120.60082, -7.05941], [120.60082, -7.05941], [120.6008, -7.05934], [120.60076, -7.05926], [120.6007, -7.05919], [120.60069, -7.05917], [120.60064, -7.05913], [120.60068, -7.05893], [120.6007, -7.05883], [120.6007, -7.05879], [120.6007, -7.05876], [120.60066, -7.05864], [120.60068, -7.05862], [120.60071, -7.05859], [120.60075, -7.05856], [120.60082, -7.05853], [120.60086, -7.05852], [120.60089, -7.0585], [120.6015, -7.05821], [120.60176, -7.058], [120.60191, -7.05775], [120.602, -7.05768], [120.60203, -7.05767], [120.60208, -7.05765], [120.60218, -7.0576], [120.60233, -7.05749], [120.60248, -7.05737], [120.60265, -7.05725], [120.60279, -7.05719], [120.60291, -7.05712], [120.60297, -7.05709], [120.603, -7.05707], [120.60315, -7.05712], [120.60318, -7.05716], [120.60321, -7.05721], [120.60321, -7.0573], [120.60325, -7.05732], [120.60325, -7.05732], [120.60325, -7.05733], [120.60325, -7.05733], [120.60325, -7.05741], [120.60325, -7.05742], [120.60326, -7.05744], [120.60328, -7.05752], [120.60329, -7.05755], [120.60329, -7.05757], [120.60329, -7.0577], [120.6033, -7.05784], [120.60328, -7.0579], [120.60327, -7.05792], [120.60326, -7.05805], [120.60326, -7.05811], [120.60329, -7.05818], [120.60331, -7.05819], [120.60336, -7.05821], [120.60342, -7.05823], [120.60342, -7.05824], [120.60344, -7.05828], [120.60344, -7.05829], [120.60346, -7.05835], [120.60352, -7.05836], [120.60358, -7.05836], [120.60358, -7.05843], [120.60358, -7.0585], [120.60361, -7.05854], [120.60367, -7.05852], [120.60369, -7.05845], [120.60371, -7.05841], [120.60378, -7.05844], [120.60379, -7.05848], [120.60378, -7.05854], [120.60382, -7.05866], [120.60381, -7.05873], [120.60376, -7.05877], [120.60374, -7.0588], [120.60379, -7.05887], [120.60376, -7.05896], [120.60374, -7.05902], [120.60368, -7.05907], [120.6036, -7.05912], [120.60359, -7.05912], [120.60363, -7.05919], [120.60363, -7.05924], [120.60363, -7.0593], [120.60363, -7.05933], [120.60362, -7.05935], [120.60364, -7.0594], [120.60367, -7.05947], [120.60366, -7.05953], [120.6037, -7.05962], [120.60371, -7.05963], [120.60379, -7.05972], [120.60379, -7.05973], [120.60383, -7.05977], [120.60383, -7.05979], [120.60386, -7.05985], [120.60387, -7.05991], [120.60387, -7.05991], [120.60391, -7.05993], [120.60391, -7.05993]]], [[[120.53857, -7.0578], [120.53849, -7.05786], [120.53854, -7.05791], [120.53846, -7.05804], [120.53844, -7.05815], [120.53831, -7.05831], [120.53827, -7.05832], [120.53811, -7.05834], [120.53803, -7.05823], [120.53799, -7.05804], [120.53803, -7.05799], [120.5381, -7.05796], [120.53809, -7.05787], [120.53804, -7.05767], [120.53803, -7.05745], [120.5381, -7.05724], [120.53826, -7.0571], [120.53841, -7.05704], [120.53856, -7.05706], [120.53873, -7.05697], [120.53885, -7.05705], [120.53887, -7.05711], [120.53889, -7.05712], [120.53887, -7.05715], [120.53881, -7.05731], [120.53883, -7.05741], [120.53875, -7.05745], [120.53868, -7.05756], [120.53865, -7.05758], [120.53871, -7.05763], [120.53864, -7.05767], [120.53859, -7.05773], [120.53857, -7.0578]]], [[[120.53834, -7.05625], [120.53836, -7.05608], [120.53833, -7.05597], [120.53829, -7.05587], [120.53816, -7.05578], [120.5382, -7.05561], [120.53835, -7.05547], [120.53844, -7.05534], [120.5385, -7.05525], [120.53854, -7.05515], [120.53848, -7.05512], [120.53848, -7.05499], [120.53846, -7.05486], [120.5385, -7.05479], [120.5385, -7.05469], [120.5384, -7.05459], [120.53855, -7.05438], [120.53881, -7.05432], [120.53889, -7.05437], [120.5389, -7.05437], [120.53894, -7.05441], [120.5391, -7.05454], [120.5393, -7.0546], [120.53954, -7.05456], [120.53973, -7.05451], [120.53995, -7.05442], [120.54003, -7.05442], [120.54006, -7.05442], [120.54002, -7.05453], [120.54, -7.05457], [120.53992, -7.05475], [120.53986, -7.05493], [120.53969, -7.05496], [120.53947, -7.05499], [120.53925, -7.05508], [120.53924, -7.05525], [120.53923, -7.0554], [120.53912, -7.05559], [120.53907, -7.05568], [120.53888, -7.05599], [120.53874, -7.05618], [120.53872, -7.05618], [120.53866, -7.05627], [120.53855, -7.05632], [120.53846, -7.05635], [120.53836, -7.05633], [120.53834, -7.05625]]], [[[120.54632, -7.0554], [120.54624, -7.05538], [120.54616, -7.05535], [120.54609, -7.05531], [120.546, -7.05528], [120.54593, -7.05521], [120.54584, -7.05514], [120.54575, -7.05507], [120.54569, -7.05498], [120.54571, -7.05487], [120.54575, -7.05483], [120.54582, -7.05481], [120.54595, -7.0548], [120.54603, -7.05483], [120.54608, -7.05484], [120.54617, -7.05488], [120.54623, -7.0549], [120.54632, -7.05492], [120.54641, -7.05496], [120.54647, -7.05499], [120.54656, -7.05514], [120.54657, -7.0552], [120.54655, -7.05531], [120.5465, -7.05539], [120.54642, -7.05542], [120.54632, -7.0554]]], [[[120.54527, -7.05511], [120.54522, -7.05512], [120.54519, -7.05508], [120.54515, -7.05501], [120.54516, -7.05495], [120.54518, -7.05489], [120.54523, -7.05485], [120.54527, -7.05484], [120.54532, -7.05487], [120.54535, -7.05493], [120.54534, -7.05498], [120.54533, -7.05503], [120.5453, -7.05508], [120.54527, -7.05511]]], [[[120.60307, -7.04239], [120.6028, -7.04244], [120.60263, -7.04251], [120.6025, -7.04258], [120.60237, -7.0427], [120.60226, -7.04281], [120.60206, -7.04293], [120.60185, -7.04294], [120.6017, -7.04289], [120.60155, -7.0427], [120.60159, -7.04248], [120.60169, -7.04237], [120.60183, -7.04229], [120.60188, -7.04211], [120.60205, -7.04178], [120.60216, -7.04165], [120.60231, -7.04139], [120.60242, -7.04122], [120.6027, -7.0409], [120.60284, -7.0408], [120.60298, -7.04068], [120.60309, -7.04052], [120.60317, -7.04046], [120.60351, -7.04038], [120.60368, -7.04034], [120.60395, -7.04033], [120.60419, -7.04037], [120.60439, -7.04042], [120.60454, -7.04054], [120.60472, -7.04067], [120.60497, -7.0408], [120.6052, -7.04089], [120.60537, -7.04101], [120.6056, -7.04111], [120.60581, -7.04122], [120.60604, -7.0413], [120.60625, -7.04145], [120.60646, -7.0415], [120.60678, -7.0416], [120.6069, -7.04173], [120.6069, -7.04188], [120.60674, -7.04203], [120.60655, -7.0421], [120.60642, -7.04212], [120.60613, -7.04209], [120.60603, -7.04203], [120.60596, -7.04192], [120.60579, -7.0418], [120.60556, -7.04175], [120.60539, -7.04172], [120.60516, -7.04176], [120.60493, -7.04182], [120.60474, -7.04184], [120.60463, -7.04194], [120.60458, -7.04201], [120.60442, -7.04211], [120.60416, -7.04219], [120.6039, -7.04229], [120.60369, -7.04233], [120.6035, -7.04234], [120.60329, -7.04237], [120.60307, -7.04239]]], [[[120.61928, -7.04192], [120.61891, -7.04213], [120.61846, -7.04222], [120.618, -7.04204], [120.61767, -7.04177], [120.61753, -7.04157], [120.61743, -7.04129], [120.61718, -7.04099], [120.61697, -7.04066], [120.61692, -7.04032], [120.61684, -7.04005], [120.61671, -7.0398], [120.6167, -7.03964], [120.61681, -7.03952], [120.61712, -7.03939], [120.61737, -7.03942], [120.61769, -7.03949], [120.61799, -7.03959], [120.61831, -7.03993], [120.61868, -7.04007], [120.61909, -7.0405], [120.61932, -7.04082], [120.61955, -7.04117], [120.61958, -7.0416], [120.61928, -7.04192]]], [[[120.61138, -7.04092], [120.61128, -7.04078], [120.61113, -7.04058], [120.61104, -7.04037], [120.611, -7.04011], [120.61099, -7.03981], [120.61103, -7.03957], [120.61109, -7.03939], [120.61121, -7.0393], [120.61133, -7.03929], [120.61141, -7.03924], [120.61145, -7.03912], [120.61148, -7.03905], [120.61167, -7.03909], [120.61184, -7.03916], [120.61198, -7.0393], [120.61208, -7.03953], [120.61222, -7.03976], [120.61229, -7.0399], [120.61246, -7.04], [120.61268, -7.04005], [120.61282, -7.04005], [120.61302, -7.04006], [120.61319, -7.04005], [120.61334, -7.04007], [120.61362, -7.04016], [120.61372, -7.04029], [120.61369, -7.04044], [120.6136, -7.04053], [120.61349, -7.04061], [120.61344, -7.0407], [120.61345, -7.04083], [120.61348, -7.041], [120.61347, -7.04117], [120.61343, -7.04129], [120.61335, -7.04142], [120.61317, -7.04159], [120.61297, -7.04168], [120.61276, -7.04168], [120.61256, -7.04165], [120.61235, -7.04154], [120.61212, -7.04143], [120.61182, -7.04131], [120.61166, -7.04115], [120.61138, -7.04092]]], [[[120.52041, -6.99361], [120.51964, -6.99263], [120.51863, -6.99116], [120.51825, -6.99036], [120.51805, -6.99004], [120.51777, -6.98954], [120.51757, -6.98909], [120.51744, -6.98857], [120.51742, -6.98836], [120.51746, -6.98833], [120.51752, -6.98829], [120.51777, -6.98843], [120.51829, -6.98872], [120.51847, -6.98883], [120.51936, -6.98898], [120.52038, -6.98898], [120.52065, -6.9888], [120.52074, -6.98855], [120.52076, -6.98841], [120.52077, -6.98842], [120.52077, -6.98835], [120.52077, -6.98809], [120.5209, -6.98802], [120.52093, -6.98803], [120.52113, -6.98809], [120.52131, -6.98812], [120.52133, -6.98813], [120.52157, -6.9882], [120.5216, -6.98821], [120.52188, -6.9883], [120.52208, -6.98829], [120.52209, -6.98826], [120.52211, -6.98814], [120.52234, -6.98823], [120.5224, -6.98848], [120.52241, -6.98853], [120.5225, -6.9887], [120.52259, -6.98887], [120.52251, -6.98896], [120.52251, -6.98904], [120.52251, -6.98904], [120.52229, -6.98942], [120.52229, -6.98968], [120.52242, -6.98987], [120.52253, -6.99001], [120.52309, -6.99072], [120.5232, -6.99085], [120.52355, -6.99119], [120.52468, -6.99228], [120.52511, -6.99289], [120.52514, -6.99292], [120.52516, -6.99295], [120.52523, -6.99314], [120.5257, -6.99439], [120.52592, -6.99476], [120.52648, -6.9957], [120.52724, -6.99691], [120.52731, -6.99702], [120.52823, -6.99851], [120.52888, -6.99959], [120.52897, -7.00012], [120.52911, -7.00095], [120.52916, -7.00209], [120.5291, -7.0024], [120.52859, -7.00261], [120.5285, -7.00255], [120.5281, -7.0026], [120.5279, -7.00266], [120.52762, -7.00262], [120.52756, -7.00258], [120.52739, -7.0025], [120.52722, -7.00235], [120.52714, -7.00228], [120.52679, -7.00198], [120.52626, -7.00132], [120.52561, -7.00047], [120.525, -6.99951], [120.52446, -6.99871], [120.52399, -6.99788], [120.52329, -6.99696], [120.52246, -6.99592], [120.52243, -6.99588], [120.52215, -6.99555], [120.52187, -6.99521], [120.52111, -6.9944], [120.52071, -6.99399], [120.52041, -6.99361]]], [[[120.44973, -6.94967], [120.44974, -6.94948], [120.44981, -6.94935], [120.4499, -6.94933], [120.45027, -6.94943], [120.45063, -6.94975], [120.45073, -6.94995], [120.45077, -6.95008], [120.45079, -6.95022], [120.45083, -6.95033], [120.45097, -6.95046], [120.4511, -6.95052], [120.45117, -6.95063], [120.45123, -6.95082], [120.45124, -6.95112], [120.45127, -6.95125], [120.45149, -6.95178], [120.45183, -6.95218], [120.45202, -6.95242], [120.45228, -6.95286], [120.45239, -6.95304], [120.45253, -6.95333], [120.45272, -6.95357], [120.45281, -6.95379], [120.45286, -6.95405], [120.45296, -6.95427], [120.45313, -6.95452], [120.45357, -6.95481], [120.45381, -6.95495], [120.45388, -6.95511], [120.45391, -6.95531], [120.45396, -6.95549], [120.45408, -6.95562], [120.45426, -6.95577], [120.4544, -6.95586], [120.45455, -6.95602], [120.45471, -6.95619], [120.45476, -6.95635], [120.45478, -6.95655], [120.45483, -6.9569], [120.45504, -6.95712], [120.45521, -6.95728], [120.45533, -6.95745], [120.45543, -6.95757], [120.45555, -6.95778], [120.4556, -6.95791], [120.45563, -6.95807], [120.45559, -6.9583], [120.4555, -6.9584], [120.45541, -6.95848], [120.45523, -6.95864], [120.455, -6.95882], [120.45481, -6.95913], [120.45468, -6.95933], [120.45456, -6.95949], [120.4544, -6.95966], [120.45438, -6.95986], [120.45462, -6.96033], [120.45492, -6.96066], [120.45513, -6.96087], [120.45529, -6.96109], [120.45546, -6.96134], [120.45556, -6.96157], [120.45558, -6.96173], [120.45541, -6.96188], [120.45534, -6.96202], [120.45535, -6.96228], [120.45531, -6.96252], [120.45516, -6.96272], [120.45502, -6.96286], [120.45488, -6.96293], [120.45461, -6.96306], [120.4544, -6.96325], [120.45435, -6.9634], [120.4542, -6.96367], [120.45401, -6.96387], [120.45376, -6.96405], [120.45352, -6.96428], [120.453, -6.9648], [120.45289, -6.96483], [120.4527, -6.96486], [120.45253, -6.96502], [120.45241, -6.96522], [120.45219, -6.96542], [120.45193, -6.9655], [120.45164, -6.96561], [120.45149, -6.96559], [120.45135, -6.96547], [120.45119, -6.96542], [120.45101, -6.96537], [120.45079, -6.96543], [120.45072, -6.96562], [120.45075, -6.96575], [120.45076, -6.96591], [120.45064, -6.96611], [120.45046, -6.96627], [120.45028, -6.96636], [120.44998, -6.96644], [120.44972, -6.96642], [120.44936, -6.96653], [120.4491, -6.96668], [120.44875, -6.9669], [120.4484, -6.96708], [120.44808, -6.96721], [120.44786, -6.96736], [120.44738, -6.96763], [120.44707, -6.96773], [120.44673, -6.96784], [120.4452, -6.96825], [120.44496, -6.96841], [120.44475, -6.96845], [120.44426, -6.96859], [120.44328, -6.96879], [120.44297, -6.96889], [120.44268, -6.96897], [120.44238, -6.96911], [120.44212, -6.96926], [120.44173, -6.96937], [120.44111, -6.96939], [120.44065, -6.96943], [120.44044, -6.96954], [120.44036, -6.96963], [120.44016, -6.96972], [120.43983, -6.96983], [120.43955, -6.96985], [120.43923, -6.96992], [120.43892, -6.96998], [120.4387, -6.97007], [120.43844, -6.97018], [120.43826, -6.97032], [120.43801, -6.97045], [120.43789, -6.97059], [120.43776, -6.97071], [120.4376, -6.9708], [120.43722, -6.97077], [120.43716, -6.97064], [120.43719, -6.97046], [120.43734, -6.97022], [120.43741, -6.97004], [120.43748, -6.96978], [120.43757, -6.96958], [120.43766, -6.96918], [120.43768, -6.96893], [120.43783, -6.96875], [120.43799, -6.96862], [120.43809, -6.96848], [120.4381, -6.9684], [120.43766, -6.96847], [120.43744, -6.96855], [120.43721, -6.96864], [120.43675, -6.96881], [120.43644, -6.96896], [120.43602, -6.96912], [120.4357, -6.96929], [120.43547, -6.9695], [120.43518, -6.96964], [120.43493, -6.96963], [120.43481, -6.96936], [120.4347, -6.96882], [120.43478, -6.96869], [120.43489, -6.96863], [120.43507, -6.96848], [120.43513, -6.96825], [120.43505, -6.96762], [120.43458, -6.96768], [120.43424, -6.96773], [120.43401, -6.96759], [120.43383, -6.96735], [120.43368, -6.96712], [120.43364, -6.96681], [120.4337, -6.9663], [120.434, -6.96586], [120.43415, -6.96583], [120.43426, -6.96572], [120.43433, -6.96559], [120.43426, -6.96542], [120.43413, -6.96525], [120.43384, -6.96503], [120.43378, -6.96485], [120.43386, -6.96467], [120.43406, -6.96445], [120.43418, -6.96426], [120.43434, -6.96414], [120.43452, -6.96413], [120.43463, -6.9642], [120.43474, -6.96416], [120.43486, -6.96403], [120.43497, -6.96388], [120.43491, -6.96376], [120.43467, -6.96357], [120.43466, -6.96341], [120.43467, -6.96324], [120.43504, -6.96265], [120.43513, -6.96237], [120.43531, -6.96211], [120.43548, -6.96188], [120.43562, -6.96167], [120.43576, -6.96146], [120.4359, -6.96121], [120.43612, -6.96095], [120.43635, -6.96026], [120.43648, -6.95998], [120.43663, -6.95968], [120.43671, -6.95943], [120.4368, -6.9592], [120.43701, -6.95908], [120.4371, -6.95924], [120.4372, -6.95943], [120.43733, -6.95941], [120.4374, -6.95918], [120.43746, -6.95912], [120.43754, -6.95904], [120.4376, -6.9589], [120.43761, -6.95869], [120.43753, -6.95858], [120.43724, -6.95844], [120.43704, -6.95821], [120.43689, -6.95807], [120.43695, -6.9579], [120.43711, -6.95775], [120.43722, -6.9576], [120.43732, -6.95737], [120.43732, -6.95725], [120.43724, -6.95707], [120.43724, -6.95688], [120.43732, -6.95675], [120.43742, -6.95664], [120.43747, -6.95646], [120.43752, -6.95618], [120.43766, -6.95596], [120.43774, -6.95569], [120.43787, -6.95548], [120.43813, -6.95529], [120.43835, -6.95512], [120.4385, -6.95499], [120.43866, -6.95485], [120.43876, -6.95468], [120.43882, -6.95447], [120.43882, -6.95406], [120.43895, -6.95401], [120.43903, -6.95397], [120.43918, -6.95382], [120.4393, -6.95361], [120.43938, -6.95334], [120.43938, -6.95308], [120.43923, -6.95295], [120.43912, -6.95285], [120.439, -6.95271], [120.43897, -6.95244], [120.43901, -6.95225], [120.43908, -6.9517], [120.43917, -6.95151], [120.43934, -6.95138], [120.43948, -6.95128], [120.43965, -6.95121], [120.43981, -6.95118], [120.43991, -6.95109], [120.43996, -6.95091], [120.44, -6.95072], [120.44011, -6.95067], [120.44019, -6.95064], [120.44049, -6.95029], [120.44055, -6.95015], [120.44064, -6.94997], [120.44076, -6.94983], [120.44087, -6.94978], [120.44102, -6.94968], [120.44117, -6.94954], [120.44131, -6.94941], [120.44188, -6.94924], [120.44205, -6.94922], [120.44218, -6.94926], [120.44235, -6.94937], [120.44266, -6.94937], [120.4428, -6.94935], [120.443, -6.94933], [120.44317, -6.94931], [120.44337, -6.94931], [120.44358, -6.94928], [120.44372, -6.94922], [120.44381, -6.94914], [120.44396, -6.94906], [120.44405, -6.94904], [120.44424, -6.94908], [120.44435, -6.94922], [120.44451, -6.94933], [120.44465, -6.94946], [120.44481, -6.94959], [120.44493, -6.94966], [120.44514, -6.94968], [120.44559, -6.94968], [120.4458, -6.94969], [120.44603, -6.94978], [120.44635, -6.94971], [120.44641, -6.94966], [120.44654, -6.94938], [120.44673, -6.94925], [120.44704, -6.94923], [120.44762, -6.94923], [120.44791, -6.94923], [120.44811, -6.94924], [120.44839, -6.94926], [120.44854, -6.94926], [120.44866, -6.94931], [120.44876, -6.94943], [120.4489, -6.9496], [120.44905, -6.94974], [120.44923, -6.94988], [120.44943, -6.94992], [120.44964, -6.9499], [120.44969, -6.94985], [120.44973, -6.94967]]]]}}, {"type": "Feature", "properties": {"id": "022", "nmkec": "Pasimassunggu Timur", "kdkec": "022"}, "geometry": {"type": "MultiPolygon", "coordinates": [[[[120.74322, -7.12934], [120.74237, -7.12975], [120.74217, -7.13104], [120.7399, -7.13216], [120.73836, -7.13272], [120.73789, -7.13329], [120.7364, -7.13302], [120.73516, -7.13301], [120.73465, -7.13346], [120.73464, -7.1341], [120.7342, -7.13428], [120.73388, -7.13441], [120.73373, -7.13376], [120.73281, -7.13252], [120.73132, -7.13064], [120.72949, -7.12916], [120.72825, -7.12883], [120.72716, -7.129], [120.72661, -7.12934], [120.72516, -7.12902], [120.72417, -7.12903], [120.72285, -7.12916], [120.72165, -7.12879], [120.72072, -7.12875], [120.71941, -7.12882], [120.71856, -7.12908], [120.72255, -7.11099], [120.72066, -7.0991], [120.71066, -7.09697], [120.70177, -7.09259], [120.68705, -7.08614], [120.68251, -7.08081], [120.67666, -7.07649], [120.67281, -7.06971], [120.69132, -7.05107], [120.69472, -7.05256], [120.69971, -7.05409], [120.70222, -7.05528], [120.70347, -7.0553], [120.70551, -7.05529], [120.71413, -7.05882], [120.7193, -7.06171], [120.72444, -7.06621], [120.73035, -7.07094], [120.73248, -7.07196], [120.73372, -7.0729], [120.73455, -7.07355], [120.73547, -7.074], [120.73642, -7.07469], [120.73775, -7.07524], [120.73853, -7.07554], [120.73942, -7.07594], [120.73943, -7.07594], [120.74071, -7.07611], [120.74167, -7.07642], [120.74218, -7.07674], [120.74299, -7.07694], [120.74363, -7.07712], [120.74441, -7.07711], [120.74496, -7.07723], [120.74577, -7.07711], [120.74576, -7.07786], [120.74786, -7.07884], [120.74884, -7.07917], [120.74999, -7.07948], [120.75094, -7.07942], [120.75192, -7.07947], [120.75244, -7.07952], [120.75271, -7.07966], [120.75349, -7.0791], [120.75446, -7.07963], [120.75586, -7.07952], [120.75623, -7.07955], [120.75696, -7.07956], [120.75802, -7.07946], [120.75881, -7.0793], [120.76012, -7.07906], [120.76097, -7.07877], [120.76165, -7.07844], [120.76243, -7.07829], [120.76322, -7.0781], [120.76633, -7.07694], [120.76919, -7.07535], [120.77094, -7.07395], [120.77226, -7.07284], [120.77292, -7.07226], [120.774, -7.07142], [120.77518, -7.07041], [120.77604, -7.06956], [120.77639, -7.06953], [120.77703, -7.06901], [120.77746, -7.06866], [120.77775, -7.06836], [120.77801, -7.06767], [120.77723, -7.06824], [120.7768, -7.06809], [120.77644, -7.0682], [120.77621, -7.06818], [120.77611, -7.06747], [120.77673, -7.06572], [120.77901, -7.06307], [120.78261, -7.05973], [120.78369, -7.05912], [120.78551, -7.05948], [120.78681, -7.06129], [120.78699, -7.06402], [120.78646, -7.06612], [120.78618, -7.06724], [120.78599, -7.06813], [120.78577, -7.06895], [120.78532, -7.07072], [120.785, -7.07177], [120.7846, -7.07303], [120.78421, -7.07419], [120.7839, -7.07526], [120.78372, -7.07659], [120.78356, -7.07886], [120.78345, -7.07987], [120.78322, -7.08158], [120.78296, -7.08324], [120.78275, -7.08625], [120.78263, -7.08873], [120.7827, -7.08975], [120.78293, -7.09148], [120.78301, -7.09232], [120.78314, -7.09332], [120.78315, -7.09395], [120.78325, -7.09499], [120.78321, -7.09574], [120.78309, -7.09692], [120.78292, -7.09767], [120.78268, -7.09859], [120.78252, -7.09899], [120.78218, -7.0997], [120.78183, -7.10071], [120.78157, -7.10087], [120.78144, -7.10113], [120.78095, -7.10133], [120.78051, -7.10154], [120.78033, -7.10166], [120.78007, -7.10177], [120.77954, -7.10191], [120.7791, -7.10227], [120.77833, -7.10284], [120.77817, -7.1029], [120.77762, -7.10387], [120.77718, -7.10435], [120.77677, -7.10619], [120.77613, -7.10895], [120.77578, -7.11035], [120.77539, -7.11168], [120.77525, -7.11269], [120.7748, -7.11421], [120.77426, -7.11602], [120.77387, -7.11724], [120.77367, -7.11758], [120.77374, -7.1178], [120.77351, -7.11788], [120.77331, -7.11811], [120.77293, -7.11814], [120.77261, -7.11811], [120.77277, -7.11841], [120.77297, -7.11862], [120.77266, -7.11877], [120.77239, -7.11936], [120.772, -7.12107], [120.77176, -7.1223], [120.77157, -7.12307], [120.77125, -7.12328], [120.77097, -7.1235], [120.77065, -7.12406], [120.7704, -7.12473], [120.77009, -7.12731], [120.76973, -7.12811], [120.76955, -7.12851], [120.7693, -7.12989], [120.76914, -7.1311], [120.76854, -7.13227], [120.76821, -7.13334], [120.7679, -7.13417], [120.76783, -7.1346], [120.76772, -7.13474], [120.76755, -7.13489], [120.76728, -7.13513], [120.76708, -7.13534], [120.76701, -7.13557], [120.7666, -7.13551], [120.76639, -7.13511], [120.76614, -7.13511], [120.76598, -7.13501], [120.76569, -7.1347], [120.76539, -7.13424], [120.76502, -7.13427], [120.76467, -7.13409], [120.76459, -7.13379], [120.76434, -7.13341], [120.7641, -7.13318], [120.7639, -7.13298], [120.7638, -7.13273], [120.76364, -7.13255], [120.76352, -7.13228], [120.76357, -7.13202], [120.76353, -7.13162], [120.76346, -7.13151], [120.76345, -7.13118], [120.76334, -7.13143], [120.76323, -7.13177], [120.76308, -7.13185], [120.76303, -7.13196], [120.76292, -7.13201], [120.7626, -7.13207], [120.76237, -7.13212], [120.7622, -7.13216], [120.76195, -7.13215], [120.7618, -7.13214], [120.76167, -7.13208], [120.76172, -7.13217], [120.76182, -7.13221], [120.76187, -7.13245], [120.76169, -7.13257], [120.76151, -7.13241], [120.76125, -7.13237], [120.76136, -7.13215], [120.76132, -7.13196], [120.76083, -7.13213], [120.76027, -7.13186], [120.76013, -7.13185], [120.75991, -7.13167], [120.75967, -7.13143], [120.75971, -7.13169], [120.75976, -7.13199], [120.75963, -7.13228], [120.75952, -7.13252], [120.75939, -7.13273], [120.7595, -7.13291], [120.75954, -7.13317], [120.75958, -7.13343], [120.75954, -7.13374], [120.7596, -7.13395], [120.75971, -7.13383], [120.75977, -7.13407], [120.75965, -7.13415], [120.75955, -7.1342], [120.7597, -7.13434], [120.75981, -7.13428], [120.7598, -7.13448], [120.75962, -7.13452], [120.75952, -7.13442], [120.75945, -7.13456], [120.75927, -7.1347], [120.75934, -7.13487], [120.75921, -7.13483], [120.7591, -7.13485], [120.75893, -7.135], [120.75892, -7.13517], [120.75869, -7.13523], [120.75852, -7.13543], [120.75822, -7.13555], [120.75793, -7.13553], [120.75778, -7.13542], [120.75769, -7.13553], [120.75741, -7.13573], [120.75718, -7.1357], [120.75702, -7.13577], [120.75667, -7.13582], [120.75659, -7.13563], [120.75666, -7.13553], [120.7565, -7.13553], [120.75641, -7.1357], [120.75622, -7.13562], [120.75609, -7.13539], [120.75594, -7.13514], [120.75577, -7.13518], [120.75555, -7.13503], [120.75537, -7.1348], [120.7553, -7.13492], [120.75518, -7.13485], [120.7551, -7.13484], [120.75499, -7.1347], [120.75482, -7.13468], [120.75475, -7.13458], [120.75471, -7.13452], [120.75469, -7.13439], [120.75463, -7.13438], [120.75453, -7.13452], [120.75446, -7.13435], [120.75437, -7.13425], [120.75423, -7.13418], [120.75423, -7.13402], [120.7541, -7.13396], [120.75386, -7.13405], [120.75369, -7.13388], [120.75376, -7.13367], [120.75375, -7.13334], [120.75402, -7.13318], [120.75425, -7.13288], [120.75448, -7.13285], [120.75424, -7.13269], [120.7542, -7.13244], [120.75405, -7.13221], [120.75398, -7.13196], [120.75412, -7.13184], [120.75402, -7.13183], [120.75398, -7.13169], [120.75394, -7.13156], [120.75388, -7.13141], [120.75404, -7.13131], [120.75425, -7.1312], [120.75446, -7.13122], [120.75457, -7.13113], [120.75465, -7.131], [120.75489, -7.13091], [120.75509, -7.13082], [120.75527, -7.13069], [120.75583, -7.1305], [120.75645, -7.13042], [120.75725, -7.13087], [120.75795, -7.13103], [120.75864, -7.13095], [120.75833, -7.13073], [120.75792, -7.13054], [120.75742, -7.13038], [120.75674, -7.13025], [120.75609, -7.13014], [120.75572, -7.13007], [120.75507, -7.13021], [120.7545, -7.13027], [120.75412, -7.13042], [120.7538, -7.13038], [120.75323, -7.13039], [120.75296, -7.13018], [120.75271, -7.13005], [120.75235, -7.12992], [120.75201, -7.12994], [120.75182, -7.12988], [120.75151, -7.12982], [120.75159, -7.1297], [120.75109, -7.12968], [120.75091, -7.1297], [120.75061, -7.12959], [120.75002, -7.12955], [120.74954, -7.12956], [120.74932, -7.12939], [120.74901, -7.12944], [120.74857, -7.12934], [120.7485, -7.12974], [120.74791, -7.13036], [120.74763, -7.13052], [120.74742, -7.13077], [120.74721, -7.1307], [120.74683, -7.13033], [120.74649, -7.13018], [120.74668, -7.1299], [120.74605, -7.12959], [120.74502, -7.12868], [120.74357, -7.12928], [120.74322, -7.12934]]], [[[120.75317, -7.02161], [120.75318, -7.02139], [120.75338, -7.02131], [120.75348, -7.02131], [120.75355, -7.02147], [120.75345, -7.02169], [120.75333, -7.02187], [120.75317, -7.02184], [120.75317, -7.02161]]], [[[120.75347, -7.01874], [120.75342, -7.0189], [120.75329, -7.01905], [120.75322, -7.0192], [120.75319, -7.01931], [120.75334, -7.01953], [120.75321, -7.01964], [120.75311, -7.01976], [120.75304, -7.01983], [120.75298, -7.01994], [120.75283, -7.01994], [120.75266, -7.01981], [120.75245, -7.01963], [120.75229, -7.01944], [120.7523, -7.0193], [120.75231, -7.0191], [120.75248, -7.01892], [120.75256, -7.01869], [120.75279, -7.01846], [120.75299, -7.01816], [120.75315, -7.01801], [120.75335, -7.01796], [120.75351, -7.01799], [120.75361, -7.01809], [120.75348, -7.01831], [120.75342, -7.01841], [120.75348, -7.01849], [120.75353, -7.01862], [120.75347, -7.01874]]]]}}, {"type": "Feature", "properties": {"id": "042", "nmkec": "Bontomanai", "kdkec": "042"}, "geometry": {"type": "Polygon", "coordinates": [[[120.48416, -6.09402], [120.48408, -6.09274], [120.48169, -6.09241], [120.48077, -6.09349], [120.47995, -6.09341], [120.47771, -6.09341], [120.47662, -6.09289], [120.47522, -6.09261], [120.47347, -6.09283], [120.47312, -6.09068], [120.47017, -6.09126], [120.46645, -6.09198], [120.46578, -6.09066], [120.46549, -6.08949], [120.46488, -6.0888], [120.46328, -6.08765], [120.46165, -6.08662], [120.46086, -6.08581], [120.45993, -6.08454], [120.45927, -6.08339], [120.45866, -6.08254], [120.45807, -6.08161], [120.45728, -6.0804], [120.45679, -6.0791], [120.45602, -6.07797], [120.4554, -6.07738], [120.4547, -6.07628], [120.45431, -6.07482], [120.45402, -6.07389], [120.45369, -6.07267], [120.45326, -6.0717], [120.45289, -6.07049], [120.45254, -6.0693], [120.45215, -6.06784], [120.45189, -6.06664], [120.45157, -6.06511], [120.45105, -6.06215], [120.4505, -6.0601], [120.45228, -6.05605], [120.45294, -6.0479], [120.4526, -6.0469], [120.45206, -6.04592], [120.45117, -6.04483], [120.45012, -6.0437], [120.44958, -6.04248], [120.449, -6.04075], [120.44878, -6.03978], [120.44847, -6.03836], [120.44838, -6.03693], [120.44835, -6.03506], [120.44839, -6.03401], [120.44867, -6.03243], [120.44889, -6.03065], [120.44904, -6.02902], [120.44909, -6.02793], [120.44908, -6.02667], [120.44915, -6.02592], [120.44948, -6.02443], [120.44984, -6.02286], [120.45033, -6.02152], [120.45065, -6.02054], [120.45091, -6.01965], [120.45132, -6.01906], [120.45175, -6.01723], [120.45212, -6.01647], [120.45206, -6.01586], [120.4523, -6.015], [120.45244, -6.0141], [120.45256, -6.01249], [120.45282, -6.01105], [120.45608, -6.01295], [120.45978, -6.01155], [120.46226, -6.01154], [120.46289, -6.01036], [120.46801, -6.01057], [120.48317, -6.01258], [120.49805, -6.01326], [120.50724, -6.0122], [120.51016, -6.01116], [120.51963, -6.00816], [120.53554, -5.99836], [120.54729, -5.98754], [120.55208, -5.97731], [120.55284, -5.97873], [120.5528, -5.9799], [120.55192, -5.98024], [120.55194, -5.98065], [120.55257, -5.98139], [120.55319, -5.98133], [120.55386, -5.98187], [120.55422, -5.98258], [120.55443, -5.98352], [120.55442, -5.98481], [120.55449, -5.98534], [120.55494, -5.98579], [120.55537, -5.98733], [120.55638, -5.9884], [120.55719, -5.98943], [120.55737, -5.9901], [120.55804, -5.99108], [120.55875, -5.9924], [120.55873, -5.99338], [120.55839, -5.99412], [120.55831, -5.99471], [120.55873, -5.99504], [120.55868, -5.9962], [120.55869, -5.997], [120.55892, -5.99772], [120.55881, -5.99872], [120.55872, -5.99971], [120.55895, -6.00036], [120.55909, -6.00147], [120.55936, -6.00229], [120.5596, -6.00329], [120.55965, -6.00433], [120.55997, -6.0057], [120.55985, -6.00684], [120.56027, -6.0074], [120.56064, -6.00795], [120.56082, -6.00883], [120.56073, -6.00969], [120.56112, -6.01024], [120.5614, -6.01147], [120.56114, -6.0123], [120.56089, -6.01276], [120.56141, -6.01316], [120.56182, -6.01396], [120.56213, -6.01473], [120.56229, -6.01645], [120.56286, -6.01775], [120.56317, -6.01884], [120.56332, -6.01949], [120.56414, -6.02158], [120.56407, -6.02241], [120.56402, -6.02343], [120.56367, -6.02414], [120.56398, -6.02442], [120.56439, -6.025], [120.56472, -6.02596], [120.56455, -6.02705], [120.5647, -6.02757], [120.5649, -6.02835], [120.56494, -6.02878], [120.56508, -6.02946], [120.56512, -6.03], [120.56518, -6.03076], [120.56537, -6.03145], [120.56579, -6.03255], [120.56617, -6.0343], [120.56615, -6.03546], [120.56631, -6.03716], [120.56672, -6.03939], [120.56695, -6.04111], [120.56708, -6.0477], [120.56606, -6.0489], [120.56597, -6.04995], [120.56694, -6.05087], [120.5672, -6.05118], [120.56766, -6.05185], [120.56773, -6.05257], [120.5683, -6.0534], [120.56833, -6.05479], [120.56793, -6.05683], [120.56725, -6.05819], [120.56621, -6.05909], [120.56608, -6.05929], [120.56608, -6.06016], [120.56559, -6.06078], [120.56505, -6.06196], [120.56471, -6.06232], [120.56417, -6.06282], [120.56352, -6.06311], [120.56277, -6.06352], [120.56225, -6.0644], [120.56275, -6.06483], [120.56266, -6.06605], [120.56181, -6.06627], [120.56155, -6.0658], [120.56094, -6.06537], [120.55994, -6.06485], [120.55897, -6.06477], [120.55924, -6.06387], [120.55832, -6.06354], [120.55781, -6.06414], [120.55627, -6.06358], [120.55525, -6.06397], [120.55589, -6.06525], [120.55592, -6.06609], [120.55685, -6.06724], [120.557, -6.06915], [120.55712, -6.071], [120.55638, -6.07158], [120.55575, -6.07261], [120.55503, -6.07324], [120.55609, -6.07411], [120.55656, -6.07556], [120.55607, -6.07527], [120.55497, -6.07532], [120.55424, -6.07522], [120.55357, -6.07555], [120.55268, -6.07514], [120.55185, -6.07478], [120.55182, -6.07576], [120.55194, -6.0761], [120.55181, -6.07672], [120.55268, -6.07684], [120.55316, -6.0768], [120.55408, -6.07724], [120.55513, -6.07789], [120.55512, -6.0784], [120.55562, -6.07855], [120.55648, -6.07889], [120.55726, -6.08038], [120.55749, -6.08125], [120.55746, -6.08281], [120.55747, -6.08379], [120.55718, -6.08439], [120.55678, -6.08459], [120.55686, -6.08541], [120.55702, -6.08665], [120.55703, -6.08775], [120.55677, -6.08843], [120.55661, -6.08937], [120.5562, -6.08996], [120.55543, -6.08982], [120.55481, -6.08974], [120.5546, -6.08929], [120.55431, -6.08888], [120.55399, -6.08861], [120.55318, -6.08929], [120.55323, -6.09075], [120.55443, -6.09162], [120.55417, -6.09231], [120.55461, -6.09336], [120.55508, -6.09327], [120.55571, -6.09447], [120.55582, -6.09531], [120.55579, -6.09605], [120.55583, -6.09692], [120.55571, -6.09757], [120.55546, -6.09883], [120.55504, -6.09976], [120.55506, -6.10126], [120.55487, -6.10313], [120.55463, -6.10472], [120.55425, -6.10555], [120.55404, -6.10665], [120.55377, -6.10726], [120.55317, -6.10783], [120.55278, -6.10838], [120.55221, -6.10779], [120.55133, -6.10707], [120.55029, -6.10708], [120.54958, -6.10648], [120.54914, -6.10632], [120.54839, -6.10638], [120.5478, -6.10612], [120.54663, -6.1066], [120.54594, -6.10658], [120.54542, -6.10676], [120.54504, -6.10736], [120.54462, -6.10818], [120.54433, -6.1088], [120.54463, -6.10998], [120.54478, -6.11051], [120.54446, -6.11154], [120.54517, -6.11265], [120.54546, -6.11327], [120.54605, -6.11432], [120.54661, -6.11499], [120.54734, -6.11529], [120.54777, -6.11581], [120.54826, -6.11683], [120.54867, -6.11673], [120.55034, -6.11844], [120.55096, -6.11993], [120.55116, -6.12051], [120.55146, -6.1213], [120.55118, -6.12236], [120.55081, -6.12302], [120.55033, -6.12339], [120.54975, -6.1231], [120.54855, -6.12334], [120.54656, -6.12358], [120.5446, -6.12325], [120.54407, -6.12303], [120.54364, -6.12297], [120.54293, -6.12302], [120.54189, -6.12342], [120.54143, -6.12307], [120.54097, -6.12291], [120.54061, -6.12292], [120.54004, -6.12355], [120.53976, -6.12402], [120.53997, -6.12436], [120.54027, -6.12441], [120.54076, -6.12481], [120.54122, -6.12528], [120.54135, -6.12587], [120.54168, -6.12626], [120.54242, -6.12604], [120.54341, -6.12665], [120.5448, -6.12677], [120.54567, -6.12737], [120.54625, -6.12777], [120.54676, -6.12819], [120.54721, -6.12843], [120.54784, -6.12844], [120.54844, -6.1289], [120.54859, -6.12934], [120.54872, -6.13017], [120.54914, -6.13104], [120.54906, -6.13169], [120.54888, -6.13227], [120.54855, -6.13274], [120.54832, -6.1334], [120.54835, -6.13398], [120.54844, -6.13454], [120.54833, -6.1358], [120.5475, -6.13676], [120.54685, -6.13755], [120.54659, -6.13902], [120.54659, -6.13961], [120.54664, -6.14024], [120.54639, -6.14128], [120.54609, -6.14234], [120.5459, -6.14314], [120.54607, -6.14364], [120.54608, -6.14382], [120.54591, -6.14425], [120.54601, -6.14484], [120.5457, -6.14536], [120.54561, -6.14642], [120.54545, -6.14697], [120.54475, -6.14773], [120.5441, -6.14849], [120.54356, -6.14838], [120.54298, -6.14894], [120.54242, -6.15038], [120.54169, -6.15207], [120.54227, -6.15356], [120.54278, -6.15453], [120.54281, -6.15504], [120.54269, -6.15537], [120.54201, -6.15559], [120.54178, -6.15547], [120.54145, -6.15533], [120.54012, -6.1562], [120.53551, -6.15059], [120.54067, -6.14026], [120.53648, -6.13417], [120.52813, -6.12886], [120.52559, -6.12392], [120.52644, -6.11933], [120.51396, -6.10692], [120.50831, -6.09953], [120.50662, -6.09608], [120.50469, -6.0958], [120.50336, -6.09459], [120.50068, -6.09477], [120.49605, -6.09611], [120.49278, -6.09623], [120.49171, -6.09553], [120.49235, -6.09425], [120.49059, -6.09478], [120.4895, -6.09335], [120.49027, -6.09271], [120.48772, -6.09351], [120.48679, -6.09285], [120.48483, -6.09383], [120.48416, -6.09402]]]}}]}